customer_id,age,gender,country,annual_income,credit_score,number_of_cards,card_id,card_brand,card_type,has_chip,credit_limit,card_usage_method,merchant_id,merchant_city,merchant_state,postal_code,merchant_category_code,transaction_id,transaction_timestamp,amount,currency,transaction_error
cus_VImNxwtB5EeEJR,43,Male,Sweden,33737,347,2,pm_1UIAoaIIYr8v36zpxvEGzaYI,visa,credit,True,21804,Swipe,merchant_500288,Rotterdam,South Holland,27179,5311,pi_3UIAoaIIYr8v36zp1izXNwdl,1790010940,278451,usd,
cus_VImNFJzfcJco8k,77,Male,Spain,114291,507,4,pm_1UIAocIIYr8v36zpRevy6aOl,visa,credit,True,83356,Chip,merchant_822367,Rome,Lazio,34089,5812,pi_3UIAocIIYr8v36zp1Jr3cWtq,1790010942,366504,usd,
cus_VImN3V6wKzb60L,75,Male,Italy,160479,613,1,pm_1UIAodIIYr8v36zpsPWSQUGv,visa,credit,True,88292,Chip,merchant_893737,Seattle,Washington,52278,5411,pi_3UIAoeIIYr8v36zp15H3R4ep,1790010944,150102,eur,
cus_VImNgqSeFNzy62,63,Male,Switzerland,128106,723,2,pm_1UIAofIIYr8v36zpXTpywgqh,visa,credit,False,96353,Online,merchant_237044,Lisbon,Lisbon,31689,4111,pi_3UIAofIIYr8v36zp07hoegFH,1790010945,195769,usd,
cus_VImNNarFsfTV40,34,Female,Belgium,114628,300,3,pm_1UIAogIIYr8v36zpslBc4dpc,visa,credit,False,57346,Chip,merchant_449120,Dublin,Leinster,97216,4111,pi_3UIAohIIYr8v36zp0eJ22XW1,1790010947,365696,usd,
cus_VImNoYg9rVoS0b,24,Female,Switzerland,84731,823,3,pm_1UIAoiIIYr8v36zp3vG8oGXD,visa,credit,False,81162,Online,merchant_802205,Rotterdam,South Holland,53212,5999,pi_3UIAoiIIYr8v36zp1VYT13u3,1790010948,447254,usd,
cus_VImNKv9Rf8xaY5,49,Male,Luxembourg,158053,608,2,pm_1UIAokIIYr8v36zpaf4EJAlD,visa,credit,True,38424,Swipe,merchant_368775,Chicago,Illinois,94740,5311,pi_3UIAokIIYr8v36zp0T0dt3cz,1790010950,274377,usd,
cus_VImNGH47U0AsaV,53,Female,United States,188503,636,4,pm_1UIAolIIYr8v36zp95uz3c2I,visa,credit,True,36949,Online,merchant_159257,Marseille,Provence-Alpes-Côte d'Azur,49828,5999,pi_3UIAolIIYr8v36zp0l417JYv,1790010951,438487,usd,
cus_VImNvuKtSpRRV7,18,Male,Norway,129251,372,4,pm_1UIAonIIYr8v36zpIGuQHygH,visa,credit,True,63731,Online,merchant_432361,Los Angeles,California,92433,4111,pi_3UIAonIIYr8v36zp1igXRz6H,1790010953,261739,eur,
cus_VImNhQEHeJAtb7,58,Male,Germany,105937,427,5,pm_1UIAooIIYr8v36zpRpRa4XYl,visa,credit,True,61259,Online,merchant_675714,Hamburg,Hamburg,12101,5912,pi_3UIAopIIYr8v36zp0NZrOP8N,1790010955,1308,usd,
cus_VImNfGSdVqgP8x,38,Male,United States,157717,462,3,pm_1UIAoqIIYr8v36zp7FFmGPJu,visa,credit,True,23764,Contactless,merchant_238061,Milan,Lombardy,65832,5912,pi_3UIAoqIIYr8v36zp0AlK1NGD,1790010957,107613,usd,
cus_VImNBRs8ePxmKL,18,Female,Czech Republic,87222,797,1,pm_1UIAosIIYr8v36zpC5AG9GcF,visa,credit,True,35346,Chip,merchant_915032,Warsaw,Masovian,70835,5541,pi_3UIAosIIYr8v36zp0g0bQCQe,1790010958,323972,eur,
cus_VImNZdoyMtGmW9,54,Female,Italy,36908,308,2,pm_1UIAotIIYr8v36zpW7qhIKwP,visa,credit,True,97897,Chip,merchant_234902,Porto,Porto,86817,5732,pi_3UIAouIIYr8v36zp1nGwT8iQ,1790010960,207021,usd,
cus_VImNasHWpBS81H,37,Female,Germany,195737,685,5,pm_1UIAovIIYr8v36zpHAQBP2Mr,visa,credit,True,96495,Online,merchant_570389,Barcelona,Catalonia,83626,5411,pi_3UIAowIIYr8v36zp0JUwzbqI,1790010962,43301,usd,
cus_VImNQ9Hc6KpDKs,25,Male,Sweden,93774,375,4,pm_1UIAoxIIYr8v36zp9A6C6OGQ,visa,credit,True,89001,Online,merchant_948231,Seattle,Washington,48840,5411,pi_3UIAoyIIYr8v36zp19XOWzhI,1790010964,216464,eur,
cus_VImNcE6F3wJBCc,51,Male,Belgium,52632,528,1,pm_1UIAozIIYr8v36zpgLihF5Nt,visa,credit,True,30655,Chip,merchant_198858,Amsterdam,North Holland,79328,5541,pi_3UIAozIIYr8v36zp0Kp6VyhH,1790010965,130813,eur,
cus_VImNttKMlZSFJH,45,Male,Portugal,95815,343,3,pm_1UIAp0IIYr8v36zpovfX9oe9,visa,credit,True,96529,Online,merchant_713563,Geneva,Geneva,30481,5999,pi_3UIAp1IIYr8v36zp0N3Yzk26,1790010967,195836,eur,
cus_VImNJoPsqu5Xno,19,Male,Italy,141848,357,3,pm_1UIAp2IIYr8v36zpLdlDmiWC,visa,credit,True,24053,Online,merchant_707307,Marseille,Provence-Alpes-Côte d'Azur,67654,5311,pi_3UIAp2IIYr8v36zp197gdo9Z,1790010968,180296,usd,
cus_VImNrz96PGa4NP,37,Female,Switzerland,153115,609,5,pm_1UIAp3IIYr8v36zpaY1vfyUN,visa,credit,True,42408,Online,merchant_387937,Zurich,Zurich,73246,5732,pi_3UIAp4IIYr8v36zp0ZFVRR57,1790010970,132465,eur,
cus_VImNdJChDJafEX,36,Female,Czech Republic,115873,579,4,pm_1UIAp5IIYr8v36zphpeZwvwd,visa,credit,False,3973,Chip,merchant_152451,Vienna,Vienna,82855,5732,pi_3UIAp6IIYr8v36zp0aA6fHFy,1790010972,271520,eur,
cus_VImNUp7BLEKYMa,65,Female,Belgium,106881,341,5,pm_1UIAp7IIYr8v36zpyu8zMlV7,visa,credit,False,57138,Contactless,merchant_752710,Munich,Bavaria,43607,5912,pi_3UIAp7IIYr8v36zp0EMB7hY1,1790010973,44006,eur,
cus_VImN58wrAR8y7Q,39,Female,Spain,71373,560,1,pm_1UIAp9IIYr8v36zp7l7nkLey,visa,credit,False,70913,Chip,merchant_287212,Oslo,Oslo,14903,5732,pi_3UIAp9IIYr8v36zp0jaWy1mA,1790010975,16051,usd,
cus_VImNu4pWm96hEp,73,Male,Italy,28554,505,4,pm_1UIApAIIYr8v36zp06GpqBqv,visa,credit,False,83169,Swipe,merchant_542151,Naples,Campania,25788,5311,pi_3UIApBIIYr8v36zp1ga53f1n,1790010977,91638,usd,
cus_VImNCF6xQieHmg,21,Female,Austria,111015,382,1,pm_1UIApCIIYr8v36zp7S8vU7ae,visa,credit,True,66401,Swipe,merchant_997774,Prague,Prague,91630,5541,pi_3UIApDIIYr8v36zp0KfXzz4K,1790010979,68004,usd,
cus_VImN5OSFWWrkQ7,66,Female,France,27966,414,3,pm_1UIApEIIYr8v36zpq6Xp0XgV,visa,credit,False,83292,Online,merchant_436860,Barcelona,Catalonia,36184,5812,pi_3UIApEIIYr8v36zp1cOhG9Ij,1790010980,497452,usd,
cus_VImOXoAINa9pYT,80,Male,Sweden,69653,441,1,pm_1UIApGIIYr8v36zpldUT9a64,visa,credit,False,14106,Chip,merchant_226131,Prague,Prague,17058,5541,pi_3UIApGIIYr8v36zp0RLT7YXV,1790010982,32220,eur,
cus_VImOClMMx5bDIs,31,Female,Switzerland,117555,323,3,pm_1UIApIIIYr8v36zpSp78AgUE,visa,credit,True,14370,Swipe,merchant_375160,Rome,Lazio,52027,4111,pi_3UIApIIIYr8v36zp0NWYClmG,1790010984,3640,usd,
cus_VImOURjFc5cYAi,44,Female,Italy,195746,836,1,pm_1UIApJIIYr8v36zpuz6byEEp,visa,credit,False,95407,Contactless,merchant_514569,Stockholm,Stockholm,32044,5812,pi_3UIApKIIYr8v36zp0Vj2UZXk,1790010986,9032,usd,
cus_VImOgolWGefQGu,77,Male,Switzerland,79459,814,2,pm_1UIApLIIYr8v36zpgJZaDWwx,visa,credit,False,41010,Swipe,merchant_468456,New York,New York,60432,5311,pi_3UIApLIIYr8v36zp1O9WlJJW,1790010987,16712,usd,
cus_VImOdiyx3IJZ51,19,Female,Switzerland,38382,406,5,pm_1UIApNIIYr8v36zp2XlWMjT7,visa,credit,True,97315,Online,merchant_953945,Copenhagen,Capital Region,75826,5411,pi_3UIApNIIYr8v36zp0k6vHMk1,1790010989,67367,usd,
cus_VImOBlK3HmUfSx,52,Male,Spain,61763,485,1,pm_1UIApOIIYr8v36zpgF07IDra,visa,credit,False,74873,Swipe,merchant_674792,Seattle,Washington,39411,5999,pi_3UIApPIIYr8v36zp1NQcA5A4,1790010991,480177,eur,
cus_VImOHP0LA4ZvYh,65,Male,Norway,124037,589,1,pm_1UIApQIIYr8v36zppdDP6TjM,visa,credit,True,96655,Online,merchant_116744,Berlin,Berlin,95167,5411,pi_3UIApQIIYr8v36zp0UoGVxht,1790010992,486135,eur,
cus_VImOqnILXKcZOE,77,Male,Norway,84227,432,1,pm_1UIApSIIYr8v36zpIPV6Enf4,visa,credit,True,31672,Chip,merchant_554143,New York,New York,97133,5311,pi_3UIApSIIYr8v36zp1JbQiS0I,1790010994,45494,eur,
cus_VImOkcNzks3OB5,43,Male,Switzerland,83740,773,4,pm_1UIApTIIYr8v36zpTu1cQCbn,visa,credit,True,68345,Contactless,merchant_204172,Seattle,Washington,92959,5732,pi_3UIApUIIYr8v36zp0do4aQLT,1790010996,374993,usd,
cus_VImOWAqVXop1Kk,60,Female,United States,95854,503,5,pm_1UIApVIIYr8v36zpha2ygrpl,visa,credit,False,82561,Contactless,merchant_166428,Boston,Massachusetts,31054,5732,pi_3UIApVIIYr8v36zp0jwBEpUx,1790010997,343685,usd,
cus_VImOUGQ7VFlwLC,57,Male,Germany,82514,649,2,pm_1UIApWIIYr8v36zpVcL4kQuy,visa,credit,True,51126,Chip,merchant_533263,Zurich,Zurich,49498,5541,pi_3UIApXIIYr8v36zp1S4K1rsu,1790010999,18608,usd,
cus_VImOBp8FXfC6I6,42,Female,Denmark,171620,804,1,pm_1UIApYIIYr8v36zpmrsm3PBR,visa,credit,True,44088,Online,merchant_678911,Dublin,Leinster,83598,5732,pi_3UIApYIIYr8v36zp0tfefXP7,1790011000,298034,usd,
cus_VImOu9oQPFQoDK,46,Female,France,171424,390,1,pm_1UIApaIIYr8v36zpEJJd98RE,visa,credit,True,84293,Contactless,merchant_825023,Geneva,Geneva,71749,5411,pi_3UIApaIIYr8v36zp12GGtfGh,1790011002,185760,usd,
cus_VImOvg9YzQfiPR,62,Male,Austria,69134,636,2,pm_1UIApbIIYr8v36zp7fcRvmU0,visa,credit,True,82558,Chip,merchant_101235,Stockholm,Stockholm,46640,5999,pi_3UIApbIIYr8v36zp056V6XPr,1790011004,325983,usd,
cus_VImOcpV5ew5Rw9,45,Male,Luxembourg,69446,846,3,pm_1UIApdIIYr8v36zp5YPvPH4N,visa,credit,True,70790,Chip,merchant_946601,Houston,Texas,54340,5812,pi_3UIApdIIYr8v36zp0yYtbcEZ,1790011005,406370,usd,
cus_VImODJhx3sAho6,62,Male,Luxembourg,74638,692,3,pm_1UIApeIIYr8v36zp12xweckb,visa,credit,False,13634,Online,merchant_313561,Helsinki,Uusimaa,38370,4111,pi_3UIApfIIYr8v36zp176Menln,1790011007,189265,usd,
cus_VImOH3xRsCjBtv,78,Male,Portugal,33211,566,4,pm_1UIApgIIYr8v36zpBB8KrlZs,visa,credit,True,5144,Swipe,merchant_121767,Amsterdam,North Holland,92929,5732,pi_3UIApgIIYr8v36zp17UxqdHz,1790011009,244471,usd,
cus_VImO8zcR0nqC0x,19,Female,Czech Republic,29673,687,5,pm_1UIApiIIYr8v36zpBGFz3sza,visa,credit,True,3654,Swipe,merchant_693811,Stockholm,Stockholm,43898,5411,pi_3UIApiIIYr8v36zp1Z6Wkosk,1790011010,40382,usd,
cus_VImOhD4cJBwp2R,30,Female,Czech Republic,158388,766,2,pm_1UIApkIIYr8v36zpOtdRM5nx,visa,credit,True,81047,Swipe,merchant_760576,Marseille,Provence-Alpes-Côte d'Azur,21407,5732,pi_3UIApkIIYr8v36zp1NZbDBV0,1790011012,144043,eur,
cus_VImOWCrYdzmuaC,41,Female,France,177655,661,4,pm_1UIAplIIYr8v36zpySu8oAa5,visa,credit,True,71282,Chip,merchant_476767,Stockholm,Stockholm,67378,4111,pi_3UIAplIIYr8v36zp1jUBignT,1790011013,406474,usd,
cus_VImOci0d0J8E9J,26,Male,Luxembourg,138211,687,4,pm_1UIApnIIYr8v36zpPeZZ2yCa,visa,credit,False,34332,Contactless,merchant_521346,Oslo,Oslo,49043,5411,pi_3UIApnIIYr8v36zp1ZcraXCx,1790011015,381861,eur,
cus_VImOb9yl5c5grt,18,Male,Austria,173561,488,4,pm_1UIApoIIYr8v36zpgFWYZpMh,visa,credit,True,30871,Swipe,merchant_123509,Milan,Lombardy,29171,5311,pi_3UIAppIIYr8v36zp1v1nvbeW,1790011017,451905,usd,
cus_VImONsX8w3xRwT,76,Female,Poland,93016,467,1,pm_1UIApqIIYr8v36zpapZ3LJEx,visa,credit,False,74356,Online,merchant_533956,Berlin,Berlin,87713,5812,pi_3UIApqIIYr8v36zp18flu06I,1790011018,316258,eur,
cus_VImOSy14kwEVzN,54,Female,Norway,154696,633,3,pm_1UIAprIIYr8v36zpkqo1dXCp,visa,credit,False,79438,Chip,merchant_805160,Milan,Lombardy,26964,5999,pi_3UIApsIIYr8v36zp0OLM2OVB,1790011020,422536,eur,
cus_VImOEtwKHNUqdm,59,Female,Netherlands,158786,683,5,pm_1UIAptIIYr8v36zpZbCTtXyc,visa,credit,True,84851,Swipe,merchant_205371,Marseille,Provence-Alpes-Côte d'Azur,95113,5541,pi_3UIAptIIYr8v36zp0uI4kCCJ,1790011021,36501,eur,
cus_VImOPMhy1BPg0F,51,Female,Portugal,193102,415,1,pm_1UIApvIIYr8v36zpRQRLKZwc,visa,credit,True,54153,Chip,merchant_259221,Berlin,Berlin,14576,4111,pi_3UIApvIIYr8v36zp1MrF9eJV,1790011023,126751,eur,
cus_VImO0MgY37NRlQ,33,Female,United States,106205,424,3,pm_1UIApwIIYr8v36zpowYgnFpa,visa,credit,False,74664,Online,merchant_599222,Marseille,Provence-Alpes-Côte d'Azur,46213,5411,pi_3UIApxIIYr8v36zp0uW2pTIZ,1790011025,55429,usd,
cus_VImOayE33nHoo9,33,Male,Belgium,47280,432,4,pm_1UIApyIIYr8v36zpO2Vx45DR,visa,credit,True,20977,Swipe,merchant_512416,Stockholm,Stockholm,30568,5912,pi_3UIApyIIYr8v36zp0kicOxOd,1790011026,331021,usd,
cus_VImOlmaNNYcGdb,53,Female,Germany,61786,457,5,pm_1UIAq0IIYr8v36zpICGh5lIk,visa,credit,True,73336,Chip,merchant_952735,Helsinki,Uusimaa,21177,5912,pi_3UIAq0IIYr8v36zp1Cp6Zhsp,1790011028,450233,usd,
cus_VImObWIiD4upOe,76,Male,Luxembourg,197650,740,3,pm_1UIAq1IIYr8v36zppmNMZoQA,visa,credit,True,91849,Swipe,merchant_972286,Lyon,Auvergne-Rhône-Alpes,95298,5541,pi_3UIAq1IIYr8v36zp0uiDDMdo,1790011030,397039,eur,
cus_VImOpqaiqTeODp,69,Female,Italy,52069,710,5,pm_1UIAq3IIYr8v36zpa1jNKpEU,visa,credit,False,84165,Chip,merchant_704610,Miami,Florida,91052,5812,pi_3UIAq3IIYr8v36zp0CbfN2ON,1790011031,430839,usd,
cus_VImON8shjV7Dib,63,Female,United States,55732,668,2,pm_1UIAq4IIYr8v36zpvxPeebKZ,visa,credit,False,32733,Swipe,merchant_764750,Marseille,Provence-Alpes-Côte d'Azur,92141,5732,pi_3UIAq5IIYr8v36zp0NgvtC91,1790011033,226620,usd,
cus_VImOjcDwKeBzvV,51,Female,Belgium,59123,470,3,pm_1UIAq6IIYr8v36zpzRZSjAeD,visa,credit,True,94487,Online,merchant_468741,Munich,Bavaria,17582,5812,pi_3UIAq6IIYr8v36zp0EewZk5x,1790011034,459068,eur,
cus_VImOIJA6SuYOTe,80,Female,Italy,155991,549,3,pm_1UIAq8IIYr8v36zpYYC3kAIz,visa,credit,True,11760,Chip,merchant_501379,Lyon,Auvergne-Rhône-Alpes,98769,5999,pi_3UIAq8IIYr8v36zp0WwbiEzM,1790011036,379909,usd,
cus_VImO1ePQ2jNP50,72,Male,Finland,188874,490,5,pm_1UIAq9IIYr8v36zpvIToOG9X,visa,credit,False,91987,Chip,merchant_943446,Rome,Lazio,93846,5812,pi_3UIAqAIIYr8v36zp1AM886nL,1790011038,250369,eur,
cus_VImODFKY1XFYFK,42,Male,Czech Republic,145671,419,1,pm_1UIAqBIIYr8v36zppDZqqY9s,visa,credit,False,49357,Contactless,merchant_913679,New York,New York,18184,4111,pi_3UIAqBIIYr8v36zp0X9l3VYz,1790011039,331830,eur,
cus_VImPJfxge5OUmB,42,Male,Ireland,85909,310,2,pm_1UIAqCIIYr8v36zprB13ssLS,visa,credit,False,34421,Swipe,merchant_204716,Dublin,Leinster,19764,5411,pi_3UIAqDIIYr8v36zp1KiKr9tX,1790011041,73361,eur,
cus_VImP9emhPzL9k2,80,Female,Austria,47377,425,2,pm_1UIAqEIIYr8v36zpGhGPOyW1,visa,credit,False,61768,Online,merchant_679527,Valencia,Valencian Community,63037,5999,pi_3UIAqFIIYr8v36zp0q5OcwB1,1790011043,235306,usd,
cus_VImPQg5WIm5Fee,72,Female,Netherlands,137475,606,1,pm_1UIAqGIIYr8v36zprFAkrefY,visa,credit,True,16969,Chip,merchant_953235,Naples,Campania,56263,5999,pi_3UIAqGIIYr8v36zp0YNZRe8z,1790011044,498728,eur,
cus_VImPYodmmYZnpO,52,Male,Ireland,177819,372,5,pm_1UIAqIIIYr8v36zpMn5j9daF,visa,credit,False,84282,Contactless,merchant_227329,New York,New York,95264,5411,pi_3UIAqIIIYr8v36zp05LuBMuj,1790011046,245625,usd,
cus_VImP8w8LKiW7yI,77,Male,Italy,174387,824,3,pm_1UIAqJIIYr8v36zpYhtKvd1K,visa,credit,False,87325,Swipe,merchant_331686,Valencia,Valencian Community,17559,5912,pi_3UIAqKIIYr8v36zp0O5IwZ34,1790011048,200036,usd,
cus_VImPNvcoDG7NyS,31,Female,Germany,20158,304,2,pm_1UIAqLIIYr8v36zpk3podj4C,visa,credit,True,49416,Online,merchant_172424,New York,New York,88811,5912,pi_3UIAqLIIYr8v36zp1TLUxJ5Z,1790011049,440043,eur,
cus_VImPxo3gpNEGtY,43,Female,Luxembourg,22493,713,1,pm_1UIAqNIIYr8v36zpr7dDwWOU,visa,credit,False,55344,Swipe,merchant_673925,Hamburg,Hamburg,37092,5912,pi_3UIAqNIIYr8v36zp1nYmRF5Z,1790011051,249892,usd,
cus_VImPLdXru6Obcy,38,Male,Sweden,41648,610,1,pm_1UIAqOIIYr8v36zpiF6SE7Wp,visa,credit,False,59654,Online,merchant_319944,Prague,Prague,51552,5912,pi_3UIAqPIIYr8v36zp1Rpx1XrA,1790011053,107155,eur,
cus_VImPxqZUhGr6pW,49,Male,Belgium,28461,784,5,pm_1UIAqQIIYr8v36zpBmhOthQH,visa,credit,False,42695,Chip,merchant_580617,Houston,Texas,77438,5999,pi_3UIAqQIIYr8v36zp0T47GlsV,1790011054,383441,usd,
cus_VImP1dBeeqami2,68,Female,Norway,81597,695,5,pm_1UIAqRIIYr8v36zpxI67eygk,visa,credit,True,56676,Contactless,merchant_433211,Houston,Texas,49743,5311,pi_3UIAqSIIYr8v36zp1w3PasZE,1790011056,320270,eur,
cus_VImPUvbFUZjYvC,42,Male,Poland,126043,838,2,pm_1UIAqTIIYr8v36zpLXjjvT3G,visa,credit,True,81631,Contactless,merchant_227456,Geneva,Geneva,97297,5812,pi_3UIAqTIIYr8v36zp0QdC71mP,1790011057,491856,usd,
cus_VImP2mV3xLBt1N,26,Male,Finland,42477,723,4,pm_1UIAqUIIYr8v36zp3Za6KBCE,visa,credit,True,76567,Online,merchant_400746,Lyon,Auvergne-Rhône-Alpes,71920,5999,pi_3UIAqVIIYr8v36zp0AMSrxUI,1790011059,488766,eur,
cus_VImPyz1ct2AsDl,42,Male,Luxembourg,83705,383,4,pm_1UIAqWIIYr8v36zpu5fTaBGr,visa,credit,False,91652,Contactless,merchant_417035,Marseille,Provence-Alpes-Côte d'Azur,15999,4111,pi_3UIAqWIIYr8v36zp1ax8DGjR,1790011060,410649,usd,
cus_VImPxZDVuakbkm,69,Female,Belgium,128037,406,4,pm_1UIAqXIIYr8v36zpI5a2Hvzs,visa,credit,False,25337,Online,merchant_305975,Hamburg,Hamburg,80583,5732,pi_3UIAqYIIYr8v36zp16kPo6IQ,1790011062,327013,eur,
cus_VImPG8QoTEExSd,35,Female,Portugal,63795,620,4,pm_1UIAqZIIYr8v36zplGnLpz4d,visa,credit,False,22024,Swipe,merchant_594718,Zurich,Zurich,25801,4111,pi_3UIAqZIIYr8v36zp0iDvn0XB,1790011063,152445,usd,
cus_VImP5dJsEAAYEL,76,Female,Austria,111135,713,4,pm_1UIAqbIIYr8v36zpCPkHUWiz,visa,credit,False,60211,Chip,merchant_649786,Lyon,Auvergne-Rhône-Alpes,15173,5912,pi_3UIAqbIIYr8v36zp0oNDzKRi,1790011065,49401,usd,
cus_VImPx1cYCAcCvp,53,Male,Denmark,66533,695,1,pm_1UIAqcIIYr8v36zpCqIoxxtJ,visa,credit,True,90249,Swipe,merchant_370420,Barcelona,Catalonia,53752,4111,pi_3UIAqdIIYr8v36zp1JQBnkV4,1790011067,403373,usd,
cus_VImPYbaXzRSZGw,53,Female,Switzerland,107045,384,5,pm_1UIAqeIIYr8v36zpp9yVyF5c,visa,credit,False,4981,Swipe,merchant_389633,Amsterdam,North Holland,61914,5411,pi_3UIAqfIIYr8v36zp1dP3fbb6,1790011069,233012,eur,
cus_VImP5eqJxmHwUA,71,Male,Netherlands,98652,315,5,pm_1UIAqgIIYr8v36zpHOI7s3ns,visa,credit,False,29893,Contactless,merchant_618240,Brussels,Brussels,36696,5812,pi_3UIAqgIIYr8v36zp1GpBUSVI,1790011070,354320,eur,
cus_VImP07AFDTNIAL,69,Female,Ireland,105008,787,3,pm_1UIAqhIIYr8v36zpSGbYhTTr,visa,credit,False,38144,Swipe,merchant_442824,Porto,Porto,19069,5411,pi_3UIAqiIIYr8v36zp0EmwTTZ4,1790011072,126716,eur,
cus_VImPWn6qcUVilj,62,Female,Czech Republic,149498,837,5,pm_1UIAqjIIYr8v36zpGanlO0zE,visa,credit,False,42322,Chip,merchant_597649,Amsterdam,North Holland,57322,5999,pi_3UIAqkIIYr8v36zp0nNj5mBp,1790011074,267899,eur,
cus_VImPKS1AImPdyo,33,Female,Ireland,43278,359,4,pm_1UIAqlIIYr8v36zpXWUkVlIy,visa,credit,True,15432,Online,merchant_824604,Prague,Prague,78934,5541,pi_3UIAqlIIYr8v36zp0wbkaIlK,1790011075,67363,usd,
cus_VImPrKpQxMJ6F9,31,Male,Czech Republic,20778,607,5,pm_1UIAqnIIYr8v36zppgoduM9D,visa,credit,False,59430,Chip,merchant_833984,Seattle,Washington,32962,5411,pi_3UIAqnIIYr8v36zp0v6bV2xl,1790011077,24508,eur,
cus_VImPifU1ljAe3p,77,Male,Denmark,142909,404,1,pm_1UIAqoIIYr8v36zpdCrp8a59,visa,credit,True,51870,Chip,merchant_160415,Houston,Texas,21680,4111,pi_3UIAqpIIYr8v36zp0EFUq533,1790011079,364534,usd,
cus_VImPG3aFp2EhbS,76,Male,Germany,135388,825,3,pm_1UIAqqIIYr8v36zp8z2oojF0,visa,credit,True,23523,Swipe,merchant_995349,Naples,Campania,75837,5541,pi_3UIAqqIIYr8v36zp0aiG74iR,1790011080,440233,eur,
cus_VImP5OEe5DswCh,68,Female,Finland,45172,640,2,pm_1UIAqrIIYr8v36zpB2R3v4pq,visa,credit,True,15550,Chip,merchant_576665,Boston,Massachusetts,58437,5912,pi_3UIAqsIIYr8v36zp1olIPCSH,1790011082,353785,eur,
cus_VImP4uEpDZ4sbw,74,Female,Luxembourg,161412,828,3,pm_1UIAqtIIYr8v36zp6I4dKyHX,visa,credit,False,98803,Online,merchant_197096,Helsinki,Uusimaa,74058,4111,pi_3UIAquIIYr8v36zp0Mru6Fcw,1790011084,472158,usd,
cus_VImPg7dOKG4DU5,39,Male,Belgium,160997,670,4,pm_1UIAqvIIYr8v36zpejfPMntx,visa,credit,False,33043,Chip,merchant_267878,Paris,Île-de-France,53185,5812,pi_3UIAqvIIYr8v36zp1VyS2NdK,1790011085,97315,eur,
cus_VImP6jV55PeKfM,64,Female,Finland,122517,586,2,pm_1UIAqxIIYr8v36zpRTC1OP3P,visa,credit,False,9111,Swipe,merchant_541395,Rotterdam,South Holland,99978,5912,pi_3UIAqxIIYr8v36zp1W1EWi8P,1790011087,494334,usd,
cus_VImPhXcaVBGjWi,55,Female,Belgium,107514,437,4,pm_1UIAqyIIYr8v36zpXfwDE4aq,visa,credit,False,77509,Swipe,merchant_732063,Geneva,Geneva,50234,5411,pi_3UIAqzIIYr8v36zp1zsFigkc,1790011089,275161,usd,
cus_VImPQOMKTIPnu1,42,Female,Belgium,136755,834,3,pm_1UIAr0IIYr8v36zpqTpQeRzf,visa,credit,False,73600,Online,merchant_565293,Brussels,Brussels,82265,5999,pi_3UIAr0IIYr8v36zp1Xcnq5EU,1790011090,459588,usd,
cus_VImPpdCyEYl5zv,46,Male,Portugal,52456,563,1,pm_1UIAr1IIYr8v36zp2M3nVOgt,visa,credit,False,63122,Swipe,merchant_630550,Lyon,Auvergne-Rhône-Alpes,60893,5812,pi_3UIAr2IIYr8v36zp1mysetlO,1790011092,176130,usd,
cus_VImP0o2eEbdRD4,78,Male,Italy,159964,489,2,pm_1UIAr3IIYr8v36zp2rBr7dKt,visa,credit,True,15681,Online,merchant_711458,Madrid,Community of Madrid,50454,5912,pi_3UIAr3IIYr8v36zp1KMhJQ5D,1790011093,123467,eur,
cus_VImPg5uJGW5wIT,43,Female,Luxembourg,32335,802,2,pm_1UIAr4IIYr8v36zpMwIb6WsW,visa,credit,True,51067,Chip,merchant_868374,Los Angeles,California,13659,5411,pi_3UIAr5IIYr8v36zp165ngzTc,1790011095,290222,usd,
cus_VImPFvwQblk2u6,58,Male,United States,21298,580,2,pm_1UIAr6IIYr8v36zpWOY7uYWn,visa,credit,True,38081,Swipe,merchant_802490,Lyon,Auvergne-Rhône-Alpes,33342,5999,pi_3UIAr7IIYr8v36zp0ITP9gQ7,1790011097,2712,eur,
cus_VImPEpkgA3yCjA,65,Female,Germany,76468,838,3,pm_1UIAr8IIYr8v36zpZYsGoaQw,visa,credit,False,87858,Swipe,merchant_131020,Boston,Massachusetts,16146,5411,pi_3UIAr8IIYr8v36zp110id2iH,1790011098,136228,eur,
cus_VImPCz1MJIQ2kZ,26,Female,Portugal,124628,522,3,pm_1UIAr9IIYr8v36zpSAAWn7Gg,visa,credit,False,42241,Online,merchant_629187,Copenhagen,Capital Region,11931,5732,pi_3UIAr9IIYr8v36zp1egyiStr,1790011099,346124,usd,
cus_VImQOXELoUEsxz,35,Male,Finland,135554,633,2,pm_1UIArBIIYr8v36zptL05Awhk,visa,credit,False,79150,Chip,merchant_379791,Miami,Florida,76705,5912,pi_3UIArBIIYr8v36zp0wVrZihT,1790011101,234503,usd,
cus_VImQU3qjqhe2Mi,79,Male,Netherlands,145397,758,3,pm_1UIArCIIYr8v36zpLTVgESIJ,visa,credit,False,57372,Online,merchant_730052,Berlin,Berlin,24214,5912,pi_3UIArDIIYr8v36zp1NxUvYtf,1790011103,477223,usd,
cus_VImQ4Fx6Vks42e,24,Female,Belgium,25103,402,2,pm_1UIArEIIYr8v36zp4URD9i2f,visa,credit,False,65949,Contactless,merchant_407521,Milan,Lombardy,36088,5812,pi_3UIArEIIYr8v36zp1fxWcior,1790011105,407173,usd,
cus_VImQEc6APCOmLW,42,Male,Luxembourg,190357,663,5,pm_1UIArGIIYr8v36zpUDpZ9wxH,visa,credit,True,73796,Swipe,merchant_877085,Houston,Texas,84305,4111,pi_3UIArGIIYr8v36zp03IKQQhy,1790011106,140943,usd,
cus_VImQg0R2ayHwim,47,Male,Switzerland,184487,503,3,pm_1UIArHIIYr8v36zpIE3Bortx,visa,credit,True,23509,Contactless,merchant_407301,Houston,Texas,22707,4111,pi_3UIArIIIYr8v36zp1i1F4zvW,1790011108,371243,usd,
cus_VImQvdMGNMnXDM,75,Male,Netherlands,64385,477,2,pm_1UIArJIIYr8v36zpakFPluFr,visa,credit,False,97306,Chip,merchant_859699,Amsterdam,North Holland,90368,5311,pi_3UIArKIIYr8v36zp0FJU2TIF,1790011110,406196,eur,
cus_VImQuavzURLgvD,27,Female,Switzerland,193601,611,1,pm_1UIArLIIYr8v36zpZgVVbXxW,visa,credit,True,97272,Online,merchant_108340,Houston,Texas,96508,5541,pi_3UIArLIIYr8v36zp1vHDaGPu,1790011111,133337,eur,
cus_VImQXiKdaZX2ds,28,Female,Austria,80783,694,1,pm_1UIArNIIYr8v36zpbPEeNvrb,visa,credit,True,41251,Online,merchant_903913,Lyon,Auvergne-Rhône-Alpes,51091,5732,pi_3UIArNIIYr8v36zp1Tc9oj5y,1790011113,185669,eur,
cus_VImQvP4tI27923,51,Male,Switzerland,184196,444,3,pm_1UIArOIIYr8v36zphDF8gvLe,visa,credit,False,2995,Chip,merchant_950183,Vienna,Vienna,68665,5912,pi_3UIArPIIYr8v36zp1rgYb3vw,1790011115,187478,usd,
cus_VImQHc621ucsJ0,43,Female,Luxembourg,92505,427,4,pm_1UIArQIIYr8v36zpq1pz6glk,visa,credit,False,53861,Chip,merchant_371220,Dublin,Leinster,56895,5912,pi_3UIArQIIYr8v36zp0cVgEY36,1790011116,413904,usd,
cus_VImQiyJ2MR0lg4,45,Female,Portugal,130743,481,5,pm_1UIArSIIYr8v36zpnZykVAzw,visa,credit,True,27272,Online,merchant_925204,Copenhagen,Capital Region,45710,5311,pi_3UIArSIIYr8v36zp1cdm2MsD,1790011118,57938,eur,
cus_VImQX5g4iMWXns,26,Female,Switzerland,67466,454,3,pm_1UIArTIIYr8v36zpb1R0aZiB,visa,credit,False,32669,Online,merchant_744527,Madrid,Community of Madrid,90245,5912,pi_3UIArUIIYr8v36zp0ywvyLZd,1790011120,484197,usd,
cus_VImQynthOQZcsp,48,Male,Germany,65234,559,2,pm_1UIArVIIYr8v36zpaUNSTNoD,visa,credit,False,1772,Swipe,merchant_265475,Madrid,Community of Madrid,25148,4111,pi_3UIArVIIYr8v36zp1BD4jhOd,1790011121,408312,eur,
cus_VImQqfovLFM9oF,23,Female,Poland,179971,441,1,pm_1UIArWIIYr8v36zpMgdCdUuR,visa,credit,False,9129,Contactless,merchant_396566,Geneva,Geneva,87627,5411,pi_3UIArXIIYr8v36zp1MGe36cv,1790011123,398245,eur,
cus_VImQWqGcB9O3lN,62,Female,Norway,30703,529,4,pm_1UIArYIIYr8v36zpe4e9f69L,visa,credit,False,53201,Online,merchant_106376,Prague,Prague,50208,5999,pi_3UIArYIIYr8v36zp0bLKVvxr,1790011124,329128,eur,
cus_VImQy6wSF9eJSK,22,Male,Switzerland,84652,645,2,pm_1UIAraIIYr8v36zpENpAyYfI,visa,credit,True,1926,Chip,merchant_995902,Seattle,Washington,92693,4111,pi_3UIAraIIYr8v36zp0CXlgbV8,1790011126,47643,usd,
cus_VImQTpRvsad1Kc,56,Male,Switzerland,171406,805,2,pm_1UIArbIIYr8v36zpw9Dix1ks,visa,credit,True,41940,Chip,merchant_293252,Valencia,Valencian Community,97597,5732,pi_3UIArcIIYr8v36zp0bjgtK3L,1790011128,50499,eur,
cus_VImQrWyIrh2AxG,29,Female,Finland,43189,802,1,pm_1UIArdIIYr8v36zpCLtOH7BW,visa,credit,False,42471,Chip,merchant_789737,Milan,Lombardy,32523,5311,pi_3UIArdIIYr8v36zp1dXqrP8P,1790011129,256446,eur,
cus_VImQ5pZZWLbjh9,77,Male,Portugal,146758,310,4,pm_1UIAreIIYr8v36zpXUq6fTDu,visa,credit,True,90077,Online,merchant_762920,Valencia,Valencian Community,90816,5812,pi_3UIArfIIYr8v36zp1s6quk1l,1790011131,313794,eur,
cus_VImQD9Idn0KzdY,18,Female,Ireland,39775,391,1,pm_1UIArgIIYr8v36zpyF8blaTZ,visa,credit,False,66237,Swipe,merchant_608265,Naples,Campania,99933,5912,pi_3UIArhIIYr8v36zp0HW0TPus,1790011133,356946,usd,
cus_VImQD8bYlIauIE,69,Female,United States,191146,635,5,pm_1UIAriIIYr8v36zpuXvwOWax,visa,credit,True,53387,Swipe,merchant_731735,Boston,Massachusetts,52640,5912,pi_3UIAriIIYr8v36zp0gHeEmbY,1790011134,182595,eur,
cus_VImQe2R10QpnkA,57,Male,Spain,79438,589,3,pm_1UIArjIIYr8v36zp6SCsaECm,visa,credit,True,51896,Chip,merchant_450713,Prague,Prague,50561,4111,pi_3UIArkIIYr8v36zp0wbwVLML,1790011136,291908,usd,
cus_VImQ2YsyMWbhOA,67,Male,Spain,74446,737,3,pm_1UIArlIIYr8v36zp4Hkwfxld,visa,credit,True,22286,Contactless,merchant_147135,Munich,Bavaria,92243,5411,pi_3UIArlIIYr8v36zp0tSmq5H5,1790011137,35840,usd,
cus_VImQSgtzBLEJ5h,55,Female,Portugal,31862,799,1,pm_1UIArnIIYr8v36zpVnNhi1nM,visa,credit,True,25056,Chip,merchant_616872,Berlin,Berlin,83237,5999,pi_3UIArnIIYr8v36zp1uAZjvWY,1790011139,497878,eur,
cus_VImQOkJhaainRU,69,Male,Sweden,169032,720,5,pm_1UIAroIIYr8v36zppUAUK4P6,visa,credit,True,5864,Swipe,merchant_325114,Berlin,Berlin,76796,5812,pi_3UIAsqIIYr8v36zp0Z2HGGWG,1790011204,186769,usd,
cus_VImRKw33qYLpOs,20,Male,Denmark,196576,786,3,pm_1UIAsrIIYr8v36zpcwbIUEal,visa,credit,True,66925,Contactless,merchant_367110,Dublin,Leinster,48999,5411,pi_3UIAsrIIYr8v36zp19guXUGf,1790011205,385875,usd,
cus_VImRpw5IbkHP2h,42,Female,Denmark,103957,740,4,pm_1UIAssIIYr8v36zpWaA2qJEh,visa,credit,False,91466,Chip,merchant_814338,Stockholm,Stockholm,89996,5912,pi_3UIAstIIYr8v36zp1OQO5FFr,1790011207,29114,usd,
cus_VImRQHkjLXmqOa,44,Female,Sweden,23007,579,4,pm_1UIAsuIIYr8v36zpcFOUZ7Xy,visa,credit,True,36811,Contactless,merchant_370783,Barcelona,Catalonia,40322,5311,pi_3UIAsuIIYr8v36zp0VcDEYgf,1790011208,89908,eur,
cus_VImRY9y45emhcW,42,Female,France,136094,429,3,pm_1UIAsvIIYr8v36zpWxJpNI30,visa,credit,True,27872,Contactless,merchant_292426,Barcelona,Catalonia,55768,5311,pi_3UIAswIIYr8v36zp02eRidCt,1790011210,191935,usd,
cus_VImRhOramkT44J,80,Male,Portugal,87725,733,4,pm_1UIAsxIIYr8v36zp1hcZK9OW,visa,credit,True,73936,Swipe,merchant_552889,Chicago,Illinois,81915,5541,pi_3UIAsxIIYr8v36zp1vaySQ0X,1790011211,390125,eur,
cus_VImRpd60mQYTBS,23,Female,Portugal,38536,486,1,pm_1UIAszIIYr8v36zpzUrXLCEG,visa,credit,False,49929,Chip,merchant_775391,Madrid,Community of Madrid,49418,5999,pi_3UIAszIIYr8v36zp08eWGNit,1790011213,76413,eur,
cus_VImRoZCrAYmEFQ,53,Female,Austria,31206,395,2,pm_1UIAt0IIYr8v36zptTmSgONl,visa,credit,True,19496,Chip,merchant_578731,Miami,Florida,80865,5541,pi_3UIAt1IIYr8v36zp0mJyUDfZ,1790011215,298335,eur,
cus_VImRu75XCm1T74,22,Male,Italy,176524,669,1,pm_1UIAt2IIYr8v36zpvJAtRo7z,visa,credit,False,15190,Chip,merchant_311096,Copenhagen,Capital Region,70007,5411,pi_3UIAt2IIYr8v36zp0l7zzKfV,1790011216,102383,usd,
cus_VImRqLKXNuRdKX,74,Female,Portugal,36437,446,4,pm_1UIAt3IIYr8v36zpZM9zPM1A,visa,credit,False,19337,Contactless,merchant_121046,Milan,Lombardy,98365,5311,pi_3UIAt4IIYr8v36zp01LWjCBZ,1790011218,38459,eur,
cus_VImRLdzLJsnpR2,60,Male,Austria,140372,328,1,pm_1UIAt5IIYr8v36zpi7yoDeIJ,visa,credit,False,21101,Contactless,merchant_327072,Valencia,Valencian Community,81417,5999,pi_3UIAt6IIYr8v36zp0bmAus9q,1790011220,441605,eur,
cus_VImSzUbGD2I1f2,76,Female,Belgium,138240,648,5,pm_1UIAt7IIYr8v36zpqMeUcjff,visa,credit,False,20239,Swipe,merchant_800353,Dublin,Leinster,72007,5311,pi_3UIAt7IIYr8v36zp0A4vsVhn,1790011221,288034,usd,
cus_VImSJ5XnvKOXHE,67,Male,Ireland,34638,325,2,pm_1UIAt8IIYr8v36zpCV4bsJ86,visa,credit,True,23341,Contactless,merchant_611703,New York,New York,88184,5411,pi_3UIAt9IIYr8v36zp0vJNRimq,1790011223,328148,eur,
cus_VImSB5N8CcUjJN,76,Male,Luxembourg,58130,361,2,pm_1UIAtAIIYr8v36zpCM28uKBz,visa,credit,True,85691,Chip,merchant_303130,Zurich,Zurich,50544,4111,pi_3UIAtAIIYr8v36zp1jwwtWpa,1790011224,213121,eur,
cus_VImSYSFYnf0fPc,70,Male,Netherlands,56407,425,4,pm_1UIAtBIIYr8v36zpkFtjsiGi,visa,credit,True,9411,Contactless,merchant_265323,Warsaw,Masovian,82793,5541,pi_3UIAtCIIYr8v36zp1Qn3fery,1790011226,4837,usd,
cus_VImSWjFdszHMOC,56,Female,Italy,136341,703,3,pm_1UIAtDIIYr8v36zpcDsVGehJ,visa,credit,False,6103,Online,merchant_964827,Rotterdam,South Holland,40419,5541,pi_3UIAtDIIYr8v36zp1W7NJ2lE,1790011227,262955,eur,
cus_VImS2TbJ4woQ7I,59,Male,Belgium,86380,742,4,pm_1UIAtFIIYr8v36zp2ULvajA7,visa,credit,True,5905,Contactless,merchant_769400,Madrid,Community of Madrid,46652,5732,pi_3UIAtFIIYr8v36zp0vbxEEGz,1790011229,279641,eur,
cus_VImS4BJUllT68h,46,Female,Finland,98337,716,5,pm_1UIAtGIIYr8v36zpEaJRbR5H,visa,credit,False,29550,Online,merchant_374897,Porto,Porto,54043,4111,pi_3UIAtHIIYr8v36zp0Q9oUsrr,1790011231,21460,usd,
cus_VImST3QgDiVUY8,70,Female,Czech Republic,150276,724,2,pm_1UIAtIIIYr8v36zpDTvMmE8w,visa,credit,True,56060,Swipe,merchant_261374,Vienna,Vienna,36792,5311,pi_3UIAtJIIYr8v36zp01KIPLmP,1790011233,397167,eur,
cus_VImSMcwfy0as9K,58,Male,Norway,93653,346,3,pm_1UIAtKIIYr8v36zpTO7YcjiS,visa,credit,False,85006,Contactless,merchant_833517,Hamburg,Hamburg,99006,5411,pi_3UIAtKIIYr8v36zp0gIGsZic,1790011234,408474,usd,
cus_VImS2LAvsRE4Ny,38,Male,Germany,92887,629,4,pm_1UIAtMIIYr8v36zpnTMS2CNS,visa,credit,True,91895,Swipe,merchant_332722,Rotterdam,South Holland,79167,5732,pi_3UIAtMIIYr8v36zp0LQD2Nl3,1790011236,252853,eur,
cus_VImSuuG4UX2c1o,43,Female,Spain,27437,727,5,pm_1UIAtNIIYr8v36zpT7O9sgg8,visa,credit,True,58134,Contactless,merchant_445314,Miami,Florida,24553,5812,pi_3UIAtOIIYr8v36zp1Qs3FlC9,1790011238,65415,usd,
cus_VImS1BbQjLaLWZ,35,Female,Portugal,176112,542,4,pm_1UIAtPIIYr8v36zpY6nfTqyr,visa,credit,False,9123,Swipe,merchant_892571,Houston,Texas,58753,5411,pi_3UIAtPIIYr8v36zp0lvNeLRr,1790011239,26605,eur,
cus_VImSsjzpKpYkEq,66,Male,Portugal,140260,810,3,pm_1UIAtRIIYr8v36zpHvAhpyPG,visa,credit,True,27290,Online,merchant_624552,Valencia,Valencian Community,20290,5411,pi_3UIAtRIIYr8v36zp1R9T4PN4,1790011241,338135,eur,
cus_VImSGwuh18NssA,38,Female,Sweden,62491,349,5,pm_1UIAtSIIYr8v36zpNiH8Zteo,visa,credit,True,51143,Chip,merchant_652929,Brussels,Brussels,45307,5912,pi_3UIAtSIIYr8v36zp02mq4Iqo,1790011242,352019,usd,
cus_VImSReJTkt7AY5,60,Female,Norway,32841,650,2,pm_1UIAtUIIYr8v36zpdkaJtErm,visa,credit,False,10678,Chip,merchant_606085,Boston,Massachusetts,11783,5311,pi_3UIAtUIIYr8v36zp0spR984m,1790011244,289992,eur,
cus_VImSs81kc5DjaI,44,Male,Portugal,148217,699,1,pm_1UIAtVIIYr8v36zpRKIi6hRT,visa,credit,False,77511,Online,merchant_642669,Amsterdam,North Holland,67285,5541,pi_3UIAtWIIYr8v36zp1ZfdS9CW,1790011246,213490,usd,
cus_VImSfmWchFPWMO,54,Male,Finland,25075,585,3,pm_1UIAtXIIYr8v36zpSBxo3PW6,visa,credit,False,71252,Chip,merchant_305232,Barcelona,Catalonia,82216,5812,pi_3UIAtXIIYr8v36zp0Aa894cl,1790011247,282333,usd,
cus_VImSWeBBOUblad,71,Female,Switzerland,37395,814,5,pm_1UIAtYIIYr8v36zp0XhYe7rs,visa,credit,True,84436,Swipe,merchant_582596,Miami,Florida,51786,5912,pi_3UIAtZIIYr8v36zp1l5wKLfn,1790011249,404851,eur,
cus_VImSp4Df3GFnXT,72,Male,Italy,24824,644,5,pm_1UIAtaIIYr8v36zpLsooJs9y,visa,credit,False,62279,Swipe,merchant_321721,Hamburg,Hamburg,29475,5541,pi_3UIAtaIIYr8v36zp0CwULnom,1790011250,386717,usd,
cus_VImSQ83TwqrHNH,33,Female,United States,66672,815,5,pm_1UIAtbIIYr8v36zpBvDq6Eyt,visa,credit,True,71425,Chip,merchant_471281,Oslo,Oslo,72359,5912,pi_3UIAtcIIYr8v36zp15i2H6Fb,1790011252,276775,usd,
cus_VImSPquVCRHbRA,36,Male,France,110828,372,1,pm_1UIAtdIIYr8v36zpLk2q2Wg0,visa,credit,False,29808,Contactless,merchant_615627,Milan,Lombardy,93373,5812,pi_3UIAtdIIYr8v36zp1R34mwAo,1790011253,279673,eur,
cus_VImStPWPU4x3bR,73,Male,Belgium,188914,720,3,pm_1UIAtfIIYr8v36zp10fK9KMy,visa,credit,True,36903,Swipe,merchant_226046,Barcelona,Catalonia,34563,5411,pi_3UIAtfIIYr8v36zp15eFuagk,1790011255,242949,usd,
cus_VImSOtcTJoga3m,41,Female,Sweden,95783,737,3,pm_1UIAtgIIYr8v36zpRhvAm6FC,visa,credit,False,73936,Swipe,merchant_789018,Rome,Lazio,98952,5411,pi_3UIAtgIIYr8v36zp0uEvcOVE,1790011256,112792,eur,
cus_VImSYmN5J5AslS,60,Male,Denmark,152872,386,3,pm_1UIAtiIIYr8v36zpGkLjVAhe,visa,credit,True,6078,Online,merchant_456330,Seattle,Washington,90108,4111,pi_3UIAtiIIYr8v36zp0VCxDtXo,1790011258,413492,usd,
cus_VImSxeQslKetMz,20,Male,Ireland,58679,519,3,pm_1UIAtjIIYr8v36zpVNJcsBbe,visa,credit,True,81910,Chip,merchant_535844,Hamburg,Hamburg,44359,5812,pi_3UIAtkIIYr8v36zp0A9l3dJ6,1790011260,81654,eur,
cus_VImSR6lEdocVWu,53,Male,Switzerland,184517,736,5,pm_1UIAtlIIYr8v36zpy8PagvJf,visa,credit,True,30609,Contactless,merchant_103233,Berlin,Berlin,96467,5311,pi_3UIAtlIIYr8v36zp0k46DzVm,1790011261,53446,eur,
cus_VImS0K6pZumyeR,62,Female,Finland,160569,667,4,pm_1UIAtnIIYr8v36zp9gdupE6V,visa,credit,True,77002,Chip,merchant_159961,Milan,Lombardy,27897,5732,pi_3UIAtnIIYr8v36zp1oA4cfff,1790011263,123604,usd,
cus_VImS9rYmCkkRW6,45,Female,Luxembourg,46879,666,1,pm_1UIAtoIIYr8v36zp65Oj3pPB,visa,credit,True,37570,Online,merchant_407700,Milan,Lombardy,47195,5999,pi_3UIAtpIIYr8v36zp1d0rY07f,1790011265,479191,eur,
cus_VImS2cZ3iCxxj8,27,Female,Switzerland,98995,600,3,pm_1UIAtqIIYr8v36zpaPZIAMvQ,visa,credit,False,19928,Chip,merchant_872566,Los Angeles,California,89151,5311,pi_3UIAtqIIYr8v36zp0fnJZ0zv,1790011266,430222,eur,
cus_VImSjkMXgg8jBt,20,Male,Switzerland,88618,339,2,pm_1UIAtrIIYr8v36zpoblKJSXJ,visa,credit,True,19805,Contactless,merchant_800106,Warsaw,Masovian,91013,4111,pi_3UIAtsIIYr8v36zp1XVPhbi3,1790011268,158230,eur,
cus_VImSWRtIlFfEed,42,Female,Germany,192238,688,5,pm_1UIAttIIYr8v36zpJWrFUk97,visa,credit,True,86070,Online,merchant_790143,Dublin,Leinster,54821,5999,pi_3UIAttIIYr8v36zp1O7IbvmR,1790011270,245563,eur,
cus_VImS4M2VM76gb6,76,Female,Denmark,58874,662,3,pm_1UIAtvIIYr8v36zpChiBtStS,visa,credit,True,98376,Online,merchant_133945,Valencia,Valencian Community,44258,4111,pi_3UIAtvIIYr8v36zp1WzYGBHL,1790011271,21313,usd,
cus_VImSmO58YW0k1F,57,Female,United States,188775,550,2,pm_1UIAtwIIYr8v36zp66pwVyes,visa,credit,True,27890,Contactless,merchant_876206,Warsaw,Masovian,24469,5541,pi_3UIAtxIIYr8v36zp1KLOg2Q1,1790011273,430935,eur,
cus_VImSdTB8jznLu9,46,Female,Italy,193858,793,1,pm_1UIAtyIIYr8v36zpnv4APcnE,visa,credit,True,15971,Swipe,merchant_563421,Lisbon,Lisbon,73779,5999,pi_3UIAtyIIYr8v36zp1DEGMPqt,1790011274,371836,usd,
cus_VImSsnc8eAQHR5,65,Female,Ireland,47771,685,2,pm_1UIAu0IIYr8v36zpZpjsEMcR,visa,credit,False,89187,Swipe,merchant_976633,Madrid,Community of Madrid,70011,5732,pi_3UIAu0IIYr8v36zp0GE7OD3L,1790011276,493671,eur,
cus_VImSuIiZK0njQr,63,Female,Italy,136709,500,2,pm_1UIAu1IIYr8v36zpxcT8sJEg,visa,credit,False,2648,Contactless,merchant_217757,Rome,Lazio,36603,5999,pi_3UIAu1IIYr8v36zp1ejWex2N,1790011278,498319,usd,
cus_VImSXkNKHsYEzH,29,Male,Norway,127904,662,5,pm_1UIAu3IIYr8v36zpTkJ6jsn8,visa,credit,False,72378,Chip,merchant_336543,Munich,Bavaria,74678,5732,pi_3UIAu3IIYr8v36zp0wXFFHoi,1790011279,31358,eur,
cus_VImT9HhoM9LNmu,68,Male,Switzerland,85651,339,1,pm_1UIAu4IIYr8v36zp37PV5K5S,visa,credit,True,24611,Contactless,merchant_235898,Copenhagen,Capital Region,75021,5311,pi_3UIAu5IIYr8v36zp0tbDbByn,1790011281,3614,eur,
cus_VImTS23qIjfZbJ,65,Female,United States,37902,399,4,pm_1UIAu6IIYr8v36zpfM0FGVyt,visa,credit,True,89322,Contactless,merchant_251378,Berlin,Berlin,59320,5411,pi_3UIAu6IIYr8v36zp1XtMjRVP,1790011282,4953,usd,
cus_VImTsXFGqRbktB,56,Male,Germany,181343,579,1,pm_1UIAu8IIYr8v36zpWfTQ6WPw,visa,credit,True,11105,Contactless,merchant_563149,Geneva,Geneva,78516,5732,pi_3UIAu8IIYr8v36zp184SIXr4,1790011284,366809,eur,
cus_VImT0MIFQpfdUW,64,Female,Germany,53133,653,1,pm_1UIAu9IIYr8v36zp4LWbsOtY,visa,credit,True,67295,Swipe,merchant_426018,Munich,Bavaria,43613,5541,pi_3UIAuAIIYr8v36zp11LUdY29,1790011286,335791,usd,
cus_VImToyWnB50ytw,57,Male,Austria,172837,634,4,pm_1UIAuBIIYr8v36zpR0iW6od0,visa,credit,True,27518,Swipe,merchant_514108,Warsaw,Masovian,60979,5912,pi_3UIAuBIIYr8v36zp1ZDmaasL,1790011287,487660,usd,
cus_VImTF8bxjxtD8C,45,Male,Switzerland,139590,569,5,pm_1UIAuDIIYr8v36zpz7SThJ1Z,visa,credit,False,69457,Contactless,merchant_896263,Miami,Florida,26165,5812,pi_3UIAuDIIYr8v36zp1BWTJDTR,1790011289,227477,eur,
cus_VImTEon07yeanm,49,Male,Norway,173110,759,4,pm_1UIAuEIIYr8v36zplyNQKk03,visa,credit,True,15347,Swipe,merchant_539697,Amsterdam,North Holland,66291,5912,pi_3UIAuEIIYr8v36zp1STVJkie,1790011291,88428,eur,
cus_VImT0bzhtr9sok,19,Female,Italy,154548,455,3,pm_1UIAuGIIYr8v36zp2hp6ai2i,visa,credit,True,96459,Online,merchant_881735,Helsinki,Uusimaa,20743,5311,pi_3UIAuGIIYr8v36zp0MYHs31W,1790011292,303029,usd,
cus_VImTv9dyn6K1Cu,57,Male,Sweden,170717,423,3,pm_1UIAuHIIYr8v36zpwglTr1By,visa,credit,True,73481,Contactless,merchant_298847,Lisbon,Lisbon,52821,5812,pi_3UIAuIIIYr8v36zp093YcNAL,1790011294,254333,usd,
cus_VImT5WCmiV9uNp,59,Male,Germany,99762,791,2,pm_1UIAuJIIYr8v36zpj1Zjfyj2,visa,credit,False,25148,Chip,merchant_428557,Vienna,Vienna,92403,4111,pi_3UIAuJIIYr8v36zp0bJXlYrh,1790011295,192530,usd,
cus_VImTPWLaiUDzh8,77,Male,Luxembourg,180335,338,2,pm_1UIAuLIIYr8v36zpgvwBh8y0,visa,credit,False,8636,Online,merchant_309150,Lisbon,Lisbon,33002,5999,pi_3UIAuLIIYr8v36zp0V3p0rTm,1790011297,363807,usd,
cus_VImTPZpgDSrPjF,67,Male,Portugal,34393,389,5,pm_1UIAuMIIYr8v36zpzvkLx1OF,visa,credit,True,70281,Chip,merchant_663145,Oslo,Oslo,54802,5311,pi_3UIAuMIIYr8v36zp0KwC7YNQ,1790011298,161137,usd,
cus_VImTQ0EvMf5QY8,68,Male,Austria,190414,814,5,pm_1UIAuNIIYr8v36zp02P7hgyU,visa,credit,True,2071,Contactless,merchant_381817,Valencia,Valencian Community,70333,5311,pi_3UIAuOIIYr8v36zp01MpZnlY,1790011300,444651,usd,
cus_VImTsth3PlT0P4,49,Female,Portugal,102940,820,4,pm_1UIAuPIIYr8v36zpQ2wFE4MN,visa,credit,True,72137,Swipe,merchant_516181,Geneva,Geneva,48536,4111,pi_3UIAuPIIYr8v36zp1NL79Fws,1790011301,17735,eur,
cus_VImTyjVFFTD5AB,30,Female,Luxembourg,60988,635,2,pm_1UIAuQIIYr8v36zp7QNkQPwn,visa,credit,False,13014,Contactless,merchant_429874,Munich,Bavaria,50216,5812,pi_3UIAuRIIYr8v36zp0Si3DxEf,1790011303,87474,eur,
cus_VImTnV2iX6I0Km,20,Male,Finland,193892,340,3,pm_1UIAuSIIYr8v36zpxlWQf1tz,visa,credit,True,43733,Chip,merchant_565292,Boston,Massachusetts,45697,5541,pi_3UIAuSIIYr8v36zp14uZeKG5,1790011304,462621,eur,
cus_VImTVprWyHcHKp,23,Female,Finland,176710,417,4,pm_1UIAuTIIYr8v36zpeEbAOMaP,visa,credit,True,77313,Contactless,merchant_630373,Dublin,Leinster,83825,5732,pi_3UIAuUIIYr8v36zp0TVm954t,1790011306,462110,eur,
cus_VImTK7kIAaTpxg,39,Female,Poland,126403,652,2,pm_1UIAuVIIYr8v36zpwGN5x5u2,visa,credit,False,33069,Chip,merchant_121362,Valencia,Valencian Community,62102,5411,pi_3UIAuVIIYr8v36zp08FPKoa4,1790011307,368978,eur,
cus_VImTnyT66llPxJ,32,Female,Finland,111034,522,1,pm_1UIAuWIIYr8v36zpwQV2rYAe,visa,credit,False,16676,Contactless,merchant_390885,Vienna,Vienna,74549,5812,pi_3UIAuXIIYr8v36zp0iGjZgZ3,1790011309,173719,usd,
cus_VImTyVuHO8LaJu,25,Male,Spain,65436,646,1,pm_1UIAuYIIYr8v36zph3GTxbDm,visa,credit,True,47389,Online,merchant_928543,Geneva,Geneva,67981,5912,pi_3UIAuYIIYr8v36zp1GNYfjal,1790011310,133509,eur,
cus_VImTgeDhVoxv2X,32,Female,Portugal,39761,636,1,pm_1UIAuZIIYr8v36zp01dV48t7,visa,credit,False,80198,Chip,merchant_215231,Munich,Bavaria,26265,5912,pi_3UIAuaIIYr8v36zp0JJKo0N2,1790011312,233595,usd,
cus_VImT27qE1E7g4r,40,Male,Norway,127123,575,3,pm_1UIAubIIYr8v36zprLvM4zHh,visa,credit,False,17306,Online,merchant_427705,Munich,Bavaria,43918,5311,pi_3UIAubIIYr8v36zp0RtUpSoF,1790011314,309929,usd,
cus_VImTUhEd2OuBcw,62,Male,Czech Republic,28861,741,1,pm_1UIAudIIYr8v36zppM89xD7N,visa,credit,False,80182,Swipe,merchant_116561,Miami,Florida,36229,5411,pi_3UIAudIIYr8v36zp0ciHWOCd,1790011315,316588,usd,
cus_VImTQPK8mqDBhv,53,Male,France,165857,647,5,pm_1UIAueIIYr8v36zpcLI5G5VE,visa,credit,True,84603,Chip,merchant_188824,Lisbon,Lisbon,85237,5812,pi_3UIAufIIYr8v36zp0LXQZxvb,1790011317,35162,eur,
cus_VImT5Sic7O80NI,68,Male,United States,94148,724,3,pm_1UIAugIIYr8v36zp4bDTWT3u,visa,credit,True,1402,Chip,merchant_494289,Boston,Massachusetts,40730,5311,pi_3UIAugIIYr8v36zp1xLrEMZN,1790011319,172403,eur,
cus_VImTv5UaNeW9Gm,42,Male,Portugal,152101,477,2,pm_1UIAuiIIYr8v36zp1qQikQcQ,visa,credit,False,21669,Swipe,merchant_987817,Los Angeles,California,18437,5311,pi_3UIAuiIIYr8v36zp0RiVjnxm,1790011320,90758,eur,
cus_VImTGEuJs1NFz1,37,Male,Germany,108024,838,5,pm_1UIAujIIYr8v36zpmOboxXRD,visa,credit,False,19374,Online,merchant_884489,Zurich,Zurich,61670,4111,pi_3UIAukIIYr8v36zp1VFMzde6,1790011322,46422,eur,
cus_VImT5OnpezozNP,29,Female,Ireland,187968,680,5,pm_1UIAulIIYr8v36zpTZNvzRNt,visa,credit,True,41113,Swipe,merchant_933848,Copenhagen,Capital Region,65354,5411,pi_3UIAulIIYr8v36zp12tZwhGx,1790011323,151358,usd,
cus_VImT8wBoCnnbNG,51,Female,Ireland,86444,604,3,pm_1UIAumIIYr8v36zpYUyYtbWc,visa,credit,True,53468,Chip,merchant_778061,Lyon,Auvergne-Rhône-Alpes,23917,5311,pi_3UIAunIIYr8v36zp1138YTe8,1790011325,210116,eur,
cus_VImTfzcMLyKhz8,35,Male,United States,126429,539,1,pm_1UIAupIIYr8v36zpsePEc7Iw,visa,credit,True,63244,Contactless,merchant_126228,Helsinki,Uusimaa,27917,5732,pi_3UIAuqIIYr8v36zp0iBL4BwB,1790011328,167190,usd,
cus_VImTw1yrhJFloA,46,Male,Denmark,51772,589,5,pm_1UIAurIIYr8v36zprXM77jqy,visa,credit,False,38317,Online,merchant_804221,Berlin,Berlin,34719,4111,pi_3UIAurIIYr8v36zp0Vu2fjYR,1790011329,339842,usd,
cus_VImTdjMPgtlTaY,63,Male,Netherlands,106395,344,3,pm_1UIAusIIYr8v36zp20VP6S5V,visa,credit,False,18726,Chip,merchant_728455,Lisbon,Lisbon,31784,4111,pi_3UIAutIIYr8v36zp0WJlMgc0,1790011331,127109,usd,
cus_VImTNlDTr4eEWe,62,Female,Luxembourg,41473,727,1,pm_1UIAuuIIYr8v36zpTZohLLEP,visa,credit,False,83390,Contactless,merchant_212655,Valencia,Valencian Community,21033,5411,pi_3UIAuuIIYr8v36zp0eX17DqR,1790011332,416613,usd,
cus_VImTi6tmDzmO9R,66,Female,Germany,58413,368,2,pm_1UIAuvIIYr8v36zp5ioV8JvU,visa,credit,False,31228,Online,merchant_541907,Rome,Lazio,18232,5411,pi_3UIAuwIIYr8v36zp0SsKGHUJ,1790011334,43643,usd,
cus_VImTRd4jJmTrbp,69,Male,France,35483,472,3,pm_1UIAv0IIYr8v36zp75dMiQfi,visa,credit,True,4411,Chip,merchant_525131,Rome,Lazio,40669,5812,pi_3UIAv0IIYr8v36zp0vJzRlDS,1790011338,270198,usd,
cus_VImTzq2ZdIM3eq,56,Male,Italy,148114,331,1,pm_1UIAv1IIYr8v36zpBIB3P1s8,visa,credit,False,1484,Contactless,merchant_225752,Lyon,Auvergne-Rhône-Alpes,11965,5541,pi_3UIAv2IIYr8v36zp160cRxEP,1790011340,381167,eur,
cus_VImUbzVs9KNlpL,79,Female,Ireland,93575,347,1,pm_1UIAv3IIYr8v36zpq6ouBXaO,visa,credit,True,7887,Swipe,merchant_527192,Vienna,Vienna,75367,4111,pi_3UIAv4IIYr8v36zp1uXTQCIu,1790011342,488187,usd,
cus_VImUekmLJ6JPYV,41,Male,Finland,185609,572,2,pm_1UIAv5IIYr8v36zpCfzWSaEZ,visa,credit,False,52567,Online,merchant_978030,Munich,Bavaria,18944,5912,pi_3UIAv5IIYr8v36zp0mLGLYR3,1790011343,69423,eur,
cus_VImUu339dvneqx,23,Female,Austria,134868,464,2,pm_1UIAv6IIYr8v36zpMLizWqPq,visa,credit,True,68113,Contactless,merchant_490448,Stockholm,Stockholm,32069,5999,pi_3UIAv7IIYr8v36zp0jcQFhKR,1790011345,210116,usd,
cus_VImUdWF7B2CfSM,42,Male,Denmark,152322,454,1,pm_1UIAv8IIYr8v36zpGMZOQpVU,visa,credit,False,25488,Swipe,merchant_465872,Vienna,Vienna,33367,5541,pi_3UIAv8IIYr8v36zp1xc8FeSD,1790011346,87566,usd,
cus_VImUPNRq9Foadk,31,Male,Netherlands,85470,432,4,pm_1UIAvAIIYr8v36zp7dq8O1cZ,visa,credit,True,22795,Online,merchant_908592,Paris,Île-de-France,44437,5732,pi_3UIAvAIIYr8v36zp0x2xpnBl,1790011348,163428,usd,
cus_VImU4crd6JKMgS,55,Male,Finland,137408,780,1,pm_1UIAvBIIYr8v36zpzNSCSMiZ,visa,credit,True,82017,Chip,merchant_108716,Los Angeles,California,45206,5912,pi_3UIAvCIIYr8v36zp0ubfDODi,1790011350,213073,eur,
cus_VImU2W3N4RkIoD,26,Female,Italy,197085,597,3,pm_1UIAvDIIYr8v36zpxQAe3ZtR,visa,credit,True,52504,Contactless,merchant_498710,Helsinki,Uusimaa,57897,5311,pi_3UIAvDIIYr8v36zp16CkUXFp,1790011351,482117,eur,
cus_VImU23yPo5d2k7,48,Female,Switzerland,76263,767,3,pm_1UIAvFIIYr8v36zpmKHLmbaJ,visa,credit,False,29162,Chip,merchant_673601,Boston,Massachusetts,60293,5812,pi_3UIAvFIIYr8v36zp0SLggDd6,1790011353,165729,eur,
cus_VImUGTAcv6upYR,25,Male,Switzerland,145769,577,3,pm_1UIAvGIIYr8v36zpwAqH5UvK,visa,credit,False,11960,Online,merchant_684269,Stockholm,Stockholm,40797,5311,pi_3UIAvGIIYr8v36zp0DPdzelC,1790011355,259306,eur,
cus_VImUEKEfGGZYwB,29,Male,Denmark,167940,831,3,pm_1UIAvIIIYr8v36zpw31uhVDq,visa,credit,False,19219,Contactless,merchant_295762,Chicago,Illinois,25704,5411,pi_3UIAvIIIYr8v36zp0g3noRIZ,1790011356,290514,usd,
cus_VImUFsKoRcclyG,55,Female,Spain,138828,676,3,pm_1UIAvKIIYr8v36zpGv3RN1BV,visa,credit,False,37749,Swipe,merchant_844419,Amsterdam,North Holland,99431,5541,pi_3UIAvKIIYr8v36zp1c74kcI9,1790011358,420010,usd,
cus_VImUt5zhhfaas2,24,Male,Austria,168472,696,4,pm_1UIAvLIIYr8v36zpPIugSqgl,visa,credit,True,57054,Online,merchant_345066,Seattle,Washington,87542,5812,pi_3UIAvMIIYr8v36zp0J4MvU4k,1790011360,255213,usd,
cus_VImUoKxEEWveI6,72,Male,Ireland,166746,825,4,pm_1UIAvNIIYr8v36zpRSy75yyj,visa,credit,False,46380,Online,merchant_550045,Oslo,Oslo,78136,5812,pi_3UIAvNIIYr8v36zp0xUXlNFg,1790011362,395471,usd,
cus_VImUHABKV90VJ7,47,Male,Netherlands,24231,543,4,pm_1UIAvPIIYr8v36zpbaXZJy8P,visa,credit,False,85231,Contactless,merchant_570924,Oslo,Oslo,59739,5732,pi_3UIAvPIIYr8v36zp1rMJ8gGl,1790011363,118780,eur,
cus_VImUJGYUnkSLgN,18,Male,Norway,137305,673,5,pm_1UIAvRIIYr8v36zpYqixvenX,visa,credit,True,13341,Chip,merchant_348851,Marseille,Provence-Alpes-Côte d'Azur,67374,5541,pi_3UIAvRIIYr8v36zp1jtYrdbu,1790011365,201561,eur,
cus_VImUHwlJuwZLFa,69,Female,Austria,30284,300,1,pm_1UIAvSIIYr8v36zprwQtW74B,visa,credit,True,40488,Contactless,merchant_269217,Stockholm,Stockholm,22325,5732,pi_3UIAvSIIYr8v36zp155gBVcJ,1790011367,392660,eur,
cus_VImU3jF5hgrchX,62,Male,Finland,92930,764,3,pm_1UIAvUIIYr8v36zp2OZVBxVt,visa,credit,False,47184,Chip,merchant_261546,Stockholm,Stockholm,12700,5732,pi_3UIAvUIIYr8v36zp0SXN0xGt,1790011368,390347,usd,
cus_VImU435qbH1cfS,68,Female,Portugal,121490,463,5,pm_1UIAvVIIYr8v36zpy3EqYYNa,visa,credit,False,88012,Contactless,merchant_372240,Dublin,Leinster,93021,5541,pi_3UIAvWIIYr8v36zp1n10Z0ai,1790011370,245634,usd,
cus_VImUYF3D7DRIqU,77,Female,Netherlands,110644,648,2,pm_1UIAvXIIYr8v36zp0WhWBNM0,visa,credit,False,66965,Contactless,merchant_147640,Stockholm,Stockholm,98429,5912,pi_3UIAvXIIYr8v36zp1a5HI8Z0,1790011371,321828,eur,
cus_VImUzoouZhJDUp,64,Male,Luxembourg,91330,807,3,pm_1UIAvYIIYr8v36zpyM9u9zIz,visa,credit,False,4131,Online,merchant_428617,Oslo,Oslo,90036,5732,pi_3UIAvZIIYr8v36zp1hBw9PZ5,1790011373,483653,eur,
cus_VImUARzAFe4xLo,66,Female,Denmark,195256,311,1,pm_1UIAvaIIYr8v36zp7eQbidWQ,visa,credit,True,11334,Online,merchant_240514,Copenhagen,Capital Region,20768,5999,pi_3UIAvaIIYr8v36zp01AhSJyQ,1790011374,156241,usd,
cus_VImUeHtLvXE6oa,64,Male,Switzerland,154172,756,1,pm_1UIAvcIIYr8v36zpB8S73k2r,visa,credit,True,14871,Contactless,merchant_823257,Geneva,Geneva,34400,5311,pi_3UIAvcIIYr8v36zp1BWde95V,1790011376,180759,eur,
cus_VImUxscBAk1h8f,34,Male,Portugal,42247,640,1,pm_1UIAvdIIYr8v36zpxpHyklTz,visa,credit,True,63458,Contactless,merchant_658132,Dublin,Leinster,86827,5812,pi_3UIAveIIYr8v36zp1Z7afGSC,1790011378,316290,eur,
cus_VImUtPUIMlQ2ZP,44,Female,Norway,45310,450,5,pm_1UIAvfIIYr8v36zpB0rrABnX,visa,credit,True,59392,Online,merchant_922990,Copenhagen,Capital Region,88876,5912,pi_3UIAvfIIYr8v36zp0L8jUwNk,1790011379,210090,eur,
cus_VImUgvXteSwGaH,60,Female,Poland,198933,428,2,pm_1UIAvgIIYr8v36zpYujeYYli,visa,credit,True,27075,Swipe,merchant_138761,Copenhagen,Capital Region,78602,4111,pi_3UIAvhIIYr8v36zp0k0MoqW8,1790011381,378244,usd,
cus_VImUxQCZ0hGNAE,75,Male,Finland,57545,457,4,pm_1UIAviIIYr8v36zpD4vIMJV6,visa,credit,False,34097,Contactless,merchant_189416,Lisbon,Lisbon,55481,4111,pi_3UIAviIIYr8v36zp0bbOFaYi,1790011382,453190,usd,
cus_VImU9TqwSIhK4J,18,Female,Austria,66301,614,5,pm_1UIAvkIIYr8v36zpGXwLccHA,visa,credit,False,75363,Swipe,merchant_345711,Oslo,Oslo,16625,5912,pi_3UIAvkIIYr8v36zp0xrikPvd,1790011384,201103,eur,
cus_VImUTzZJrMSNof,33,Female,Finland,103698,690,5,pm_1UIAvlIIYr8v36zp8AKBRI1Z,visa,credit,False,41549,Swipe,merchant_546660,Zurich,Zurich,38701,5541,pi_3UIAvmIIYr8v36zp0MBojqRp,1790011386,422526,usd,
cus_VImUc2YDRWZRzU,76,Male,Germany,21486,635,1,pm_1UIAvnIIYr8v36zpp47F24ub,visa,credit,True,77826,Online,merchant_353251,Helsinki,Uusimaa,32394,5812,pi_3UIAvoIIYr8v36zp03xDWOlY,1790011388,465192,usd,
cus_VImUkOl3Tw8Pge,43,Male,Finland,198168,683,1,pm_1UIAvpIIYr8v36zpJIZO4gBw,visa,credit,False,59368,Swipe,merchant_111329,Stockholm,Stockholm,87434,5812,pi_3UIAvpIIYr8v36zp0VbsuqlC,1790011389,424375,eur,
cus_VImUwPS0nKy6AM,33,Female,Norway,99263,639,2,pm_1UIAvrIIYr8v36zpZLcqGs4Q,visa,credit,True,94254,Chip,merchant_508455,Miami,Florida,32450,5541,pi_3UIAvrIIYr8v36zp11SLMcFE,1790011391,44901,eur,
cus_VImUdkWrrCBFwY,58,Male,Luxembourg,82719,396,5,pm_1UIAvsIIYr8v36zp4kZh3ni2,visa,credit,True,38162,Chip,merchant_349499,Porto,Porto,91104,5812,pi_3UIAvtIIYr8v36zp1PfYYHrf,1790011393,86082,eur,
cus_VImUFai9ZeCOhz,70,Male,Poland,110680,408,3,pm_1UIAvuIIYr8v36zp2b2eMqjy,visa,credit,True,49977,Swipe,merchant_973022,Miami,Florida,61593,5912,pi_3UIAvuIIYr8v36zp0kiNyYJ1,1790011394,57891,eur,
cus_VImUcoJdwhXYwV,64,Female,Sweden,171043,815,4,pm_1UIAvwIIYr8v36zp6uLflHtQ,visa,credit,False,81272,Chip,merchant_618780,Munich,Bavaria,75187,5912,pi_3UIAvwIIYr8v36zp19xmi4Ef,1790011396,224306,usd,
cus_VImUa6UxXWAO0b,18,Male,Poland,169239,794,3,pm_1UIAvxIIYr8v36zp1teUd16v,visa,credit,False,85743,Swipe,merchant_276747,Chicago,Illinois,56624,5732,pi_3UIAvyIIYr8v36zp1FJuRC7v,1790011398,89919,eur,
cus_VImUREWwLhUxIL,65,Female,Denmark,45516,714,5,pm_1UIAvzIIYr8v36zpIN4V6KyK,visa,credit,True,30738,Swipe,merchant_926250,Berlin,Berlin,81484,5812,pi_3UIAvzIIYr8v36zp0Di3NpzV,1790011400,468977,eur,
cus_VImVHkn7vmvocl,25,Female,Portugal,132255,605,2,pm_1UIAw1IIYr8v36zpF9FLV1Lk,visa,credit,True,39597,Swipe,merchant_276728,Boston,Massachusetts,28594,5812,pi_3UIAw1IIYr8v36zp0husnCrt,1790011401,244568,eur,
cus_VImVYTE0dQXWMU,61,Female,Switzerland,87356,617,2,pm_1UIAw2IIYr8v36zpOU9NjvRP,visa,credit,True,74061,Online,merchant_348200,Hamburg,Hamburg,52609,5732,pi_3UIAw3IIYr8v36zp16CdLhtg,1790011403,143890,usd,
cus_VImVzCQeWHysrS,25,Male,Finland,55914,575,2,pm_1UIAw4IIYr8v36zp5gT8vs47,visa,credit,True,3602,Online,merchant_928218,Lyon,Auvergne-Rhône-Alpes,36600,5541,pi_3UIAw4IIYr8v36zp0xOMCwHr,1790011404,390430,usd,
cus_VImVbxMbz3U2qE,79,Male,Italy,53093,773,5,pm_1UIAw5IIYr8v36zpjawSHdxf,visa,credit,False,52650,Swipe,merchant_210100,Hamburg,Hamburg,96488,5311,pi_3UIAw6IIYr8v36zp1wmzjYxq,1790011406,10638,eur,
cus_VImV9bDKpLKe1G,18,Female,France,129247,638,2,pm_1UIAw7IIYr8v36zp7LXwFhhv,visa,credit,True,17713,Online,merchant_812159,Prague,Prague,16679,5541,pi_3UIAw7IIYr8v36zp0FHawtIv,1790011408,388573,eur,
cus_VImVHiMTJz2mdZ,65,Female,Spain,159419,745,4,pm_1UIAw9IIYr8v36zpOdtoziy3,visa,credit,True,80544,Contactless,merchant_648723,Helsinki,Uusimaa,29621,5999,pi_3UIAw9IIYr8v36zp1sxHecg2,1790011409,492720,eur,
cus_VImVE5AIRylcz1,59,Female,Switzerland,191768,436,2,pm_1UIAwAIIYr8v36zpMcj2y0qN,visa,credit,True,16106,Chip,merchant_757380,Chicago,Illinois,78079,5732,pi_3UIAwBIIYr8v36zp0EQcEZXU,1790011411,428909,usd,
cus_VImVnLpoBMRIFt,46,Female,Germany,83600,708,5,pm_1UIAwCIIYr8v36zpa6or5Kwc,visa,credit,True,98622,Contactless,merchant_676001,Helsinki,Uusimaa,32209,4111,pi_3UIAwCIIYr8v36zp0LZxI7Vq,1790011413,170315,eur,
cus_VImVDAYlgdV9Ya,34,Female,Austria,62215,677,3,pm_1UIAwEIIYr8v36zpGkqt9hV2,visa,credit,False,28724,Online,merchant_533078,Marseille,Provence-Alpes-Côte d'Azur,60031,5999,pi_3UIAwEIIYr8v36zp1vQBYDyv,1790011414,384663,usd,
cus_VImVwoNNY0JUGD,30,Female,Germany,199682,664,1,pm_1UIAwFIIYr8v36zpjQOZBAxH,visa,credit,True,77763,Online,merchant_647800,Zurich,Zurich,42571,5311,pi_3UIAwFIIYr8v36zp1vDcErpb,1790011415,423764,eur,
cus_VImVKiSLkBqTey,55,Male,Netherlands,32909,580,2,pm_1UIAwGIIYr8v36zp6o6cXpnT,visa,credit,True,31201,Contactless,merchant_835123,Valencia,Valencian Community,31809,5541,pi_3UIAwHIIYr8v36zp1BxwC3z5,1790011417,347804,eur,
cus_VImVjwOQmQ3mzu,45,Male,France,103988,429,1,pm_1UIAwIIIYr8v36zpKeQaahY5,visa,credit,False,36721,Online,merchant_116560,Boston,Massachusetts,43460,5541,pi_3UIAwJIIYr8v36zp0FOf0Aq7,1790011419,304613,usd,
cus_VImVihj88fbqnk,63,Male,Belgium,110788,620,4,pm_1UIAwKIIYr8v36zp1fhz9LVJ,visa,credit,True,15158,Swipe,merchant_995503,Amsterdam,North Holland,77044,5999,pi_3UIAwKIIYr8v36zp0eLNMF6Y,1790011420,192646,usd,
cus_VImVuHqmIZb1LN,78,Male,Ireland,70390,506,3,pm_1UIAwMIIYr8v36zpM2pVtP6B,visa,credit,True,21416,Swipe,merchant_826493,Madrid,Community of Madrid,31514,5732,pi_3UIAwMIIYr8v36zp05yeU05n,1790011422,440807,usd,
cus_VImVv18RIn7vJ7,44,Male,Luxembourg,109564,351,3,pm_1UIAwNIIYr8v36zpQRWbhe7g,visa,credit,True,54771,Chip,merchant_563021,Hamburg,Hamburg,58203,4111,pi_3UIAwNIIYr8v36zp0nxxmxtz,1790011423,233190,usd,
cus_VImV777b7mIcJn,58,Male,Norway,72492,391,2,pm_1UIAwPIIYr8v36zpvwjBu6O5,visa,credit,False,10157,Online,merchant_574873,Munich,Bavaria,45681,5732,pi_3UIAwPIIYr8v36zp0vDrOTxr,1790011425,138330,usd,
cus_VImVcguxdkQHzJ,54,Male,Czech Republic,154017,536,1,pm_1UIAwQIIYr8v36zpGuq7Q5eT,visa,credit,False,58162,Swipe,merchant_826549,Milan,Lombardy,20627,5311,pi_3UIAwRIIYr8v36zp0WdDUbdn,1790011427,52749,eur,
cus_VImVUcesniavOo,30,Female,Ireland,96731,356,4,pm_1UIAwSIIYr8v36zpqhzYgRCO,visa,credit,False,46593,Online,merchant_336215,Naples,Campania,13808,4111,pi_3UIAwSIIYr8v36zp14XlXAvx,1790011428,120953,usd,
cus_VImVbiWdEGi1Fh,63,Male,Austria,25139,654,1,pm_1UIAwTIIYr8v36zpJAAJ5Tex,visa,credit,False,34453,Swipe,merchant_542882,Warsaw,Masovian,23813,5311,pi_3UIAwUIIYr8v36zp0eyW2yhd,1790011430,480418,eur,
cus_VImVvHZkJHcqu5,33,Male,Sweden,28457,790,5,pm_1UIAwVIIYr8v36zpPFQArl6G,visa,credit,False,55305,Contactless,merchant_249933,Zurich,Zurich,87073,5411,pi_3UIAwVIIYr8v36zp1NgOVs0j,1790011431,437910,usd,
cus_VImV1jGtf5RY6X,72,Female,Finland,58964,765,4,pm_1UIAwWIIYr8v36zpOulI85hH,visa,credit,False,20430,Contactless,merchant_522264,Barcelona,Catalonia,35973,4111,pi_3UIAwXIIYr8v36zp1xRqfvym,1790011433,361136,eur,
cus_VImVwiDgbSmvG1,50,Male,Sweden,31448,428,2,pm_1UIAwYIIYr8v36zpkRv3Cq04,visa,credit,True,23107,Chip,merchant_413538,Lyon,Auvergne-Rhône-Alpes,70029,5999,pi_3UIAwYIIYr8v36zp1ejWYTK6,1790011434,491175,usd,
cus_VImV9LNv7wSckX,63,Male,France,59946,643,2,pm_1UIAwaIIYr8v36zp51ZjxMgD,visa,credit,True,12434,Chip,merchant_750178,Oslo,Oslo,96876,5812,pi_3UIAwaIIYr8v36zp0lajjhdS,1790011436,431890,usd,
cus_VImVWt191vlZjw,58,Male,Spain,195725,824,2,pm_1UIAwbIIYr8v36zp4eIUT1oJ,visa,credit,False,65305,Swipe,merchant_546685,Porto,Porto,57472,5311,pi_3UIAwcIIYr8v36zp11nHmtrH,1790011438,222678,usd,
cus_VImVCEVNMbnhbw,31,Male,France,89818,322,3,pm_1UIAwdIIYr8v36zp2mgaZQP6,visa,credit,True,38250,Swipe,merchant_461158,Houston,Texas,57606,5912,pi_3UIAwdIIYr8v36zp0dcMv2x2,1790011439,107528,usd,
cus_VImVLpsaqYb8fw,61,Male,Norway,149723,562,1,pm_1UIAweIIYr8v36zpxe8JfwgK,visa,credit,False,86160,Contactless,merchant_687958,New York,New York,87206,5812,pi_3UIAwfIIYr8v36zp1AIBoa76,1790011441,140177,eur,
cus_VImVGLxa2ze1Cq,49,Male,Denmark,95613,310,2,pm_1UIAwgIIYr8v36zpEynJCAlX,visa,credit,False,748,Contactless,merchant_119470,Stockholm,Stockholm,47371,5311,pi_3UIAwhIIYr8v36zp1crbBrSQ,1790011443,387291,usd,
cus_VImVoZDMTR1gs3,73,Female,Norway,193244,443,5,pm_1UIAwiIIYr8v36zp5HU1yaX6,visa,credit,False,97138,Swipe,merchant_679136,Hamburg,Hamburg,85697,5812,pi_3UIAwiIIYr8v36zp0hfbGSk6,1790011444,379262,usd,
cus_VImVqHlDXHojWs,52,Male,France,52408,658,4,pm_1UIAwkIIYr8v36zpzvebWhqQ,visa,credit,False,34819,Swipe,merchant_127326,Lyon,Auvergne-Rhône-Alpes,64785,5732,pi_3UIAwkIIYr8v36zp0xtkY16P,1790011446,176747,usd,
cus_VImVPLalUMAVX6,32,Female,United States,73049,369,5,pm_1UIAwlIIYr8v36zp0zeCgAwz,visa,credit,True,66517,Contactless,merchant_905257,Copenhagen,Capital Region,78225,5541,pi_3UIAwmIIYr8v36zp0EEoISla,1790011448,318888,eur,
cus_VImVc99S37eWtw,50,Female,Belgium,111217,595,2,pm_1UIAwnIIYr8v36zpssTzsnu8,visa,credit,False,22154,Online,merchant_501021,Paris,Île-de-France,65861,5311,pi_3UIAwoIIYr8v36zp1kj1moHB,1790011450,480322,usd,
cus_VImVIvqlwDFWPO,44,Female,Netherlands,168785,698,2,pm_1UIAwpIIYr8v36zp7ww4DiOg,visa,credit,False,67767,Swipe,merchant_626349,New York,New York,86209,5912,pi_3UIAwpIIYr8v36zp1vDjNe3k,1790011451,309394,usd,
cus_VImVSbHtoYhq5L,52,Male,France,141543,829,2,pm_1UIAwqIIYr8v36zp2xanU5MI,visa,credit,False,75383,Chip,merchant_823012,Brussels,Brussels,70704,4111,pi_3UIAwrIIYr8v36zp0YVRjnym,1790011453,480957,usd,
cus_VImV7dCe42FeH9,32,Male,Norway,106674,449,3,pm_1UIAwsIIYr8v36zpx4biRDp3,visa,credit,True,86824,Online,merchant_556208,Madrid,Community of Madrid,69814,5311,pi_3UIAwtIIYr8v36zp0kY5z7XW,1790011455,447454,eur,
cus_VImVNYHHvNE87V,73,Male,France,134229,790,4,pm_1UIAwuIIYr8v36zpuAlWna4F,visa,credit,True,3659,Contactless,merchant_226785,Rotterdam,South Holland,36143,5541,pi_3UIAwuIIYr8v36zp0xJHyMxv,1790011456,411857,usd,
cus_VImV4CHSiwe7r7,42,Female,Spain,29167,617,4,pm_1UIAwvIIYr8v36zpeyCv6AzE,visa,credit,False,87365,Online,merchant_868165,Geneva,Geneva,69686,5812,pi_3UIAwwIIYr8v36zp0PF3rVfR,1790011458,170933,usd,
cus_VImVOYJkBciKEB,44,Male,Austria,75966,794,5,pm_1UIAwxIIYr8v36zpiwImSAIk,visa,credit,False,84570,Contactless,merchant_767219,Stockholm,Stockholm,17939,5411,pi_3UIAwxIIYr8v36zp1aL7e072,1790011459,353623,eur,
cus_VImWGyPi4RBxAz,54,Female,Denmark,142825,300,3,pm_1UIAwzIIYr8v36zpawBgDXFz,visa,credit,True,20138,Contactless,merchant_926840,Marseille,Provence-Alpes-Côte d'Azur,33108,4111,pi_3UIAwzIIYr8v36zp1dLHQS4c,1790011461,290439,usd,
cus_VImWvcphFAoRwG,51,Female,Sweden,164862,543,2,pm_1UIAx0IIYr8v36zp7ZXvyysi,visa,credit,False,24144,Chip,merchant_497655,Lisbon,Lisbon,17289,4111,pi_3UIAx1IIYr8v36zp0bfScYuU,1790011463,230670,usd,
cus_VImWdC6u0Ymo2x,51,Male,United States,186292,372,3,pm_1UIAx2IIYr8v36zpSm8ZlGIw,visa,credit,True,47313,Chip,merchant_938091,Miami,Florida,16347,5732,pi_3UIAx2IIYr8v36zp0qCZ5Ak3,1790011464,264972,usd,
cus_VImWEWIWzFnTfF,66,Male,Denmark,174843,538,3,pm_1UIAx4IIYr8v36zp5TKV602q,visa,credit,True,43829,Contactless,merchant_834283,Milan,Lombardy,19371,5912,pi_3UIAx4IIYr8v36zp00PWQqRp,1790011466,471040,eur,
cus_VImWKLYa7jfr2j,48,Male,Belgium,157408,390,4,pm_1UIAx6IIYr8v36zpDo76rs1F,visa,credit,True,63343,Swipe,merchant_752603,Munich,Bavaria,41335,4111,pi_3UIAx6IIYr8v36zp1rIgYs99,1790011468,147008,usd,
cus_VImW7YXpnT73vA,64,Female,Netherlands,62953,475,3,pm_1UIAx7IIYr8v36zphNnkrJvq,visa,credit,False,15455,Swipe,merchant_721066,Prague,Prague,88831,5912,pi_3UIAx8IIYr8v36zp0cPLkmFv,1790011470,451721,usd,
cus_VImWgXpEU2gfrH,45,Female,Luxembourg,173336,382,5,pm_1UIAx9IIYr8v36zpVwUkM8XL,visa,credit,False,49081,Contactless,merchant_220047,Oslo,Oslo,16382,5732,pi_3UIAx9IIYr8v36zp1DiTALXD,1790011471,372601,usd,
cus_VImWxXvVB2lM1r,37,Female,France,70438,478,5,pm_1UIAxAIIYr8v36zp1fiidMf4,visa,credit,True,21933,Online,merchant_258555,Marseille,Provence-Alpes-Côte d'Azur,13595,5912,pi_3UIAxBIIYr8v36zp09it5gq8,1790011473,234965,usd,
cus_VImW3E2RASTswY,31,Male,Denmark,194939,536,3,pm_1UIAxCIIYr8v36zpE8NGLOfp,visa,credit,False,60894,Swipe,merchant_516817,Dublin,Leinster,15555,4111,pi_3UIAxDIIYr8v36zp1T9ISE3I,1790011475,469411,usd,
cus_VImWzMb0ygFivt,48,Male,United States,62304,792,4,pm_1UIAxEIIYr8v36zpwaJYrgPv,visa,credit,False,20714,Swipe,merchant_564944,Naples,Campania,13281,5912,pi_3UIAxEIIYr8v36zp09JOQ8sh,1790011476,243274,usd,
cus_VImWVwa5flSBqt,65,Male,Norway,189974,748,3,pm_1UIAxFIIYr8v36zp9iqNjvCR,visa,credit,True,82789,Online,merchant_435874,Paris,Île-de-France,26896,5812,pi_3UIAxGIIYr8v36zp05Bc8Rf9,1790011478,249146,eur,
cus_VImWAoOTL4GFVj,24,Male,Switzerland,60839,346,5,pm_1UIAxHIIYr8v36zp8TXHQ6BC,visa,credit,False,48228,Swipe,merchant_947643,Milan,Lombardy,59434,4111,pi_3UIAxHIIYr8v36zp0rOPJLtl,1790011480,237676,usd,
cus_VImWuJOeqvS2Sf,61,Male,Germany,83932,592,5,pm_1UIAxJIIYr8v36zp2URprQ2I,visa,credit,False,59836,Contactless,merchant_240617,Rome,Lazio,40770,5541,pi_3UIAxJIIYr8v36zp0cpdxtJf,1790011481,295910,eur,
cus_VImWmK4gGa5ZLd,73,Male,Czech Republic,177721,833,2,pm_1UIAxLIIYr8v36zpHKSQ5fdx,visa,credit,False,32806,Contactless,merchant_841268,Lisbon,Lisbon,91813,5912,pi_3UIAxLIIYr8v36zp0D95Aett,1790011483,100116,usd,
cus_VImWpqXTIg0tYP,33,Male,Luxembourg,134375,796,2,pm_1UIAxMIIYr8v36zpRRw4coTb,visa,credit,True,23197,Contactless,merchant_994735,Los Angeles,California,73178,5541,pi_3UIAxNIIYr8v36zp0cI0y5NX,1790011485,137506,usd,
cus_VImWKVwF7VNHER,68,Male,Austria,60265,716,4,pm_1UIAxOIIYr8v36zpQpKtuZgl,visa,credit,True,82807,Swipe,merchant_675100,Helsinki,Uusimaa,37754,4111,pi_3UIAxOIIYr8v36zp1j5vvzDq,1790011486,63073,usd,
cus_VImWLnQLzSFull,79,Female,Norway,150029,474,2,pm_1UIAxPIIYr8v36zphNgtM8Vl,visa,credit,False,86289,Contactless,merchant_277821,Berlin,Berlin,61973,5541,pi_3UIAxQIIYr8v36zp08j7PueE,1790011488,265681,usd,
cus_VImWpCHfx3rS9w,49,Male,Italy,173203,709,4,pm_1UIAxRIIYr8v36zpTbqnGcwq,visa,credit,True,97765,Chip,merchant_235727,Vienna,Vienna,92808,5812,pi_3UIAxSIIYr8v36zp0371ziil,1790011490,336119,usd,
cus_VImW7coCJfxYpT,41,Male,Norway,76813,700,1,pm_1UIAxTIIYr8v36zpDhwGcprn,visa,credit,False,33343,Online,merchant_263682,Berlin,Berlin,64094,4111,pi_3UIAxTIIYr8v36zp1b1uCqUY,1790011491,175779,usd,
cus_VImWKSQsA0m19g,38,Male,Netherlands,141826,381,1,pm_1UIAxVIIYr8v36zpktKWAKjm,visa,credit,False,43588,Swipe,merchant_914470,Hamburg,Hamburg,57840,5541,pi_3UIAxVIIYr8v36zp16kKkBzr,1790011493,122694,usd,
cus_VImWhMllz6pFdr,26,Female,Belgium,99314,752,4,pm_1UIAxWIIYr8v36zpGvSIdglI,visa,credit,True,23889,Swipe,merchant_462399,Warsaw,Masovian,24832,5999,pi_3UIAxXIIYr8v36zp1a0ELp0G,1790011495,200037,eur,
cus_VImWnhneSRsLuj,20,Male,France,144642,770,3,pm_1UIAxYIIYr8v36zp3XW9jkgJ,visa,credit,True,20883,Chip,merchant_506390,Milan,Lombardy,65821,5541,pi_3UIAxYIIYr8v36zp04iK0j2n,1790011496,262568,eur,
cus_VImWkjJXB4ppqY,67,Male,Netherlands,181952,734,4,pm_1UIAxaIIYr8v36zpRIy1LMQX,visa,credit,True,70966,Swipe,merchant_343285,Hamburg,Hamburg,85074,5812,pi_3UIAxaIIYr8v36zp09wyIx4Q,1790011498,302754,eur,
cus_VImWNRbYvSEy4u,64,Male,Czech Republic,102561,382,5,pm_1UIAxbIIYr8v36zpIIc0sy1S,visa,credit,False,58351,Contactless,merchant_180630,Hamburg,Hamburg,45033,4111,pi_3UIAxbIIYr8v36zp1zb7TS8H,1790011499,475053,eur,
cus_VImWfA9KQtntZo,48,Female,Poland,136280,558,5,pm_1UIAxcIIYr8v36zpw06YTp6f,visa,credit,False,14478,Chip,merchant_526953,Rotterdam,South Holland,96598,5411,pi_3UIAxdIIYr8v36zp1DaxPJHs,1790011501,105447,eur,
cus_VImWS8RFm6rp6k,54,Female,United States,33214,617,1,pm_1UIAxeIIYr8v36zp7rk4bPh3,visa,credit,False,55843,Contactless,merchant_392481,Paris,Île-de-France,95655,5311,pi_3UIAxfIIYr8v36zp0gFecbFX,1790011503,120294,eur,
cus_VImWwMcVWaTQdV,64,Male,Netherlands,106967,515,4,pm_1UIAxgIIYr8v36zps3aU7MZT,visa,credit,True,67617,Swipe,merchant_798711,Oslo,Oslo,80856,4111,pi_3UIAxgIIYr8v36zp1beWcGVn,1790011504,36310,eur,
cus_VImWXsfRjJUiXc,56,Male,Portugal,175799,772,4,pm_1UIAxiIIYr8v36zpqUfgeh9i,visa,credit,True,28058,Chip,merchant_421779,Rome,Lazio,52584,5541,pi_3UIAxiIIYr8v36zp1mvOfusQ,1790011506,268886,eur,
cus_VImWZC1FIDQ1UK,24,Female,Norway,23683,411,3,pm_1UIAxkIIYr8v36zpBAtY6uOJ,visa,credit,True,44513,Online,merchant_591968,Seattle,Washington,89016,5732,pi_3UIAxkIIYr8v36zp0HH1qINe,1790011508,186826,usd,
cus_VImW9Op2WBs5Jg,21,Female,Switzerland,148912,694,4,pm_1UIAxlIIYr8v36zpDn6BANFA,visa,credit,False,38490,Online,merchant_440104,Boston,Massachusetts,26962,5411,pi_3UIAxmIIYr8v36zp0kxg5iEu,1790011510,35507,usd,
cus_VImWd5oVMgtgRC,45,Male,Netherlands,30594,755,4,pm_1UIAxnIIYr8v36zptSQRdsNM,visa,credit,False,68022,Online,merchant_220596,Valencia,Valencian Community,41885,4111,pi_3UIAxnIIYr8v36zp0vSaCvA3,1790011511,294006,usd,
cus_VImWSOQSgOFvDp,33,Male,Italy,91096,752,2,pm_1UIAxpIIYr8v36zp6I0SwQZR,visa,credit,True,70754,Contactless,merchant_459509,Dublin,Leinster,69107,4111,pi_3UIAxpIIYr8v36zp1tw2jGo4,1790011513,486783,usd,
cus_VImWjqwVAiuv4T,49,Male,Sweden,32453,637,1,pm_1UIAxrIIYr8v36zpNDVcmBlu,visa,credit,True,33198,Chip,merchant_523060,Prague,Prague,15080,5411,pi_3UIAxrIIYr8v36zp0vmSWrDS,1790011515,94885,eur,
cus_VImWLE68VsF8SY,67,Female,Switzerland,77114,308,2,pm_1UIAxsIIYr8v36zpe9p0f1ZS,visa,credit,False,53645,Chip,merchant_500473,Naples,Campania,74347,5541,pi_3UIAxtIIYr8v36zp1lQY8O2i,1790011517,8233,usd,
cus_VImWIFvTi65zTs,57,Female,Belgium,193995,843,5,pm_1UIAxuIIYr8v36zprE5V0WH5,visa,credit,True,3521,Online,merchant_881483,Geneva,Geneva,76754,5732,pi_3UIAxuIIYr8v36zp0FDo9JAX,1790011518,134241,usd,
cus_VImWg5GbSeA87g,52,Male,Finland,169096,667,3,pm_1UIAxvIIYr8v36zpiFBvCS7Y,visa,credit,True,42331,Contactless,merchant_702421,Miami,Florida,10681,5311,pi_3UIAxwIIYr8v36zp1KHAsw72,1790011520,492891,eur,
cus_VImXCrC7Zk4CM7,67,Female,Norway,125896,789,5,pm_1UIAxxIIYr8v36zpBoVJgFhJ,visa,credit,True,55353,Contactless,merchant_306576,Dublin,Leinster,81376,5411,pi_3UIAxxIIYr8v36zp0iXSxGkP,1790011521,298115,usd,
cus_VImXNeAEhA4n15,22,Male,Denmark,159616,300,4,pm_1UIAxzIIYr8v36zpU98xf4tJ,visa,credit,True,8069,Swipe,merchant_197834,Rome,Lazio,75832,4111,pi_3UIAxzIIYr8v36zp0G5VUxVC,1790011523,297946,usd,
cus_VImXjfiWyqRdt9,49,Female,Denmark,143783,340,3,pm_1UIAy0IIYr8v36zpfDmpVAWE,visa,credit,True,75091,Chip,merchant_299912,Lisbon,Lisbon,30454,5999,pi_3UIAy1IIYr8v36zp0vsImi5Y,1790011525,397101,usd,
cus_VImXOpdowtWrCw,22,Male,Spain,21058,730,1,pm_1UIAy2IIYr8v36zpxmvqTOb5,visa,credit,False,30451,Contactless,merchant_416280,Milan,Lombardy,44645,5912,pi_3UIAy2IIYr8v36zp01O1urSE,1790011526,320774,usd,
cus_VImXGYPIGVlPSi,51,Male,Poland,24328,769,1,pm_1UIAy4IIYr8v36zp08phTRHf,visa,credit,True,3354,Online,merchant_711115,Seattle,Washington,98897,5999,pi_3UIAy4IIYr8v36zp0FBaYZHD,1790011528,13751,eur,
cus_VImXD3fycsdT6o,38,Female,Austria,86014,531,1,pm_1UIAy5IIYr8v36zpp3PlFzbP,visa,credit,True,59314,Contactless,merchant_343216,Oslo,Oslo,87780,5732,pi_3UIAy6IIYr8v36zp0LdxtGWh,1790011530,424819,usd,
cus_VImXGuJQ4hycRQ,44,Female,Norway,149927,658,5,pm_1UIAy7IIYr8v36zpr7U3rDvR,visa,credit,False,33744,Online,merchant_887907,New York,New York,43703,5999,pi_3UIAy7IIYr8v36zp01o5G3YY,1790011532,376557,usd,
cus_VImXZQREfwjsXB,61,Male,Sweden,37346,713,3,pm_1UIAy9IIYr8v36zpW0cn566c,visa,credit,False,86173,Online,merchant_679837,Vienna,Vienna,56704,5311,pi_3UIAy9IIYr8v36zp1auDfAIV,1790011533,7883,usd,
cus_VImXin6EZELXrK,61,Female,Netherlands,163906,389,1,pm_1UIAyBIIYr8v36zpomeobN2q,visa,credit,True,24737,Contactless,merchant_109979,Barcelona,Catalonia,37184,5732,pi_3UIAyBIIYr8v36zp1ZMS7tgI,1790011535,492333,usd,
cus_VImXo1JBSAhUYP,66,Male,Czech Republic,191961,622,3,pm_1UIAyCIIYr8v36zp8RQ9JJKi,visa,credit,False,15278,Swipe,merchant_477189,Marseille,Provence-Alpes-Côte d'Azur,70792,5411,pi_3UIAyDIIYr8v36zp1F32hOpn,1790011537,487451,eur,
cus_VImXSNq0DRCu63,44,Male,Germany,87484,483,5,pm_1UIAyEIIYr8v36zp6PbQUqjI,visa,credit,False,99264,Chip,merchant_362728,Miami,Florida,73693,5541,pi_3UIAyEIIYr8v36zp1Np7cWEr,1790011538,319732,usd,
cus_VImXOdXOiOTNEH,77,Female,Italy,66782,442,1,pm_1UIAyFIIYr8v36zpcslLvkHa,visa,credit,False,45549,Swipe,merchant_308740,Madrid,Community of Madrid,30123,5311,pi_3UIAyGIIYr8v36zp1YtjUVmG,1790011540,115110,eur,
cus_VImX1xH7cP74oJ,56,Female,Austria,31190,410,5,pm_1UIAyHIIYr8v36zpORc5kpF6,visa,credit,False,10026,Chip,merchant_461887,Hamburg,Hamburg,42171,4111,pi_3UIAyHIIYr8v36zp1zFVPBZP,1790011541,103869,usd,
cus_VImXRSkXnqLwii,68,Male,Finland,96003,616,1,pm_1UIAyIIIYr8v36zpKnKIejam,visa,credit,False,36120,Contactless,merchant_829770,Stockholm,Stockholm,86633,5311,pi_3UIAyJIIYr8v36zp1BANkIad,1790011543,131647,usd,
cus_VImXAp8vjzIXGe,54,Female,Netherlands,192734,358,3,pm_1UIAyKIIYr8v36zprvoJxTwQ,visa,credit,True,99732,Contactless,merchant_485882,Brussels,Brussels,67558,5411,pi_3UIAyKIIYr8v36zp1lgkprZh,1790011544,60846,usd,
cus_VImXCY19XaXKBK,78,Female,Norway,145900,839,3,pm_1UIAyLIIYr8v36zpnEyeOP3h,visa,credit,False,67880,Chip,merchant_501167,Vienna,Vienna,72882,5411,pi_3UIAyMIIYr8v36zp1d0X9mXh,1790011546,30318,usd,
cus_VImXSzhkJgZ6ub,25,Female,Sweden,192700,494,5,pm_1UIAyNIIYr8v36zpnCipCeJY,visa,credit,False,75794,Contactless,merchant_739190,Milan,Lombardy,88057,5812,pi_3UIAyNIIYr8v36zp087mnbYL,1790011547,336370,eur,
cus_VImXPpvvgiaNhR,42,Male,Norway,68127,492,2,pm_1UIAyPIIYr8v36zpo5lzx1v4,visa,credit,True,9590,Online,merchant_736526,Seattle,Washington,86032,5411,pi_3UIAyPIIYr8v36zp0V5Co5ue,1790011549,442997,usd,
cus_VImX58al2dRS1E,65,Male,Luxembourg,128599,687,2,pm_1UIAyQIIYr8v36zpHCLuTBch,visa,credit,False,44008,Swipe,merchant_110342,Houston,Texas,32775,5812,pi_3UIAyRIIYr8v36zp13TLDOLF,1790011551,124727,usd,
cus_VImXCe1umLmbWK,42,Female,Italy,160130,795,1,pm_1UIAySIIYr8v36zpEJsv3Rjh,visa,credit,False,86849,Online,merchant_995730,Amsterdam,North Holland,38192,5812,pi_3UIAySIIYr8v36zp14kHAZFa,1790011552,343890,usd,
cus_VImXLIU6Q5IQoI,33,Male,Portugal,33664,801,5,pm_1UIAyTIIYr8v36zpRDUCQ1ma,visa,credit,False,29454,Online,merchant_140523,Valencia,Valencian Community,68632,5411,pi_3UIAyTIIYr8v36zp0xuil2ET,1790011553,2303,usd,
cus_VImX0CdsIruetj,72,Female,Belgium,88640,727,3,pm_1UIAyVIIYr8v36zpmLc9HN12,visa,credit,False,92352,Swipe,merchant_302238,Munich,Bavaria,31626,5541,pi_3UIAyVIIYr8v36zp0Ro8LE07,1790011555,179396,eur,
cus_VImXTdPe7Id3L9,36,Male,Belgium,146139,443,3,pm_1UIAyWIIYr8v36zp7lzwlAgx,visa,credit,False,6282,Contactless,merchant_787849,Houston,Texas,51825,4111,pi_3UIAyXIIYr8v36zp1dg2dC1g,1790011557,414551,usd,
cus_VImX2jyS4iMhBY,47,Male,Portugal,171810,423,2,pm_1UIAyYIIYr8v36zpO0JSbXGS,visa,credit,True,75589,Swipe,merchant_546716,Lisbon,Lisbon,31435,5411,pi_3UIAyYIIYr8v36zp0CR6pReZ,1790011558,115477,usd,
cus_VImXKCXgNx5ZEK,65,Female,Germany,175155,530,4,pm_1UIAyZIIYr8v36zpyHKccqPE,visa,credit,True,5132,Chip,merchant_828658,Stockholm,Stockholm,22180,5912,pi_3UIAyaIIYr8v36zp0w4u0yHM,1790011560,328172,eur,
cus_VImX9JU803QKqg,75,Male,Germany,184529,575,4,pm_1UIAybIIYr8v36zpp6F3M58U,visa,credit,False,2136,Swipe,merchant_539720,Helsinki,Uusimaa,91075,5732,pi_3UIAybIIYr8v36zp03Hqgru8,1790011561,412909,usd,
cus_VImXgnA4Rawd0y,69,Female,Finland,64997,769,4,pm_1UIAydIIYr8v36zpj4F62nmC,visa,credit,True,65803,Chip,merchant_177130,Zurich,Zurich,30188,5999,pi_3UIAydIIYr8v36zp0LFdtp6E,1790011563,54876,usd,
cus_VImXLorPWk9kOL,68,Male,Belgium,50156,681,5,pm_1UIAyeIIYr8v36zpfp4g5g9E,visa,credit,False,80801,Online,merchant_639540,Oslo,Oslo,72505,4111,pi_3UIAyfIIYr8v36zp0OEcCsXN,1790011565,327036,usd,
cus_VImXtWTzjz8HxZ,33,Female,Netherlands,122661,552,4,pm_1UIAygIIYr8v36zpw4t0cE2S,visa,credit,True,23581,Chip,merchant_657315,Boston,Massachusetts,37856,5311,pi_3UIAygIIYr8v36zp0PNWjL3L,1790011566,305724,eur,
cus_VImXN98EY4P1k4,34,Male,Austria,135672,752,5,pm_1UIAyhIIYr8v36zpd8w121IR,visa,credit,True,51403,Contactless,merchant_207298,Prague,Prague,58259,5912,pi_3UIAyiIIYr8v36zp19vjoUdV,1790011568,33452,usd,
cus_VImXt7eur6KX6C,60,Male,Denmark,159145,325,3,pm_1UIAyjIIYr8v36zpGFgfFyt6,visa,credit,True,28464,Swipe,merchant_204499,Barcelona,Catalonia,75803,5311,pi_3UIAyjIIYr8v36zp0Gf6OeVE,1790011569,313284,eur,
cus_VImXzOFQo9BkXk,25,Female,Luxembourg,20863,332,5,pm_1UIAylIIYr8v36zp9BIT17Yj,visa,credit,True,81165,Online,merchant_702157,Hamburg,Hamburg,33913,5411,pi_3UIAylIIYr8v36zp0IlMW0iJ,1790011571,218175,eur,
cus_VImXWqG9VUMZzR,24,Male,France,128326,375,4,pm_1UIAymIIYr8v36zpHcYIBKTt,visa,credit,True,78728,Contactless,merchant_650973,Porto,Porto,67960,5311,pi_3UIAymIIYr8v36zp0KGkNF9W,1790011572,459594,eur,
cus_VImXbqb6GB7J74,63,Male,United States,126145,648,3,pm_1UIAynIIYr8v36zpWXw3fPmC,visa,credit,True,60470,Chip,merchant_423921,Zurich,Zurich,23031,5311,pi_3UIAyoIIYr8v36zp1hQw1VOP,1790011574,391565,usd,
cus_VImX46KgmOQgRa,40,Male,Ireland,23650,621,2,pm_1UIAypIIYr8v36zpzMlTNILp,visa,credit,False,95198,Online,merchant_725884,Madrid,Community of Madrid,72881,4111,pi_3UIAyqIIYr8v36zp0DqOqkLF,1790011576,51064,eur,
cus_VImXJpMrh6252Q,64,Male,Belgium,192757,363,1,pm_1UIAyrIIYr8v36zpB1L9CFi7,visa,credit,False,19694,Swipe,merchant_500599,Vienna,Vienna,55387,5311,pi_3UIAyrIIYr8v36zp0zYMczb2,1790011577,252966,usd,
cus_VImXRMj2MTCo8i,34,Male,Italy,163897,351,2,pm_1UIAysIIYr8v36zpVNfoBYnx,visa,credit,False,69191,Swipe,merchant_206896,Seattle,Washington,98333,5999,pi_3UIAytIIYr8v36zp1jpRQwLW,1790011579,491789,usd,
cus_VImYayNLMSxNWV,63,Female,Finland,128795,675,1,pm_1UIAyuIIYr8v36zpAQgggqhW,visa,credit,False,74748,Online,merchant_575897,Miami,Florida,64154,4111,pi_3UIAyuIIYr8v36zp1M46t7qE,1790011581,423278,eur,
cus_VImYDga35pYnDl,34,Female,Spain,23514,442,5,pm_1UIAywIIYr8v36zpj9Z8kazT,visa,credit,True,46368,Online,merchant_658734,Milan,Lombardy,11133,4111,pi_3UIAywIIYr8v36zp02zUDUPy,1790011582,53554,usd,
cus_VImYTrFBAPFzQ3,27,Male,France,54924,325,1,pm_1UIAyyIIYr8v36zprksyvdII,visa,credit,True,67602,Online,merchant_490286,Dublin,Leinster,57606,5311,pi_3UIAyyIIYr8v36zp1adNRXLP,1790011584,426734,eur,
cus_VImY3Gp28LmLOI,75,Female,Netherlands,143759,638,3,pm_1UIAyzIIYr8v36zp55jtEKSV,visa,credit,False,13453,Online,merchant_933919,Seattle,Washington,55202,4111,pi_3UIAz0IIYr8v36zp04bD7vf5,1790011586,410889,eur,
cus_VImY6j5R5TabVU,75,Male,Netherlands,182680,705,4,pm_1UIAz1IIYr8v36zprtrsOCdI,visa,credit,False,25823,Online,merchant_527114,Seattle,Washington,53102,5311,pi_3UIAz1IIYr8v36zp0U9shKrn,1790011588,191119,usd,
cus_VImYWhnXdvBHjT,72,Female,Switzerland,136067,764,4,pm_1UIAz3IIYr8v36zpfusy2p6P,visa,credit,False,49367,Contactless,merchant_423666,Barcelona,Catalonia,22900,5912,pi_3UIAz3IIYr8v36zp0oS78E0a,1790011589,390409,usd,
cus_VImYVjFXvOjDU4,27,Male,Portugal,42752,368,1,pm_1UIAz5IIYr8v36zpAzQsdM3e,visa,credit,True,33933,Online,merchant_124851,Brussels,Brussels,25801,4111,pi_3UIAz5IIYr8v36zp1xsJhovs,1790011591,184146,usd,
cus_VImYl57h4a4354,72,Female,Belgium,23924,774,4,pm_1UIAz6IIYr8v36zpvZQmHGen,visa,credit,False,23926,Online,merchant_243917,Miami,Florida,98134,5999,pi_3UIAz7IIYr8v36zp0Kibhk9A,1790011593,234270,usd,
cus_VImYGICzIFllmT,49,Female,Sweden,93475,846,2,pm_1UIAz8IIYr8v36zpRn4jSkcC,visa,credit,True,34416,Contactless,merchant_983612,Stockholm,Stockholm,28283,5311,pi_3UIAz8IIYr8v36zp1BPwdrBa,1790011594,8099,usd,
cus_VImYZs9QzV5wxp,43,Male,Ireland,89995,414,2,pm_1UIAz9IIYr8v36zplTCLBvOb,visa,credit,False,7054,Swipe,merchant_635781,Hamburg,Hamburg,92725,5541,pi_3UIAzAIIYr8v36zp02OS0faF,1790011596,271524,eur,
cus_VImYPPBIV3dFV8,71,Male,Luxembourg,70898,444,5,pm_1UIAzDIIYr8v36zpxE09jdFQ,visa,credit,False,79347,Chip,merchant_946771,Los Angeles,California,16255,5812,pi_3UIAzDIIYr8v36zp0IPtU6f1,1790011599,374547,eur,
cus_VImYCV9fQMU8Us,25,Male,Belgium,107532,334,4,pm_1UIAzEIIYr8v36zp4FeRBxK6,visa,credit,True,5364,Swipe,merchant_496220,Vienna,Vienna,62610,5732,pi_3UIAzFIIYr8v36zp0ZK0GcvI,1790011601,88823,usd,
cus_VImYi42nmMtq4P,27,Female,United States,75688,765,1,pm_1UIAzGIIYr8v36zp6GfkC5hW,visa,credit,False,50470,Swipe,merchant_272959,Chicago,Illinois,12024,5311,pi_3UIAzGIIYr8v36zp177rjIrm,1790011602,436260,eur,
cus_VImYWQNUPuUABS,79,Male,Austria,174624,478,5,pm_1UIAzIIIYr8v36zpvhZEBsOd,visa,credit,True,16022,Chip,merchant_219097,Stockholm,Stockholm,85253,5732,pi_3UIAzIIIYr8v36zp1JbSiorb,1790011604,55662,eur,
cus_VImYpl3qWnFxEm,54,Male,United States,143778,847,5,pm_1UIAzJIIYr8v36zpbeUx7Ywe,visa,credit,False,81631,Online,merchant_362327,Brussels,Brussels,89576,5912,pi_3UIAzKIIYr8v36zp1YlbA9XO,1790011606,211492,eur,
cus_VImYcU1rXbl0Id,31,Male,Ireland,124831,629,2,pm_1UIAzLIIYr8v36zpaMWYJXq9,visa,credit,False,61103,Contactless,merchant_740391,Copenhagen,Capital Region,56948,5912,pi_3UIAzMIIYr8v36zp0HpBfAGo,1790011608,145423,usd,
cus_VImYjQkz7McQ92,76,Male,Sweden,182942,630,3,pm_1UIAzNIIYr8v36zpQzqZGGWc,visa,credit,True,14483,Online,merchant_286213,Boston,Massachusetts,13049,5732,pi_3UIAzNIIYr8v36zp0l8yUCwi,1790011609,273675,eur,
cus_VImYChUriFKyEV,51,Female,Norway,112699,556,1,pm_1UIAzOIIYr8v36zpmTsG11VO,visa,credit,False,6349,Swipe,merchant_554204,Milan,Lombardy,96199,5812,pi_3UIAzPIIYr8v36zp0IXw5rdD,1790011611,239380,eur,
cus_VImYyjJIpWlsBn,74,Female,Norway,112858,305,1,pm_1UIAzQIIYr8v36zpJP3MHN8y,visa,credit,False,68331,Swipe,merchant_302649,Madrid,Community of Madrid,23444,5912,pi_3UIAzQIIYr8v36zp1fYY6xhh,1790011612,433626,usd,
cus_VImYbW4BLzHLTJ,46,Female,Norway,184109,726,3,pm_1UIAzRIIYr8v36zpdz0ih3Qx,visa,credit,True,70367,Swipe,merchant_660333,Munich,Bavaria,36469,5541,pi_3UIAzSIIYr8v36zp1PA6DZUp,1790011614,287914,eur,
cus_VImYlduqea39Y0,47,Female,Sweden,44130,794,3,pm_1UIAzTIIYr8v36zpazIKZK9O,visa,credit,True,36181,Chip,merchant_290161,Porto,Porto,75778,5311,pi_3UIAzTIIYr8v36zp1lOc9cXh,1790011615,429737,usd,
cus_VImYaWxdDwMeRF,67,Male,Ireland,79423,554,5,pm_1UIAzVIIYr8v36zpfCoBrspu,visa,credit,True,23640,Online,merchant_345929,Hamburg,Hamburg,26291,4111,pi_3UIAzVIIYr8v36zp1bHQuLT5,1790011617,12881,eur,
cus_VImYlrvGB3HuHM,68,Male,Luxembourg,145746,813,2,pm_1UIAzWIIYr8v36zpAfczYlEt,visa,credit,True,52891,Chip,merchant_276716,Copenhagen,Capital Region,76811,5732,pi_3UIAzXIIYr8v36zp1p5PVT0M,1790011619,180342,eur,
cus_VImYcNspAVmczU,67,Male,Norway,127549,601,1,pm_1UIAzYIIYr8v36zpyyniz3q1,visa,credit,False,47887,Chip,merchant_487415,Berlin,Berlin,28505,5541,pi_3UIAzYIIYr8v36zp1u6POoEz,1790011620,16978,usd,
cus_VImYh8HQNMjJQe,79,Female,Belgium,96972,604,5,pm_1UIAzZIIYr8v36zptsplLvep,visa,credit,False,75955,Contactless,merchant_999058,Miami,Florida,60829,5999,pi_3UIAzaIIYr8v36zp1wKk9BjX,1790011622,394463,eur,
cus_VImYuHh29nZ8zC,26,Female,Finland,133152,659,2,pm_1UIAzbIIYr8v36zpMlHxjeZ9,visa,credit,False,16511,Swipe,merchant_659133,Amsterdam,North Holland,82773,5732,pi_3UIAzcIIYr8v36zp1uIicHVr,1790011624,294791,usd,
cus_VImYiuTGN8D1WV,18,Male,Finland,128224,601,2,pm_1UIAzdIIYr8v36zpbYI9KrRa,visa,credit,False,57256,Swipe,merchant_811212,Stockholm,Stockholm,74078,5732,pi_3UIAzdIIYr8v36zp0S1xon3L,1790011625,375985,eur,
cus_VImYdIwDCA3aBw,43,Male,Poland,36654,597,1,pm_1UIAzfIIYr8v36zpzG5NqTUc,visa,credit,True,51646,Chip,merchant_868066,Amsterdam,North Holland,91725,5311,pi_3UIAzfIIYr8v36zp1Tv98fgB,1790011627,260718,usd,
cus_VImY834En7dYe4,35,Male,Portugal,184267,381,3,pm_1UIAzgIIYr8v36zpDTZLtt5E,visa,credit,False,18819,Online,merchant_789326,Rotterdam,South Holland,92996,4111,pi_3UIAzhIIYr8v36zp1aIidHrG,1790011629,469218,usd,
cus_VImYetdFvaK3ip,49,Male,Switzerland,64989,367,2,pm_1UIAziIIYr8v36zpFn7rx96W,visa,credit,False,57683,Online,merchant_668238,Lisbon,Lisbon,40716,5411,pi_3UIAziIIYr8v36zp0bEb70bH,1790011630,373854,usd,
cus_VImY5ylJrBxZkP,77,Male,Italy,170364,758,5,pm_1UIAzjIIYr8v36zp0zZ0Ohvb,visa,credit,True,98040,Online,merchant_253114,Madrid,Community of Madrid,21705,5912,pi_3UIAzkIIYr8v36zp1h5LUEnG,1790011632,43212,usd,
cus_VImYk19CZUeyRm,65,Female,Portugal,146710,737,2,pm_1UIAzlIIYr8v36zpUL2jrUu0,visa,credit,False,39234,Chip,merchant_902544,Chicago,Illinois,81351,5732,pi_3UIAzlIIYr8v36zp1XfN8OwS,1790011634,132500,eur,
cus_VImYktvIK1TEqc,58,Female,Denmark,54380,438,5,pm_1UIAznIIYr8v36zpcRq3UIIb,visa,credit,False,98095,Swipe,merchant_438188,Madrid,Community of Madrid,84638,4111,pi_3UIAznIIYr8v36zp0pHJ9kDM,1790011635,324710,eur,
cus_VImYoSWrWDPdRM,35,Female,Poland,141205,302,5,pm_1UIAzoIIYr8v36zpCEs1Vc16,visa,credit,False,45461,Chip,merchant_768972,Dublin,Leinster,56162,4111,pi_3UIAzpIIYr8v36zp1teBcJVt,1790011637,295127,usd,
cus_VImYCnFUI6fSMd,44,Female,Denmark,173123,372,2,pm_1UIAzqIIYr8v36zpeZYW0tph,visa,credit,True,92362,Chip,merchant_488137,Madrid,Community of Madrid,34905,5812,pi_3UIAzqIIYr8v36zp1QgGsXLi,1790011638,183318,eur,
cus_VImYsJVLYjihiK,43,Male,Spain,144589,733,4,pm_1UIAzsIIYr8v36zpTBsoakQ5,visa,credit,True,66847,Contactless,merchant_167146,Helsinki,Uusimaa,83745,5541,pi_3UIAzsIIYr8v36zp1NZZzkPN,1790011640,369605,usd,
cus_VImZZMBhajkSGz,58,Female,Portugal,127187,609,4,pm_1UIAztIIYr8v36zp9kJ9qfiO,visa,credit,True,94473,Online,merchant_158331,New York,New York,32129,5999,pi_3UIAzuIIYr8v36zp0pPCzq1p,1790011642,2335,eur,
cus_VImZvp9iDF4lfM,49,Male,Netherlands,129101,329,2,pm_1UIAzvIIYr8v36zpbwKU2ZIe,visa,credit,True,72514,Online,merchant_512354,Porto,Porto,67961,5812,pi_3UIAzvIIYr8v36zp1tnZjt62,1790011643,403805,usd,
cus_VImZZtfOR746iM,25,Female,France,43019,471,4,pm_1UIAzwIIYr8v36zpLbmtNADs,visa,credit,True,19983,Swipe,merchant_988485,Hamburg,Hamburg,85568,5999,pi_3UIAzxIIYr8v36zp11Gw1HG0,1790011645,124750,eur,
cus_VImZF7ej8T2hme,46,Female,Sweden,84427,833,3,pm_1UIAzyIIYr8v36zpWwENJC8T,visa,credit,False,49820,Online,merchant_318974,Copenhagen,Capital Region,89669,5411,pi_3UIAzyIIYr8v36zp17GHwTRO,1790011646,36665,eur,
cus_VImZuV4G26UZ4Y,37,Female,Czech Republic,178840,826,1,pm_1UIB00IIYr8v36zpr39tV9OD,visa,credit,False,82799,Online,merchant_964007,Rome,Lazio,57087,5912,pi_3UIB00IIYr8v36zp1Dz2KM7g,1790011648,319358,usd,
cus_VImZXR2F9di46W,40,Male,Spain,121992,391,1,pm_1UIB02IIYr8v36zpHhQhUrLq,visa,credit,True,93865,Contactless,merchant_255956,Copenhagen,Capital Region,54602,5999,pi_3UIB02IIYr8v36zp10pOgqFw,1790011650,186410,eur,
cus_VImZd5aq052GIX,44,Male,Denmark,85009,788,2,pm_1UIB03IIYr8v36zpSgzVXNEt,visa,credit,False,66228,Swipe,merchant_209881,Helsinki,Uusimaa,65203,4111,pi_3UIB04IIYr8v36zp1W9Rzz8x,1790011652,210110,usd,
cus_VImZ1gnh6UFip7,37,Male,Italy,142601,317,5,pm_1UIB05IIYr8v36zpOUTuPZBY,visa,credit,True,76102,Swipe,merchant_246458,Madrid,Community of Madrid,13672,5732,pi_3UIB05IIYr8v36zp0IUERMUT,1790011654,407145,eur,
cus_VImZGP84oR3DDB,20,Male,Luxembourg,199045,771,1,pm_1UIB07IIYr8v36zp0X2rlQEF,visa,credit,False,25696,Chip,merchant_749440,Copenhagen,Capital Region,68952,5411,pi_3UIB07IIYr8v36zp1YONYwmL,1790011655,430920,eur,
cus_VImZ2XDEi9xVym,28,Female,France,184460,599,3,pm_1UIB08IIYr8v36zpMvqIv9bV,visa,credit,False,20240,Chip,merchant_126682,Lyon,Auvergne-Rhône-Alpes,43042,5999,pi_3UIB09IIYr8v36zp0UPPMxJ4,1790011657,483026,eur,
cus_VImZ4s0YVb8e1l,39,Female,United States,179021,796,5,pm_1UIB0AIIYr8v36zpJbTiVpmT,visa,credit,False,59915,Chip,merchant_961083,Vienna,Vienna,28161,5912,pi_3UIB0AIIYr8v36zp0yolYZtw,1790011658,59269,usd,
cus_VImZWDoya1qc2Z,62,Female,Poland,156118,506,3,pm_1UIB0CIIYr8v36zpCV9YUgiK,visa,credit,False,88233,Online,merchant_104554,Seattle,Washington,36910,5541,pi_3UIB0CIIYr8v36zp1lAvui9s,1790011660,99138,usd,
cus_VImZQ6Y3N3Xne7,64,Male,Denmark,88908,680,3,pm_1UIB0DIIYr8v36zpqtI0LncF,visa,credit,True,75556,Contactless,merchant_688687,Paris,Île-de-France,20609,5311,pi_3UIB0EIIYr8v36zp05mKa9EA,1790011662,148376,eur,
cus_VImZEaa5hP9r7K,43,Male,Norway,36634,521,1,pm_1UIB0IIIYr8v36zpQtHmyyKY,visa,credit,False,929,Swipe,merchant_287479,Dublin,Leinster,88962,4111,pi_3UIB0IIIYr8v36zp1UJhvPsg,1790011666,379958,usd,
cus_VImZTsVvjjGn3r,75,Male,Norway,43130,829,1,pm_1UIB0JIIYr8v36zpXSnm9eLg,visa,credit,True,32763,Swipe,merchant_650327,Geneva,Geneva,40131,5999,pi_3UIB0KIIYr8v36zp0PixdYhU,1790011668,393276,usd,
cus_VImZJF2b0CqtnY,21,Female,Germany,177968,557,4,pm_1UIB0LIIYr8v36zpBmc02GRS,visa,credit,True,83146,Online,merchant_798576,Vienna,Vienna,95121,5732,pi_3UIB0LIIYr8v36zp1aWSLWEp,1790011669,272515,eur,
cus_VImZdy61R7E9Xn,44,Female,United States,125284,428,4,pm_1UIB0NIIYr8v36zpz7hwxe9f,visa,credit,False,56684,Chip,merchant_205390,Milan,Lombardy,72776,5411,pi_3UIB0NIIYr8v36zp1S8vk4gT,1790011671,454618,eur,
cus_VImZrz0e1PHhf7,54,Female,Finland,119525,487,2,pm_1UIB0OIIYr8v36zpDRKYYfEa,visa,credit,False,39722,Chip,merchant_117083,Milan,Lombardy,55793,5812,pi_3UIB0PIIYr8v36zp0PjrVM9M,1790011673,262294,usd,
cus_VImZn5UBekt6nM,72,Female,France,57037,663,1,pm_1UIB0QIIYr8v36zpA8XPVPWX,visa,credit,True,47776,Contactless,merchant_847764,Houston,Texas,65036,5311,pi_3UIB0QIIYr8v36zp1TZm6GIg,1790011674,95875,usd,
cus_VImZ8ict1SYnJt,48,Male,France,78129,422,1,pm_1UIB0SIIYr8v36zpfkGcwBAC,visa,credit,False,94485,Swipe,merchant_215295,Lyon,Auvergne-Rhône-Alpes,41854,5999,pi_3UIB0SIIYr8v36zp0J16Zfbw,1790011676,274001,usd,
cus_VImZJsnoQp2xEo,59,Male,Spain,190217,759,1,pm_1UIB0TIIYr8v36zpf6AsxQOJ,visa,credit,True,74740,Contactless,merchant_804877,Naples,Campania,25825,5912,pi_3UIB0UIIYr8v36zp0ibENCF6,1790011678,418527,usd,
cus_VImZTICDQbwUUD,80,Male,Denmark,63982,691,4,pm_1UIB0VIIYr8v36zpf1WjpfPf,visa,credit,False,28798,Online,merchant_796102,Lyon,Auvergne-Rhône-Alpes,10819,5732,pi_3UIB0WIIYr8v36zp1K5xUjRF,1790011680,467440,eur,
cus_VImZuhcCCpCNe6,55,Female,Sweden,157198,336,1,pm_1UIB0XIIYr8v36zpbrw2ItnP,visa,credit,True,69604,Online,merchant_719064,Brussels,Brussels,51492,5541,pi_3UIB0XIIYr8v36zp0HHnCHCJ,1790011681,16434,usd,
cus_VImZaXHTMnEOFH,65,Male,Denmark,199293,625,1,pm_1UIB0ZIIYr8v36zpOGXVCLUU,visa,credit,False,86562,Contactless,merchant_624746,Warsaw,Masovian,51358,5732,pi_3UIB0ZIIYr8v36zp0lK9wMCa,1790011683,365075,eur,
cus_VImZWdqKbEADYu,72,Male,Spain,126763,485,5,pm_1UIB0aIIYr8v36zp5wvbqKDI,visa,credit,True,81263,Swipe,merchant_407731,New York,New York,26394,5311,pi_3UIB0bIIYr8v36zp1KNwCHHr,1790011685,359199,usd,
cus_VImZ1uk9iUFRJ4,43,Male,Poland,178935,757,4,pm_1UIB0cIIYr8v36zp6v2ASDz1,visa,credit,True,77638,Chip,merchant_299883,Lyon,Auvergne-Rhône-Alpes,48413,4111,pi_3UIB0cIIYr8v36zp0dWZ5Yxt,1790011686,137944,eur,
cus_VImZKgfJcgdgHo,73,Male,Luxembourg,108727,673,3,pm_1UIB0dIIYr8v36zpOns55Aro,visa,credit,False,25756,Swipe,merchant_296479,Paris,Île-de-France,36218,5411,pi_3UIB0eIIYr8v36zp1gY0sM0k,1790011688,5927,usd,
cus_VImZbqMkIWXuKR,44,Female,United States,36355,488,4,pm_1UIB0fIIYr8v36zplkz8IBXd,visa,credit,True,71929,Contactless,merchant_414810,Boston,Massachusetts,62042,5411,pi_3UIB0fIIYr8v36zp1tL7vWp1,1790011689,295641,usd,
cus_VImZUDx1oWArVc,33,Female,Italy,178277,774,3,pm_1UIB0hIIYr8v36zpXQczhxe1,visa,credit,False,78529,Chip,merchant_657818,Copenhagen,Capital Region,65664,5311,pi_3UIB0hIIYr8v36zp1NUjMkgF,1790011691,264892,usd,
cus_VImZWnhnteRbmR,19,Female,Ireland,194175,813,2,pm_1UIB0iIIYr8v36zpvHVFya4P,visa,credit,True,34489,Chip,merchant_525949,Seattle,Washington,97790,5541,pi_3UIB0jIIYr8v36zp174MdnS3,1790011693,435041,usd,
cus_VImZZd4BTvBmjs,31,Male,Belgium,105874,479,5,pm_1UIB0kIIYr8v36zp2ANIut0E,visa,credit,False,88799,Contactless,merchant_563205,Boston,Massachusetts,98920,5999,pi_3UIB0kIIYr8v36zp0ig8zFCl,1790011695,325398,usd,
cus_VImZ5Quxuf7FOc,59,Female,Switzerland,52982,488,4,pm_1UIB0mIIYr8v36zphTRHJhOu,visa,credit,False,28031,Contactless,merchant_994461,Hamburg,Hamburg,32232,5311,pi_3UIB0mIIYr8v36zp0tzL2FOJ,1790011696,230561,eur,
cus_VImZSW68toI6QV,53,Male,Portugal,127318,544,5,pm_1UIB0oIIYr8v36zp5bryovYY,visa,credit,True,58993,Swipe,merchant_554113,Stockholm,Stockholm,12797,5411,pi_3UIB0oIIYr8v36zp0qGTx2eE,1790011698,200057,usd,
cus_VImZ6W5VgI0d96,51,Male,Switzerland,125789,331,5,pm_1UIB0pIIYr8v36zpn2SAIu66,visa,credit,False,3756,Swipe,merchant_247221,Chicago,Illinois,15836,5541,pi_3UIB0qIIYr8v36zp0ZfoyYXr,1790011700,269125,usd,
cus_VImaB9k99MH4CN,45,Female,France,128067,521,3,pm_1UIB0rIIYr8v36zpp20M3Mgk,visa,credit,True,47153,Chip,merchant_912404,Vienna,Vienna,66867,5812,pi_3UIB0rIIYr8v36zp0QqYzk58,1790011701,237279,eur,
cus_VIma5vJqvKgmJO,66,Female,Belgium,180095,310,1,pm_1UIB0sIIYr8v36zpRYEBRqCX,visa,credit,True,28904,Swipe,merchant_319504,Lisbon,Lisbon,97767,5311,pi_3UIB0tIIYr8v36zp0YAx8GFE,1790011703,327452,eur,
cus_VIma6JA5UFdkXg,41,Male,United States,79400,659,5,pm_1UIB0uIIYr8v36zp7YQXaG3I,visa,credit,True,58489,Chip,merchant_419795,Paris,Île-de-France,28011,5411,pi_3UIB0uIIYr8v36zp0q2X4LRL,1790011704,91816,eur,
cus_VIma8mAkAwB1fG,69,Male,Norway,41012,471,2,pm_1UIB0wIIYr8v36zp8784qRb4,visa,credit,False,86839,Online,merchant_394281,Lisbon,Lisbon,73879,4111,pi_3UIB0wIIYr8v36zp1EO0jJLd,1790011706,425164,usd,
cus_VImaNlX5qY1PWV,62,Female,Netherlands,68517,304,1,pm_1UIB0xIIYr8v36zpxlrq5BOU,visa,credit,False,83048,Swipe,merchant_748614,Lisbon,Lisbon,95580,5311,pi_3UIB0xIIYr8v36zp1BCwTk1v,1790011707,336876,usd,
cus_VImam2ywUHHD3M,60,Male,France,117660,800,1,pm_1UIB0zIIYr8v36zprW0JHaKu,visa,credit,False,27894,Chip,merchant_491759,Amsterdam,North Holland,48974,5541,pi_3UIB0zIIYr8v36zp0p30QnVm,1790011709,497358,usd,
cus_VImacM3MbRLMyx,35,Female,Belgium,140630,735,1,pm_1UIB10IIYr8v36zpsqOvn1RN,visa,credit,True,87999,Swipe,merchant_363989,Porto,Porto,45255,4111,pi_3UIB11IIYr8v36zp0143P9YY,1790011711,476517,usd,
cus_VImaxwz0dc0jkY,18,Male,Poland,113706,801,3,pm_1UIB12IIYr8v36zpCI6PmlkM,visa,credit,True,89186,Contactless,merchant_310679,Barcelona,Catalonia,29581,4111,pi_3UIB13IIYr8v36zp0mz0sy1y,1790011713,442027,usd,
cus_VImaZgmJ3mNTw8,70,Male,Czech Republic,122249,470,5,pm_1UIB14IIYr8v36zp6EwHQbB8,visa,credit,True,75891,Swipe,merchant_343107,Lyon,Auvergne-Rhône-Alpes,86150,5912,pi_3UIB14IIYr8v36zp1Qu0fv8A,1790011714,372563,usd,
cus_VImamdhtIGNUVS,26,Male,Switzerland,43483,783,2,pm_1UIB15IIYr8v36zpVRcmoXx0,visa,credit,True,84502,Swipe,merchant_193658,Oslo,Oslo,57596,5411,pi_3UIB16IIYr8v36zp0NsbXSzG,1790011716,424187,eur,
cus_VImaoIaDEwKAZU,34,Female,France,133406,823,5,pm_1UIB17IIYr8v36zp2wr6JG8n,visa,credit,True,69394,Contactless,merchant_594603,Oslo,Oslo,64161,4111,pi_3UIB17IIYr8v36zp1eJSCFvR,1790011717,89868,eur,
cus_VImaBfwmCZA0gC,75,Male,France,75334,850,3,pm_1UIB19IIYr8v36zprckIO3zn,visa,credit,False,74987,Chip,merchant_882187,Rome,Lazio,81563,5411,pi_3UIB19IIYr8v36zp1HfCFPox,1790011719,212566,eur,
cus_VIma59AdLFaBnc,49,Male,Denmark,84968,337,5,pm_1UIB1BIIYr8v36zp9dNecncO,visa,credit,True,74293,Chip,merchant_152191,Helsinki,Uusimaa,16738,5999,pi_3UIB1BIIYr8v36zp0T5ltliX,1790011721,259074,usd,
cus_VImaKtb8zoqYkS,57,Female,Denmark,114127,445,3,pm_1UIB1CIIYr8v36zpRGXgmYp8,visa,credit,True,64577,Chip,merchant_151526,Hamburg,Hamburg,23883,5411,pi_3UIB1DIIYr8v36zp03trpV7z,1790011723,401922,eur,
cus_VImaKpmaneGyU5,39,Female,Austria,123437,446,1,pm_1UIB1EIIYr8v36zp7UqMwJd8,visa,credit,True,53040,Contactless,merchant_670285,Marseille,Provence-Alpes-Côte d'Azur,66694,5732,pi_3UIB1EIIYr8v36zp0bZmrmBZ,1790011724,78285,usd,
cus_VIma11ylDV34RN,61,Female,Sweden,159841,705,4,pm_1UIB1FIIYr8v36zpb3oWmh2s,visa,credit,True,85997,Chip,merchant_788913,Los Angeles,California,92758,5541,pi_3UIB1GIIYr8v36zp1TNBMnAl,1790011726,213096,eur,
cus_VIma8WRngBQ9qg,40,Male,Netherlands,29392,451,4,pm_1UIB1HIIYr8v36zpHe0vF87P,visa,credit,False,24354,Online,merchant_151378,Boston,Massachusetts,92149,5812,pi_3UIB1IIIYr8v36zp13Dx0CIk,1790011728,381434,eur,
cus_VImabb1qgnfmem,25,Male,United States,78585,790,2,pm_1UIB1JIIYr8v36zpG5PAlFvN,visa,credit,True,80821,Online,merchant_697917,Paris,Île-de-France,21791,5999,pi_3UIB1KIIYr8v36zp1iQ4VsyP,1790011730,71726,usd,
cus_VIma0kfhuhh4za,21,Female,Netherlands,76089,661,3,pm_1UIB1LIIYr8v36zpBER8NBvA,visa,credit,True,72440,Chip,merchant_325446,Vienna,Vienna,23576,5732,pi_3UIB1LIIYr8v36zp00s9ZTQ5,1790011731,135917,eur,
cus_VImaT3a5popSoq,59,Female,Spain,84226,431,4,pm_1UIB1NIIYr8v36zpLPIZk6bH,visa,credit,True,35782,Online,merchant_729217,Lisbon,Lisbon,32253,5912,pi_3UIB1NIIYr8v36zp1D2AwvCC,1790011733,88233,usd,
cus_VImaONBxmLUfBu,64,Male,Ireland,186120,548,2,pm_1UIB1OIIYr8v36zplFQK6rdx,visa,credit,False,71375,Online,merchant_419056,Miami,Florida,91668,5541,pi_3UIB1OIIYr8v36zp0PFU4xr7,1790011734,491328,eur,
cus_VImaWXSNPyvqqy,65,Female,Czech Republic,24343,822,4,pm_1UIB1QIIYr8v36zpK3CKSZM1,visa,credit,True,35165,Online,merchant_467133,Oslo,Oslo,89297,5311,pi_3UIB1QIIYr8v36zp1ReRzlUt,1790011736,95694,eur,
cus_VImacr8yLdH1cJ,80,Male,Portugal,168580,729,4,pm_1UIB1RIIYr8v36zpC6GHhVti,visa,credit,True,11848,Online,merchant_389374,Paris,Île-de-France,82822,5999,pi_3UIB1SIIYr8v36zp1Okm0kGI,1790011738,185885,usd,
cus_VImavjjogI2NTr,41,Female,Spain,47997,658,5,pm_1UIB1TIIYr8v36zpq1VNfuM0,visa,credit,False,81136,Chip,merchant_136342,Rotterdam,South Holland,50639,5541,pi_3UIB1TIIYr8v36zp1QdHmXsh,1790011739,208477,eur,
cus_VImaXTrRKtMdzx,51,Female,Switzerland,132982,630,2,pm_1UIB1UIIYr8v36zp3m3OFwpU,visa,credit,False,87546,Contactless,merchant_396564,Stockholm,Stockholm,81692,4111,pi_3UIB1VIIYr8v36zp05X59O2w,1790011741,416784,eur,
cus_VImaw1suGnrZBC,30,Male,Spain,178613,385,5,pm_1UIB1WIIYr8v36zp2Trxflw5,visa,credit,True,68120,Online,merchant_469665,Oslo,Oslo,39260,4111,pi_3UIB1XIIYr8v36zp1BQaOsjF,1790011743,303204,usd,
cus_VImalLKUI1YMHe,63,Male,Finland,108210,685,4,pm_1UIB1YIIYr8v36zp3eKnKzNu,visa,credit,True,86341,Online,merchant_187088,Vienna,Vienna,18348,5912,pi_3UIB1YIIYr8v36zp0snBjhEU,1790011744,319896,eur,
cus_VImabsHxekiBSL,51,Female,United States,107585,582,4,pm_1UIB1aIIYr8v36zpRa2nt2Cg,visa,credit,False,42218,Online,merchant_372546,Warsaw,Masovian,49510,5912,pi_3UIB1aIIYr8v36zp1A3D60Sj,1790011746,126961,usd,
cus_VImaS788GLAoJC,49,Female,Luxembourg,173143,744,2,pm_1UIB1bIIYr8v36zpLyDbBxrZ,visa,credit,True,88900,Swipe,merchant_712361,Milan,Lombardy,90420,5411,pi_3UIB1cIIYr8v36zp1sRjVgFL,1790011748,309256,usd,
cus_VImaXMGuTqvplN,57,Female,France,111613,758,1,pm_1UIB1dIIYr8v36zp6cIkRUKQ,visa,credit,True,49881,Online,merchant_618344,Geneva,Geneva,80312,5541,pi_3UIB1dIIYr8v36zp1EtnkyjZ,1790011749,431433,usd,
cus_VImaExWM01uJqC,49,Male,Italy,33378,772,1,pm_1UIB1eIIYr8v36zpF3qcqdG1,visa,credit,True,79879,Contactless,merchant_261594,Barcelona,Catalonia,89957,5732,pi_3UIB1fIIYr8v36zp1EdIVB4s,1790011751,20156,eur,
cus_VImaLTbPg0ZwGp,49,Male,Belgium,193003,730,1,pm_1UIB1gIIYr8v36zpuI4ERzJb,visa,credit,True,70847,Chip,merchant_935701,Warsaw,Masovian,32367,5912,pi_3UIB1gIIYr8v36zp1Ulesq4H,1790011753,222666,eur,
cus_VIma1zndGkSe54,56,Male,Portugal,135714,682,3,pm_1UIB1iIIYr8v36zpUNtGvmMT,visa,credit,False,38688,Chip,merchant_611730,Lyon,Auvergne-Rhône-Alpes,11157,5541,pi_3UIB1iIIYr8v36zp1u1oFFG7,1790011755,23103,eur,
cus_VImaJpyAW8xGNp,78,Female,Norway,162159,751,1,pm_1UIB1kIIYr8v36zpD7sw4z5O,visa,credit,True,24728,Swipe,merchant_821579,Marseille,Provence-Alpes-Côte d'Azur,58539,5812,pi_3UIB1lIIYr8v36zp1Pr6uZaS,1790011757,427123,eur,
cus_VImaHY84s25Jwu,62,Female,Denmark,164619,548,5,pm_1UIB1mIIYr8v36zpVxmdIMvH,visa,credit,True,31817,Swipe,merchant_235746,Boston,Massachusetts,66945,4111,pi_3UIB1nIIYr8v36zp1fFAcl5t,1790011759,270001,usd,
cus_VImbEWFFlxyV3f,52,Female,Spain,198353,570,2,pm_1UIB1oIIYr8v36zpUMrz5xYE,visa,credit,False,68798,Swipe,merchant_575447,Los Angeles,California,28599,5912,pi_3UIB1oIIYr8v36zp1fefCQoK,1790011760,96044,usd,
cus_VImbMgnh52UFfv,70,Male,Finland,182044,422,3,pm_1UIB1pIIYr8v36zpa4YMc6dM,visa,credit,False,58519,Swipe,merchant_841204,Copenhagen,Capital Region,19606,5999,pi_3UIB1qIIYr8v36zp0bczdRrB,1790011762,24953,eur,
cus_VImbJMGvgrhUc1,20,Male,Ireland,108444,834,4,pm_1UIB1rIIYr8v36zpH8yQtOz2,visa,credit,True,13277,Chip,merchant_529957,Berlin,Berlin,85692,5732,pi_3UIB1sIIYr8v36zp0F8Yb50r,1790011764,428720,eur,
cus_VImb2hglUKA2hq,70,Female,Germany,193919,375,5,pm_1UIB1tIIYr8v36zpyBP0Q5g7,visa,credit,True,4959,Online,merchant_206380,Dublin,Leinster,53049,5812,pi_3UIB1tIIYr8v36zp1s5OGFYK,1790011765,310557,usd,
cus_VImbjJqU9oEcuF,24,Female,Denmark,184988,713,2,pm_1UIB1vIIYr8v36zpRuBu4frQ,visa,credit,True,82578,Chip,merchant_615674,Boston,Massachusetts,81839,5411,pi_3UIB1vIIYr8v36zp0uwT5ffC,1790011767,440748,usd,
cus_VImbkxLBltevZ0,50,Male,Italy,145961,750,2,pm_1UIB1wIIYr8v36zpu5a1OcXs,visa,credit,False,65452,Swipe,merchant_693152,Vienna,Vienna,93055,5812,pi_3UIB1xIIYr8v36zp121ZaH3x,1790011769,192959,eur,
cus_VImbveQofGuJZ7,53,Male,Luxembourg,34026,716,3,pm_1UIB1yIIYr8v36zpNjUGiPOk,visa,credit,False,20286,Chip,merchant_527502,New York,New York,72899,5541,pi_3UIB1yIIYr8v36zp0COgurdU,1790011770,189584,usd,
cus_VImbKLofQBA4C2,78,Female,Spain,168196,595,3,pm_1UIBFlIIYr8v36zp7XlYDhJw,visa,credit,False,28579,Contactless,merchant_284297,Warsaw,Masovian,53351,5411,pi_3UIBFmIIYr8v36zp1aEZ0e4i,1790012626,450950,eur,
cus_VImpYlGtzZXTGr,60,Male,Germany,199869,569,2,pm_1UIBFnIIYr8v36zplklH5Si6,visa,credit,True,94233,Contactless,merchant_675561,Valencia,Valencian Community,69016,4111,pi_3UIBFnIIYr8v36zp1JP0qtsm,1790012627,447181,usd,
cus_VImpmwjFMiaMeL,54,Female,Spain,67660,369,3,pm_1UIBFoIIYr8v36zpkB6IDvff,visa,credit,False,37304,Chip,merchant_402722,Seattle,Washington,74942,5541,pi_3UIBFoIIYr8v36zp0LMLFxXi,1790012628,347438,eur,
cus_VImppuIVK2hRAc,61,Female,Czech Republic,182036,389,3,pm_1UIBFqIIYr8v36zp58p7nur4,visa,credit,False,70350,Swipe,merchant_843534,Barcelona,Catalonia,39485,5311,pi_3UIBFqIIYr8v36zp1ASqWFr5,1790012630,77038,usd,
cus_VImpi8naLRn0fd,72,Female,Norway,35989,652,4,pm_1UIBFrIIYr8v36zpjH8uE33c,visa,credit,True,33122,Online,merchant_394303,Helsinki,Uusimaa,24316,5541,pi_3UIBFsIIYr8v36zp0Aq5VdS3,1790012632,50387,eur,
cus_VImp5uPjdeA9Vr,33,Female,Germany,115955,647,3,pm_1UIBFtIIYr8v36zpqyjoRNlF,visa,credit,False,2871,Chip,merchant_947552,New York,New York,85551,4111,pi_3UIBFtIIYr8v36zp0sOZ9qz0,1790012633,310123,eur,
cus_VImpSKzGeG876t,47,Male,Italy,100420,571,3,pm_1UIBFuIIYr8v36zpsio65HeH,visa,credit,False,53313,Contactless,merchant_232636,Lyon,Auvergne-Rhône-Alpes,60732,5812,pi_3UIBFuIIYr8v36zp0C69vm7u,1790012634,276741,usd,
cus_VImpqSH2JfydMZ,69,Male,Denmark,91804,818,3,pm_1UIBFvIIYr8v36zpxBYF8oCi,visa,credit,False,60305,Online,merchant_339678,Prague,Prague,32659,5912,pi_3UIBFwIIYr8v36zp1S8VhVBA,1790012636,376844,eur,
cus_VImpBK0eD6dtDh,35,Female,Portugal,137509,540,3,pm_1UIBFxIIYr8v36zpR8EFh9nY,visa,credit,True,15043,Swipe,merchant_760185,Rotterdam,South Holland,84817,5732,pi_3UIBFxIIYr8v36zp1gr0ITj0,1790012637,137541,eur,
cus_VImpjGvQfUVyhe,40,Female,France,196665,697,5,pm_1UIBFzIIYr8v36zpmvNaD5Im,visa,credit,True,65920,Contactless,merchant_648998,Naples,Campania,50157,5912,pi_3UIBFzIIYr8v36zp1mYkS2yn,1790012639,175756,usd,
cus_VImpDmxZOOwmVV,60,Male,Austria,188682,781,2,pm_1UIBG0IIYr8v36zpvPMnzDTB,visa,credit,False,69096,Contactless,merchant_914273,Warsaw,Masovian,82093,5411,pi_3UIBG1IIYr8v36zp0J1VbEYr,1790012641,253817,eur,
cus_VImpntaD7Cb7qk,33,Male,Finland,92029,493,3,pm_1UIBG2IIYr8v36zpdLhYwWaD,visa,credit,True,24402,Contactless,merchant_584184,Helsinki,Uusimaa,46025,5541,pi_3UIBG2IIYr8v36zp1q1VbuMO,1790012642,362852,usd,
cus_VImpfxZO3LZqFU,78,Female,Ireland,181647,314,4,pm_1UIBG4IIYr8v36zpSkqonZei,visa,credit,False,5226,Swipe,merchant_698376,Paris,Île-de-France,86118,5311,pi_3UIBG4IIYr8v36zp1ns5ue3S,1790012644,77059,usd,
cus_VImp6gJvhxB7QQ,45,Male,Finland,40765,663,1,pm_1UIBG5IIYr8v36zpVBTXvuTh,visa,credit,False,58150,Swipe,merchant_671782,Marseille,Provence-Alpes-Côte d'Azur,90949,5812,pi_3UIBG5IIYr8v36zp0mYylOiW,1790012645,215681,usd,
cus_VImp84YSXDGEqt,61,Female,Norway,145467,563,4,pm_1UIBG7IIYr8v36zp9tLhXUgN,visa,credit,False,48297,Online,merchant_786415,Los Angeles,California,12835,5311,pi_3UIBG7IIYr8v36zp0hhckomP,1790012647,257155,usd,
cus_VImp18bZP52iL0,24,Female,Belgium,147018,761,4,pm_1UIBG8IIYr8v36zpQ7UV8nMi,visa,credit,True,31337,Chip,merchant_493188,New York,New York,53494,5541,pi_3UIBG9IIYr8v36zp1mG3YTPI,1790012649,94995,usd,
cus_VImpLZa7L5I0DZ,67,Female,Norway,75283,402,4,pm_1UIBGAIIYr8v36zprvhz8VMg,visa,credit,False,84181,Chip,merchant_794959,Copenhagen,Capital Region,13084,4111,pi_3UIBGBIIYr8v36zp1mbwepfZ,1790012651,99509,eur,
cus_VImpoNxGn6mTBC,71,Female,Sweden,178230,798,5,pm_1UIBGCIIYr8v36zpu8qclOJD,visa,credit,True,45004,Chip,merchant_444206,Warsaw,Masovian,71378,5732,pi_3UIBGCIIYr8v36zp0xRnFHQj,1790012652,307925,usd,
cus_VImpCY9X1Kg2Ug,48,Female,Ireland,85086,478,5,pm_1UIBGEIIYr8v36zpJZBCGUmc,visa,credit,False,70050,Swipe,merchant_153914,New York,New York,85404,5912,pi_3UIBGEIIYr8v36zp0RITuZ69,1790012654,128512,eur,
cus_VImp4aCEQ33TAU,60,Female,Denmark,104570,689,2,pm_1UIBGFIIYr8v36zppjFB1ITn,visa,credit,False,91163,Online,merchant_641254,Rome,Lazio,72346,5541,pi_3UIBGFIIYr8v36zp08BPfkYo,1790012655,371314,eur,
cus_VImpBX6e4kQxlm,53,Male,Belgium,69233,672,1,pm_1UIBGHIIYr8v36zpA0CsGKOj,visa,credit,True,84044,Online,merchant_424171,Geneva,Geneva,96606,5411,pi_3UIBGHIIYr8v36zp0VFgm4bc,1790012657,493038,usd,
cus_VImpW4CrUqI3DT,80,Male,Norway,33197,782,5,pm_1UIBGIIIYr8v36zpGvgS89wq,visa,credit,True,524,Contactless,merchant_932805,Munich,Bavaria,95051,5541,pi_3UIBGJIIYr8v36zp1xKVHjKz,1790012659,37828,eur,
cus_VImp8o0NS6KOYN,61,Male,Czech Republic,47106,411,5,pm_1UIBGKIIYr8v36zp56aiSCqb,visa,credit,True,53974,Online,merchant_369509,Madrid,Community of Madrid,75643,5912,pi_3UIBGKIIYr8v36zp11GjaItX,1790012660,277753,eur,
cus_VImqR7RdqGxmhE,37,Male,Netherlands,82214,839,1,pm_1UIBGMIIYr8v36zpEqTrl3OX,visa,credit,True,97176,Contactless,merchant_558649,Stockholm,Stockholm,30131,5311,pi_3UIBGMIIYr8v36zp0G7FeQVp,1790012662,184755,eur,
cus_VImqCnBaEStsnF,65,Male,Spain,180102,495,1,pm_1UIBGNIIYr8v36zp3ZzXpoGs,visa,credit,False,47080,Contactless,merchant_455063,Marseille,Provence-Alpes-Côte d'Azur,95319,5411,pi_3UIBGNIIYr8v36zp0CtGeBnG,1790012664,148584,usd,
cus_VImqVUZl5XBFPa,33,Female,Finland,138932,435,3,pm_1UIBGPIIYr8v36zprgr457MS,visa,credit,True,78824,Swipe,merchant_400071,Lisbon,Lisbon,88862,5411,pi_3UIBGPIIYr8v36zp04dh4CnP,1790012665,47236,eur,
cus_VImq2ifcxrB6tf,39,Male,Switzerland,69275,744,4,pm_1UIBGQIIYr8v36zpq7zQtRAc,visa,credit,False,18386,Chip,merchant_871865,Lisbon,Lisbon,92120,5999,pi_3UIBGRIIYr8v36zp1lKsJaGH,1790012667,93731,usd,
cus_VImqU4w2GLXgL4,69,Male,Netherlands,61910,331,3,pm_1UIBGSIIYr8v36zp9b3dVmGH,visa,credit,True,14175,Swipe,merchant_763400,Helsinki,Uusimaa,27950,5912,pi_3UIBGSIIYr8v36zp0FZEx5VL,1790012668,195911,eur,
cus_VImqh1rOveGwOz,56,Female,Norway,91494,407,2,pm_1UIBGTIIYr8v36zpVeDuA0r2,visa,credit,False,75295,Chip,merchant_584155,Madrid,Community of Madrid,74662,5732,pi_3UIBGUIIYr8v36zp0KBILpyb,1790012670,264002,usd,
cus_VImqo67Bli4MNx,73,Female,Poland,113706,402,2,pm_1UIBGVIIYr8v36zpMETi6uqY,visa,credit,True,14038,Swipe,merchant_249436,Munich,Bavaria,70003,4111,pi_3UIBGVIIYr8v36zp1ip8DDpV,1790012671,255150,usd,
cus_VImqeMI7rXJ2hS,52,Male,Spain,141311,327,5,pm_1UIBGXIIYr8v36zp9a66MGpM,visa,credit,True,11698,Chip,merchant_296195,Geneva,Geneva,50049,5311,pi_3UIBGXIIYr8v36zp1Xdh5p8A,1790012673,366951,eur,
cus_VImqTgVmhkwkp3,39,Female,United States,95278,694,4,pm_1UIBGYIIYr8v36zpLVbTvvV0,visa,credit,False,87987,Contactless,merchant_148469,Munich,Bavaria,19005,4111,pi_3UIBGYIIYr8v36zp1Ec8LuX1,1790012674,277737,usd,
cus_VImql29Acpvvef,43,Male,Belgium,86618,765,1,pm_1UIBGaIIYr8v36zpXlBikwpX,visa,credit,False,49700,Chip,merchant_977869,Madrid,Community of Madrid,15603,5732,pi_3UIBGaIIYr8v36zp1vt9hSjS,1790012676,172435,usd,
cus_VImqNRxGV4UNA9,77,Female,United States,82660,465,1,pm_1UIBGbIIYr8v36zpuA0j5Cfj,visa,credit,True,50793,Chip,merchant_516786,Helsinki,Uusimaa,23850,5541,pi_3UIBGcIIYr8v36zp1TmKXepd,1790012678,238288,eur,
cus_VImquxcliDBPWz,64,Male,Czech Republic,56799,552,5,pm_1UIBGdIIYr8v36zptUJUkeFm,visa,credit,True,54216,Swipe,merchant_381965,Brussels,Brussels,70479,5912,pi_3UIBGdIIYr8v36zp03lZuHNT,1790012679,76032,eur,
cus_VImq8ecSjqWyNs,47,Female,Germany,52794,723,4,pm_1UIBGfIIYr8v36zp8oLjhNQF,visa,credit,False,87335,Chip,merchant_774024,Amsterdam,North Holland,14554,5411,pi_3UIBGfIIYr8v36zp0WZKlo7R,1790012681,123202,usd,
