customer_id,age,gender,country,annual_income,credit_score,number_of_cards,card_id,card_brand,card_type,has_chip,credit_limit,card_usage_method,merchant_id,merchant_city,merchant_state,postal_code,merchant_category_code,transaction_id,transaction_timestamp,amount,currency,transaction_error
cus_VIllGcjfWm1xfa,28,Male,United States,162597,355,3,pm_1UIADoIIYr8v36zpNIzpoKJx,visa,credit,False,38475,Online,merchant_739491,Barcelona,Catalonia,95444,5541,pi_3UIADpIIYr8v36zp0Q5wo4ew,1790008661,119859,eur,
cus_VIlldTklnvuyya,30,Male,Switzerland,103128,404,4,pm_1UIADqIIYr8v36zp79mgqJNr,visa,credit,False,86954,Contactless,merchant_551944,Rotterdam,South Holland,19604,5541,pi_3UIADrIIYr8v36zp1AiYZve0,1790008663,439722,eur,
cus_VIllc7s6ANNE7v,59,Female,Denmark,81114,626,5,pm_1UIADsIIYr8v36zpI91cuzWK,visa,credit,True,82560,Online,merchant_106351,Houston,Texas,84949,5732,pi_3UIADsIIYr8v36zp0KxWQfhX,1790008664,384268,eur,
cus_VIlltgAjmLgs9G,26,Male,United States,90104,473,4,pm_1UIADuIIYr8v36zp3Sj3jYqy,visa,credit,False,1481,Contactless,merchant_702617,Houston,Texas,80896,5541,pi_3UIADuIIYr8v36zp113s3bd7,1790008666,246782,usd,
cus_VIllaHU8JNwqlc,42,Male,Poland,192541,757,3,pm_1UIADvIIYr8v36zpLfCS93S4,visa,credit,False,70602,Chip,merchant_515650,Porto,Porto,25233,5999,pi_3UIADvIIYr8v36zp1wCpSwXK,1790008667,58825,usd,
cus_VIllIa3bbOSgTm,68,Male,Spain,38384,430,5,pm_1UIADwIIYr8v36zpR8y9kYC7,visa,credit,False,92715,Contactless,merchant_880968,Milan,Lombardy,36431,4111,pi_3UIADxIIYr8v36zp1R3k2VLs,1790008669,387030,usd,
cus_VIllqADgv1xcYK,79,Male,Switzerland,161650,415,2,pm_1UIADyIIYr8v36zpkajkXchK,visa,credit,True,18392,Swipe,merchant_998302,Marseille,Provence-Alpes-Côte d'Azur,56720,5912,pi_3UIADyIIYr8v36zp0MvaS3Lj,1790008670,124493,eur,
cus_VIllprhgLtGkXk,59,Male,Czech Republic,143539,495,3,pm_1UIAE0IIYr8v36zpFyO3zYmL,visa,credit,True,79950,Chip,merchant_158680,Paris,Île-de-France,28633,5912,pi_3UIAE0IIYr8v36zp0zA3h2EM,1790008672,318715,eur,
cus_VIllDN7BVVp1j8,75,Male,Spain,197658,339,5,pm_1UIAE1IIYr8v36zpETivISBj,visa,credit,False,73321,Online,merchant_394939,Stockholm,Stockholm,17997,5812,pi_3UIAE2IIYr8v36zp1RmgkEFf,1790008674,76516,eur,
cus_VIll4S8kR7w3F4,67,Male,Ireland,39890,531,4,pm_1UIAE3IIYr8v36zplHKiItW9,visa,credit,False,69383,Chip,merchant_311240,Paris,Île-de-France,99206,5732,pi_3UIAE3IIYr8v36zp1fFv7bhq,1790008675,210850,eur,
cus_VIllavjYszF5Gw,67,Male,Denmark,30166,828,4,pm_1UIAE4IIYr8v36zpFntgKzZV,visa,credit,False,45591,Online,merchant_130118,Hamburg,Hamburg,16267,5812,pi_3UIAE5IIYr8v36zp1FrsjMmO,1790008677,290028,eur,
cus_VIllw1UKFnf4py,41,Male,United States,180112,825,3,pm_1UIAE6IIYr8v36zpHRt51bnt,visa,credit,False,37253,Contactless,merchant_928511,Valencia,Valencian Community,58026,5732,pi_3UIAE6IIYr8v36zp0KVRZYWq,1790008678,181063,usd,
cus_VIllnDdun36Uh0,26,Female,Netherlands,88897,850,4,pm_1UIAE7IIYr8v36zpTxJUSQcw,visa,credit,True,10290,Swipe,merchant_284456,Paris,Île-de-France,34854,5912,pi_3UIAE8IIYr8v36zp18EbZvG3,1790008680,163214,eur,
cus_VIllnmnrU68BO8,18,Female,Norway,75439,487,1,pm_1UIAE9IIYr8v36zpFCVWLid2,visa,credit,True,39256,Contactless,merchant_482930,Zurich,Zurich,26983,5541,pi_3UIAE9IIYr8v36zp1l7lohCA,1790008681,12635,eur,
cus_VIllhNlk2n6QA7,20,Male,Ireland,148068,677,5,pm_1UIAEAIIYr8v36zpuOO3G5sP,visa,credit,True,66778,Online,merchant_312929,Boston,Massachusetts,77359,4111,pi_3UIAEBIIYr8v36zp1Yh97Gij,1790008683,238866,usd,
cus_VIllYhAZp48vrD,18,Female,Germany,74781,539,2,pm_1UIAECIIYr8v36zpXIYTPVU2,visa,credit,True,45566,Chip,merchant_506960,Milan,Lombardy,55461,5732,pi_3UIAECIIYr8v36zp0T0S0fVs,1790008684,290276,usd,
cus_VIllJoApoVB9JD,71,Female,Norway,94776,648,3,pm_1UIAEEIIYr8v36zpjFCdxzDC,visa,credit,True,21593,Contactless,merchant_641815,Stockholm,Stockholm,95642,5999,pi_3UIAEEIIYr8v36zp0BWSAcoA,1790008686,113077,usd,
cus_VIllWaQxGsep8M,56,Female,Finland,168532,668,1,pm_1UIAEFIIYr8v36zpC6PwoEqT,visa,credit,False,21321,Online,merchant_518447,Prague,Prague,50968,5912,pi_3UIAEGIIYr8v36zp0WcL50SH,1790008688,423307,eur,
cus_VIllONgkfQcUrn,54,Female,Norway,65733,441,3,pm_1UIAEHIIYr8v36zpL1HBnDWD,visa,credit,False,6133,Online,merchant_940706,Houston,Texas,12823,5912,pi_3UIAEIIIYr8v36zp15q51GYy,1790008690,63819,eur,
cus_VIlluvyb9BjwcH,50,Female,Germany,123494,850,1,pm_1UIAEJIIYr8v36zpNWVAaCHl,visa,credit,False,96315,Chip,merchant_854124,Barcelona,Catalonia,49853,5912,pi_3UIAEJIIYr8v36zp1pD2EYHq,1790008691,312401,usd,
cus_VIllMStFCCu4eW,51,Female,Norway,30888,494,1,pm_1UIAEKIIYr8v36zp5yKYw95V,visa,credit,False,49520,Swipe,merchant_722615,Los Angeles,California,58684,4111,pi_3UIAELIIYr8v36zp0iSIWLPH,1790008693,452745,eur,
cus_VIllwMQem9Pmu0,64,Male,Portugal,82855,448,5,pm_1UIAEMIIYr8v36zpHpbqS041,visa,credit,True,25506,Contactless,merchant_225320,Copenhagen,Capital Region,78879,5812,pi_3UIAEMIIYr8v36zp1GtJvxgN,1790008694,120638,usd,
cus_VIll52MaooBtwl,31,Male,United States,164375,325,4,pm_1UIAENIIYr8v36zpoVVHBkrr,visa,credit,True,71562,Swipe,merchant_403313,Hamburg,Hamburg,25759,5411,pi_3UIAEOIIYr8v36zp14oWSadq,1790008696,420063,usd,
cus_VIllHevsS9anaP,47,Female,Norway,94361,416,4,pm_1UIAEPIIYr8v36zpQrsN0G2B,visa,credit,False,99620,Swipe,merchant_757390,Milan,Lombardy,24550,5999,pi_3UIAEPIIYr8v36zp0fBRYOTK,1790008697,21231,eur,
cus_VIllVBcNGB9fCH,51,Male,United States,94553,512,1,pm_1UIAEQIIYr8v36zp8NlyDNrY,visa,credit,False,47765,Swipe,merchant_299847,Valencia,Valencian Community,74420,5311,pi_3UIAERIIYr8v36zp1a3wEHs2,1790008699,343244,eur,
cus_VIlmKop5dpiw3Z,51,Female,Netherlands,145185,562,1,pm_1UIAESIIYr8v36zpSq6pr6Ib,visa,credit,True,99187,Online,merchant_922532,New York,New York,26736,5411,pi_3UIAESIIYr8v36zp16HntjWn,1790008701,166879,eur,
cus_VIlmAObxgoZRTX,74,Female,France,20204,400,3,pm_1UIAEUIIYr8v36zpYzp3gTcq,visa,credit,False,93846,Contactless,merchant_345127,Los Angeles,California,51874,5912,pi_3UIAEUIIYr8v36zp0emmWgk0,1790008702,362456,eur,
cus_VIlmvr9bAwKQ4h,60,Male,Finland,184934,794,2,pm_1UIAEVIIYr8v36zpUSE9eUYT,visa,credit,False,63166,Online,merchant_418429,Helsinki,Uusimaa,92651,5411,pi_3UIAEWIIYr8v36zp1CaAMZvJ,1790008704,481431,usd,
cus_VIlm6WcDsf64t6,21,Female,Poland,141133,604,4,pm_1UIAEXIIYr8v36zpCiggyxWE,visa,credit,False,30034,Chip,merchant_460714,Stockholm,Stockholm,89949,5411,pi_3UIAEYIIYr8v36zp0Dc0XDWE,1790008706,284379,eur,
cus_VIlmbEdONg6Eww,68,Male,Switzerland,81113,724,5,pm_1UIAEZIIYr8v36zpa09QKDv4,visa,credit,True,42630,Chip,merchant_868045,Milan,Lombardy,96940,4111,pi_3UIAEZIIYr8v36zp07ft6oau,1790008707,286300,usd,
cus_VIlmkB3agu3B8x,19,Female,Poland,185409,826,5,pm_1UIAEaIIYr8v36zpkAmgFJHK,visa,credit,True,8939,Chip,merchant_480881,Dublin,Leinster,46702,5812,pi_3UIAEbIIYr8v36zp1FAWkZK1,1790008709,74459,eur,
cus_VIlmSMyFKXduAC,37,Male,United States,115168,454,4,pm_1UIAEcIIYr8v36zpUhDmf0uQ,visa,credit,False,33089,Contactless,merchant_103636,Geneva,Geneva,10173,5999,pi_3UIAEcIIYr8v36zp0eI9tNAT,1790008710,336504,eur,
cus_VIlmC2YssHCE8s,20,Female,Czech Republic,74384,412,4,pm_1UIAEeIIYr8v36zpupKRUgfD,visa,credit,True,69228,Swipe,merchant_582812,Vienna,Vienna,93346,5999,pi_3UIAEeIIYr8v36zp0OdK7MUD,1790008712,210866,eur,
cus_VIlmX9OiaggfS9,40,Female,Poland,144180,449,3,pm_1UIAEgIIYr8v36zpK2pDh8lC,visa,credit,False,76635,Chip,merchant_965159,Geneva,Geneva,44456,5541,pi_3UIAEgIIYr8v36zp1xRWXUYS,1790008714,208767,usd,
cus_VIlmHaFvfpQt4o,52,Male,Poland,75584,472,1,pm_1UIAEhIIYr8v36zpeZUdMnvV,visa,credit,True,62263,Swipe,merchant_373002,Porto,Porto,29312,5812,pi_3UIAEhIIYr8v36zp0bIU6TML,1790008715,319856,eur,
cus_VIlmXX06ul3J8W,57,Male,Denmark,121022,816,4,pm_1UIAEjIIYr8v36zpiCfXyrs7,visa,credit,True,24435,Swipe,merchant_697933,Zurich,Zurich,83982,5732,pi_3UIAEjIIYr8v36zp0u47qR14,1790008717,208978,usd,
cus_VIlm1ynxZNvgXR,26,Female,Denmark,86611,508,3,pm_1UIAEkIIYr8v36zpfNRbW3Re,visa,credit,True,17632,Chip,merchant_590599,Milan,Lombardy,97353,5999,pi_3UIAEkIIYr8v36zp0tnXGeLY,1790008718,470115,eur,
cus_VIlmIRr17Ud0qw,34,Female,Luxembourg,57222,304,2,pm_1UIAElIIYr8v36zpC0eBjq7o,visa,credit,False,31902,Swipe,merchant_908686,Seattle,Washington,17197,5732,pi_3UIAEmIIYr8v36zp1fH1WPrJ,1790008720,288983,usd,
cus_VIlmW8dl0Qfoaj,54,Male,Norway,86766,831,5,pm_1UIAEnIIYr8v36zp3n8dqSSo,visa,credit,False,19655,Contactless,merchant_545119,Geneva,Geneva,16130,5541,pi_3UIAEnIIYr8v36zp0FcpzlrQ,1790008721,4306,usd,
cus_VIlmlPsmjzfCJM,80,Male,United States,130250,508,2,pm_1UIAEoIIYr8v36zp9UNVRleE,visa,credit,False,3320,Chip,merchant_183672,Brussels,Brussels,89888,5311,pi_3UIAEpIIYr8v36zp1lq6z9tG,1790008723,127656,eur,
cus_VIlmJrUCwXOeH5,34,Female,Norway,109867,506,4,pm_1UIAEqIIYr8v36zp9hAZ7PAL,visa,credit,False,69640,Contactless,merchant_488007,Madrid,Community of Madrid,38991,5912,pi_3UIAEqIIYr8v36zp0uzIFhoN,1790008724,317571,usd,
cus_VIlm5gRRS6PHf4,63,Male,Italy,81871,527,2,pm_1UIAEsIIYr8v36zp1pi5vBqW,visa,credit,False,54450,Swipe,merchant_588336,Warsaw,Masovian,60007,5999,pi_3UIAEsIIYr8v36zp0FfpVKof,1790008726,498781,usd,
cus_VIlmVXd0LCPHUE,69,Male,Belgium,25249,767,1,pm_1UIAEtIIYr8v36zpTzq5fAhX,visa,credit,False,50851,Swipe,merchant_609787,Amsterdam,North Holland,63870,4111,pi_3UIAEuIIYr8v36zp05LEe8Em,1790008728,83110,usd,
cus_VIlmOSArWdCyda,64,Male,Luxembourg,187522,637,1,pm_1UIAEvIIYr8v36zp53aHy6aI,visa,credit,False,31376,Swipe,merchant_792507,Helsinki,Uusimaa,19617,5912,pi_3UIAEvIIYr8v36zp1HorPrkL,1790008729,42227,usd,
cus_VIlmrB3eQM9q9y,76,Male,Portugal,93012,443,5,pm_1UIAEwIIYr8v36zpaxU0vSIu,visa,credit,True,61101,Online,merchant_291217,Oslo,Oslo,42106,5999,pi_3UIAExIIYr8v36zp04zGjti6,1790008731,467132,usd,
cus_VIlmAvNHUA61ft,43,Male,Netherlands,154845,734,2,pm_1UIAEyIIYr8v36zpqNzafnln,visa,credit,False,85600,Online,merchant_754472,Porto,Porto,66455,5541,pi_3UIAEzIIYr8v36zp04scz3lf,1790008733,352725,usd,
cus_VIlmRVfBUvg5iH,70,Female,Portugal,64421,842,1,pm_1UIAF0IIYr8v36zpCsyc64yv,visa,credit,True,71044,Chip,merchant_709001,Vienna,Vienna,63355,5912,pi_3UIAF0IIYr8v36zp0fq821G4,1790008734,142420,usd,
cus_VIlmfG9hB4PZky,45,Male,Spain,193823,741,5,pm_1UIAF1IIYr8v36zpI2vszksC,visa,credit,True,82261,Online,merchant_931490,Hamburg,Hamburg,54385,5411,pi_3UIAF2IIYr8v36zp0vtg1V1C,1790008736,372132,usd,
cus_VIlmnz5wPrJZp0,35,Female,Czech Republic,144661,693,2,pm_1UIAF3IIYr8v36zp1zcnLnhe,visa,credit,True,21577,Chip,merchant_343708,Brussels,Brussels,42353,5732,pi_3UIAF3IIYr8v36zp14eu43ZS,1790008737,328678,eur,
cus_VIlmWhaZGnRCpP,47,Male,Finland,117226,411,3,pm_1UIAF5IIYr8v36zpNUe6mZt9,visa,credit,True,35417,Swipe,merchant_792902,Milan,Lombardy,75144,4111,pi_3UIAF5IIYr8v36zp1D1C2Er1,1790008739,257621,usd,
cus_VIlmsZ58VFffTO,67,Male,Czech Republic,151500,729,1,pm_1UIAF6IIYr8v36zpWYKKEs7M,visa,credit,False,9499,Chip,merchant_945080,Miami,Florida,78736,5732,pi_3UIAF7IIYr8v36zp1H6EkXQh,1790008741,249760,eur,
cus_VIlmEjOouiUESP,79,Female,Sweden,105251,371,3,pm_1UIAF8IIYr8v36zpAZxfGTaj,visa,credit,True,43310,Chip,merchant_478440,Lisbon,Lisbon,59949,5812,pi_3UIAF8IIYr8v36zp1KTcigS6,1790008742,459826,usd,
cus_VIlmhKcDgkGOSA,38,Female,Germany,75053,677,2,pm_1UIAF9IIYr8v36zp9zvV7QKX,visa,credit,False,2005,Contactless,merchant_695339,Lisbon,Lisbon,90806,5812,pi_3UIAFAIIYr8v36zp0joWvIZI,1790008744,147576,usd,
cus_VIlmiUsNG7xIvQ,38,Female,Belgium,156931,391,4,pm_1UIAFBIIYr8v36zpnFc0whdh,visa,credit,False,93727,Online,merchant_272725,Valencia,Valencian Community,84585,5541,pi_3UIAFBIIYr8v36zp0RSQOmDG,1790008745,5159,eur,
cus_VIlmitPA4DiVJQ,20,Male,Ireland,47195,411,1,pm_1UIAFCIIYr8v36zp6ADEn5M5,visa,credit,False,19263,Chip,merchant_436565,Dublin,Leinster,51329,5732,pi_3UIAFDIIYr8v36zp0e0FNDLW,1790008747,381805,usd,
cus_VIlmBbhs4wNJdG,58,Male,Germany,21976,499,1,pm_1UIAFEIIYr8v36zp8ITJSSxa,visa,credit,True,51338,Contactless,merchant_771454,Stockholm,Stockholm,12906,5411,pi_3UIAFEIIYr8v36zp1e4jzgwc,1790008748,74290,usd,
cus_VIlmAW3aw5BYz9,18,Female,Netherlands,128066,627,4,pm_1UIAFFIIYr8v36zpOOxPj6AX,visa,credit,False,69793,Contactless,merchant_722309,Amsterdam,North Holland,94933,5311,pi_3UIAFGIIYr8v36zp1joFdcer,1790008750,406025,eur,
cus_VIlmqNQN1ZuAZF,23,Female,Switzerland,121903,518,5,pm_1UIAFHIIYr8v36zpy2c4NH59,visa,credit,False,21388,Online,merchant_183866,Madrid,Community of Madrid,60084,5311,pi_3UIAFHIIYr8v36zp0m5wwclw,1790008751,70516,eur,
cus_VIlmyA0lRYKzgz,38,Male,Netherlands,42996,505,1,pm_1UIAFIIIYr8v36zpTRSLrrxO,visa,credit,False,14892,Online,merchant_704894,Valencia,Valencian Community,71839,5812,pi_3UIAFJIIYr8v36zp1iDKV49H,1790008753,298538,usd,
cus_VIlmtlyZvlYO2e,80,Female,Spain,188995,398,5,pm_1UIAFKIIYr8v36zpr3mj62gX,visa,credit,True,92138,Online,merchant_206349,Vienna,Vienna,76720,5411,pi_3UIAFLIIYr8v36zp0mnYaCWm,1790008755,271886,eur,
cus_VIlmYbBALVa4eX,58,Male,Poland,104797,308,2,pm_1UIAFMIIYr8v36zpO5j6vicp,visa,credit,False,36860,Contactless,merchant_646656,Paris,Île-de-France,23044,4111,pi_3UIAFMIIYr8v36zp1AwMPyfK,1790008756,13139,eur,
cus_VIlmJ2hsQyrlPx,54,Female,Ireland,120794,467,2,pm_1UIAFNIIYr8v36zpwk805xKv,visa,credit,False,98477,Online,merchant_269329,Lisbon,Lisbon,18621,4111,pi_3UIAFOIIYr8v36zp0avZX1zA,1790008758,309202,usd,
cus_VIlmwrGExdaDgp,41,Male,United States,65683,690,5,pm_1UIAFPIIYr8v36zpq35ZftLb,visa,credit,True,71867,Chip,merchant_519209,Valencia,Valencian Community,14106,5411,pi_3UIAFPIIYr8v36zp09JtfBN5,1790008759,211039,eur,
cus_VIln13v4BYY1y0,38,Female,Ireland,41742,569,5,pm_1UIAFQIIYr8v36zpQsRdiEpu,visa,credit,False,18442,Online,merchant_218008,Milan,Lombardy,67809,5912,pi_3UIAFRIIYr8v36zp0i55Me8o,1790008761,247269,eur,
cus_VIlnvwmSJxFro2,30,Male,Czech Republic,60563,626,2,pm_1UIAFSIIYr8v36zp0g1eMydZ,visa,credit,True,47695,Online,merchant_780391,Miami,Florida,98155,5732,pi_3UIAFTIIYr8v36zp0UpN2wlP,1790008763,131882,eur,
cus_VIlny3DFPr2ywb,51,Female,Poland,117535,765,1,pm_1UIAFUIIYr8v36zp67L7xBrJ,visa,credit,False,71232,Online,merchant_747079,Houston,Texas,32596,5732,pi_3UIAFUIIYr8v36zp0ZAWx5X4,1790008764,253101,eur,
cus_VIlnECtEj6iJsG,36,Male,Portugal,26814,403,1,pm_1UIAFVIIYr8v36zpPmExaSUj,visa,credit,True,32937,Swipe,merchant_710248,Boston,Massachusetts,57816,4111,pi_3UIAFWIIYr8v36zp1s1eeUHJ,1790008766,350749,eur,
cus_VIlndlUba08Nz8,77,Male,Czech Republic,102755,684,2,pm_1UIAFXIIYr8v36zphimFwCtM,visa,credit,False,13431,Contactless,merchant_262717,Copenhagen,Capital Region,33064,4111,pi_3UIAFXIIYr8v36zp1yzruXZa,1790008767,193529,eur,
cus_VIlnj71z4r82t8,62,Male,Austria,148116,762,1,pm_1UIAFYIIYr8v36zplQXMkWbg,visa,credit,True,8343,Online,merchant_212270,Barcelona,Catalonia,73901,5812,pi_3UIAFZIIYr8v36zp05e8HseX,1790008769,295477,eur,
cus_VIln4BLr5n9pIw,56,Male,Netherlands,187340,411,1,pm_1UIAFaIIYr8v36zp7u8pmWgc,visa,credit,False,68300,Contactless,merchant_609570,Marseille,Provence-Alpes-Côte d'Azur,90138,5541,pi_3UIAFaIIYr8v36zp0hfDii6p,1790008770,39444,eur,
cus_VIlnx9SZsuUK7o,49,Male,Ireland,173669,651,1,pm_1UIAFcIIYr8v36zphqkuOpTR,visa,credit,True,48439,Online,merchant_153182,Rome,Lazio,89508,5411,pi_3UIAFcIIYr8v36zp0GRfDbCp,1790008772,423267,eur,
cus_VIlnNFVYDcRxM4,30,Male,Spain,97711,411,1,pm_1UIAFdIIYr8v36zpoBEHeork,visa,credit,False,96748,Online,merchant_510439,Madrid,Community of Madrid,99555,5912,pi_3UIAFeIIYr8v36zp0ICuiWpe,1790008774,384041,usd,
cus_VIlnkIFRF08jXh,44,Female,Sweden,63121,629,4,pm_1UIAFfIIYr8v36zpP6yPsxtv,visa,credit,True,96678,Swipe,merchant_110292,Miami,Florida,30115,5732,pi_3UIAFfIIYr8v36zp1xcUJRCk,1790008775,209802,eur,
cus_VIln6AbNaxHjjN,31,Female,Denmark,192931,470,2,pm_1UIAFhIIYr8v36zptZz3BraF,visa,credit,False,37235,Online,merchant_542048,Dublin,Leinster,88948,5411,pi_3UIAFhIIYr8v36zp1fluRkBk,1790008777,297523,usd,
cus_VIlnpidPOhwwCV,33,Female,Czech Republic,71219,430,5,pm_1UIAFiIIYr8v36zpNoT0La4M,visa,credit,False,35402,Online,merchant_810495,Oslo,Oslo,93367,5411,pi_3UIAFjIIYr8v36zp0K2lGTNe,1790008779,14195,usd,
cus_VIlnyaSSeofLhh,72,Male,Spain,81490,473,5,pm_1UIAFkIIYr8v36zpJPK2w2Nz,visa,credit,True,68820,Swipe,merchant_314471,Zurich,Zurich,74310,5812,pi_3UIAFkIIYr8v36zp0O11UJaX,1790008780,290204,usd,
cus_VIln39slvou0ZR,25,Male,Ireland,73818,832,4,pm_1UIAFmIIYr8v36zp11ycdqQ2,visa,credit,True,21149,Online,merchant_577784,Geneva,Geneva,26638,4111,pi_3UIAFmIIYr8v36zp1Qn1ivoq,1790008782,486677,usd,
cus_VIlnrinJ2GNj8a,61,Male,France,190823,483,4,pm_1UIAFnIIYr8v36zptg90PZsY,visa,credit,False,15222,Online,merchant_610874,Barcelona,Catalonia,33558,5912,pi_3UIAFoIIYr8v36zp12fLe857,1790008784,48110,usd,
cus_VIlnzhWxl9zF3J,41,Female,Denmark,79198,315,1,pm_1UIAFpIIYr8v36zpnSRposFB,visa,credit,False,36231,Online,merchant_793633,Warsaw,Masovian,54733,5999,pi_3UIAFpIIYr8v36zp1F7mCBX1,1790008785,96997,eur,
cus_VIln5M6ZWkO7hx,35,Male,Luxembourg,194670,592,1,pm_1UIAFqIIYr8v36zp3hD55hEM,visa,credit,True,49088,Online,merchant_164641,Milan,Lombardy,85877,5311,pi_3UIAFrIIYr8v36zp0gezZpH2,1790008787,278984,eur,
cus_VIlnACAnnCH0ty,28,Female,Czech Republic,176964,570,4,pm_1UIAFsIIYr8v36zpwhPYgL2z,visa,credit,False,30957,Swipe,merchant_934304,Lisbon,Lisbon,14574,5541,pi_3UIAFsIIYr8v36zp1Ritc6GF,1790008788,311003,usd,
cus_VIlnYQNpz3ChFn,75,Male,Czech Republic,70785,588,3,pm_1UIAFuIIYr8v36zpUAUh43a8,visa,credit,False,44201,Online,merchant_576034,Los Angeles,California,73589,5311,pi_3UIAFuIIYr8v36zp1sx8SIE1,1790008790,126073,eur,
cus_VIlngn5JaHIL1K,25,Female,Denmark,182584,368,2,pm_1UIAFwIIYr8v36zpeKl8iV3R,visa,credit,True,44142,Swipe,merchant_319948,Marseille,Provence-Alpes-Côte d'Azur,85519,5411,pi_3UIAFwIIYr8v36zp1oQwtKpj,1790008792,15250,eur,
cus_VIlnCFAM0Wm8Fv,26,Male,Poland,129459,470,3,pm_1UIAFxIIYr8v36zpv2CxQbVE,visa,credit,False,7328,Chip,merchant_139611,Munich,Bavaria,28261,5541,pi_3UIAFyIIYr8v36zp0AxzVubt,1790008794,41323,eur,
cus_VIlnFpJyjQB9Xm,27,Female,Switzerland,170992,438,5,pm_1UIAFzIIYr8v36zpuOgbSyoJ,visa,credit,False,6184,Online,merchant_237286,Dublin,Leinster,54066,5812,pi_3UIAFzIIYr8v36zp1GVfB9c7,1790008795,143409,eur,
cus_VIln9KGJz20HIF,22,Female,Belgium,65876,558,5,pm_1UIAG0IIYr8v36zp5E3wpB8t,visa,credit,True,76695,Chip,merchant_591082,Prague,Prague,14526,5411,pi_3UIAG1IIYr8v36zp1RrAxk7f,1790008797,433198,eur,
cus_VIlno4TZpFTaaL,33,Female,Denmark,167291,696,4,pm_1UIAG2IIYr8v36zpuPB3c01e,visa,credit,False,57165,Swipe,merchant_799673,Lyon,Auvergne-Rhône-Alpes,79794,5411,pi_3UIAG2IIYr8v36zp1H93fWG2,1790008798,38352,usd,
cus_VIlnbX678TN9b3,50,Female,Sweden,77874,377,5,pm_1UIAG3IIYr8v36zpw6Wx40Kr,visa,credit,False,64840,Contactless,merchant_452942,Oslo,Oslo,38011,5999,pi_3UIAG4IIYr8v36zp0KdB7x0A,1790008800,387737,eur,
cus_VIlnUTtH27kX82,77,Female,Netherlands,140377,772,5,pm_1UIAG5IIYr8v36zp0wWaO2Pc,visa,credit,False,7826,Swipe,merchant_338180,Madrid,Community of Madrid,60127,5912,pi_3UIAG6IIYr8v36zp0nUyX0bw,1790008802,95015,eur,
cus_VIlnKx5oZgrNRW,25,Male,Poland,29878,454,5,pm_1UIAG7IIYr8v36zpVfKXTOFF,visa,credit,False,59153,Swipe,merchant_640021,Paris,Île-de-France,11786,5311,pi_3UIAG7IIYr8v36zp0afBETLm,1790008803,335447,usd,
cus_VIlnNuJntQ8Lxw,54,Male,Switzerland,193639,610,2,pm_1UIAG9IIYr8v36zphVA7q5io,visa,credit,True,68872,Chip,merchant_626775,Houston,Texas,20015,5912,pi_3UIAG9IIYr8v36zp0ZjaQK9x,1790008805,401292,usd,
cus_VIlnjfPv2PlGts,40,Male,United States,158048,499,4,pm_1UIAGBIIYr8v36zpDSJXYOTa,visa,credit,True,92864,Contactless,merchant_702907,Helsinki,Uusimaa,21089,5541,pi_3UIAGBIIYr8v36zp17awtd2n,1790008807,73800,usd,
cus_VIlnXmbzI4jpwG,36,Male,Luxembourg,63942,638,5,pm_1UIAGCIIYr8v36zpsYH4O8Xf,visa,credit,False,18111,Online,merchant_503753,Naples,Campania,78152,5411,pi_3UIAGCIIYr8v36zp1ENrvOOM,1790008808,135790,eur,
cus_VIlnOkEHkeNE4s,59,Female,Norway,142325,804,1,pm_1UIAGEIIYr8v36zpDrzYXL1u,visa,credit,False,98848,Online,merchant_900173,Zurich,Zurich,32225,5411,pi_3UIAGEIIYr8v36zp0Ep7xec7,1790008810,232952,eur,
cus_VIlns2ZWoyXzoy,72,Female,Belgium,187401,742,2,pm_1UIAGFIIYr8v36zpTfdN3vOZ,visa,credit,True,36765,Chip,merchant_920261,Zurich,Zurich,59178,5812,pi_3UIAGGIIYr8v36zp0o7Sge31,1790008812,43777,usd,
cus_VIlng24TwaanTf,58,Female,United States,168436,816,2,pm_1UIAGHIIYr8v36zpA5kfInIL,visa,credit,True,26486,Online,merchant_297387,Boston,Massachusetts,13209,5732,pi_3UIAGHIIYr8v36zp09Rp4ahA,1790008813,68226,usd,
cus_VIlnGJkbMhsbJD,80,Male,Switzerland,149596,733,3,pm_1UIAGIIIYr8v36zpui5XETDv,visa,credit,False,80329,Online,merchant_643716,Lyon,Auvergne-Rhône-Alpes,76676,5541,pi_3UIAGJIIYr8v36zp1eOsFPMX,1790008815,167172,eur,
cus_VIlnQH3mctmLzf,36,Male,Sweden,124674,471,4,pm_1UIAGKIIYr8v36zpFIgVDJsw,visa,credit,False,65695,Chip,merchant_169031,Prague,Prague,36205,5411,pi_3UIAGKIIYr8v36zp0pIRUiXz,1790008816,244598,eur,
cus_VIln4ZPsuazf51,37,Female,Belgium,196826,379,2,pm_1UIAGLIIYr8v36zpOXzA6CFm,visa,credit,True,38687,Chip,merchant_555760,Boston,Massachusetts,23256,5541,pi_3UIAGMIIYr8v36zp1j3oUztf,1790008818,296752,usd,
cus_VIln3AWw3M321Q,80,Female,United States,107603,577,4,pm_1UIAGNIIYr8v36zpoPehHOko,visa,credit,True,56776,Swipe,merchant_864699,Madrid,Community of Madrid,29234,4111,pi_3UIAGNIIYr8v36zp01LZbKff,1790008820,1473,eur,
cus_VIlozFQGipPrya,36,Male,Belgium,114505,716,3,pm_1UIAGPIIYr8v36zpVGFup2kB,visa,credit,False,85824,Contactless,merchant_558030,Naples,Campania,77356,5999,pi_3UIAGPIIYr8v36zp1ujOika2,1790008821,280493,usd,
cus_VIloxntqtuW79j,22,Female,Switzerland,186711,603,3,pm_1UIAGRIIYr8v36zpxu8kskTO,visa,credit,False,27845,Contactless,merchant_848992,Naples,Campania,81730,5411,pi_3UIAGRIIYr8v36zp1OTJ4M1d,1790008823,354147,usd,
cus_VIloWB7oC4cW7z,49,Male,Finland,99716,685,2,pm_1UIAGSIIYr8v36zpPjpAMZGZ,visa,credit,True,26398,Chip,merchant_506414,Seattle,Washington,32008,5732,pi_3UIAGSIIYr8v36zp0PfAgZGQ,1790008824,447683,usd,
cus_VIloaRDwL1Lhcn,56,Female,Finland,51721,821,4,pm_1UIAGTIIYr8v36zpEhAg8tQ4,visa,credit,True,11422,Online,merchant_520940,Barcelona,Catalonia,43372,5541,pi_3UIAGUIIYr8v36zp0BkRZYS2,1790008826,117476,eur,
cus_VIloCNCo0w2odB,79,Female,France,36169,521,5,pm_1UIAGVIIYr8v36zpQTUvoKW1,visa,credit,True,97649,Contactless,merchant_667709,Houston,Texas,68196,5912,pi_3UIAGVIIYr8v36zp0fT4q1mr,1790008828,118335,eur,
cus_VIlowaQk0IwwXe,79,Female,Poland,142762,315,5,pm_1UIAGXIIYr8v36zpQpoqU97P,visa,credit,True,19760,Chip,merchant_393002,Lyon,Auvergne-Rhône-Alpes,47089,5411,pi_3UIAGXIIYr8v36zp1aJV4S35,1790008829,86322,eur,
cus_VIlo2W1MUf3CE1,42,Male,Czech Republic,49711,699,1,pm_1UIAGYIIYr8v36zpzxYwkF9V,visa,credit,False,72983,Swipe,merchant_124033,Stockholm,Stockholm,91867,5411,pi_3UIAGZIIYr8v36zp0M44W0ga,1790008831,125448,usd,
cus_VIloNK2vQHhdfq,40,Male,Netherlands,106115,340,3,pm_1UIAGaIIYr8v36zpsdWnyok7,visa,credit,True,17802,Chip,merchant_290627,Rotterdam,South Holland,72618,5311,pi_3UIAGaIIYr8v36zp0PXfOr4j,1790008832,287483,usd,
cus_VIloGPTuKiDSUq,78,Male,Portugal,132946,455,5,pm_1UIAGcIIYr8v36zp9vhEZZZu,visa,credit,False,82845,Chip,merchant_767531,Los Angeles,California,75435,5311,pi_3UIAGcIIYr8v36zp0tXZninZ,1790008834,64627,usd,
cus_VIlodB2yUp26Mo,58,Male,France,168561,842,4,pm_1UIAGdIIYr8v36zptBzIMAbO,visa,credit,True,98155,Contactless,merchant_992490,Rotterdam,South Holland,79287,5999,pi_3UIAGeIIYr8v36zp1JBDf3fp,1790008836,352761,usd,
cus_VIloidlSMDtC9V,49,Female,Sweden,193865,618,2,pm_1UIAGfIIYr8v36zp0XZvCnpc,visa,credit,False,20117,Chip,merchant_121548,Oslo,Oslo,34762,5732,pi_3UIAGfIIYr8v36zp1CuslrTD,1790008837,486121,eur,
cus_VIloyD99y8JXYu,54,Female,Finland,181194,483,1,pm_1UIAGgIIYr8v36zpwi0bmNBY,visa,credit,True,20692,Contactless,merchant_117171,Munich,Bavaria,31183,4111,pi_3UIAGhIIYr8v36zp0wGjU68q,1790008839,250566,usd,
cus_VIlobnuWoZTQs1,26,Male,France,30490,438,2,pm_1UIAGiIIYr8v36zp2N7RHy1D,visa,credit,True,22495,Online,merchant_533879,Vienna,Vienna,70889,5812,pi_3UIAGiIIYr8v36zp1mp6LUxy,1790008840,246177,usd,
cus_VIloHlSTitXl0P,56,Male,Sweden,68815,592,3,pm_1UIAGkIIYr8v36zpnYbtjLLd,visa,credit,False,78452,Swipe,merchant_786921,Marseille,Provence-Alpes-Côte d'Azur,17786,5411,pi_3UIAGkIIYr8v36zp0OVrFy0V,1790008842,127532,usd,
cus_VIloDlEnIzEkJe,28,Female,Luxembourg,72913,368,2,pm_1UIAGlIIYr8v36zp6zJDl6tC,visa,credit,False,16245,Contactless,merchant_863309,Prague,Prague,80627,5311,pi_3UIAGlIIYr8v36zp0oZdDAeG,1790008843,482825,eur,
cus_VIloxkz04LKWo3,22,Female,France,182831,610,2,pm_1UIAGmIIYr8v36zp5XUFfFjZ,visa,credit,False,25073,Online,merchant_910582,Oslo,Oslo,37241,5732,pi_3UIAGnIIYr8v36zp0OsY43qu,1790008845,459199,eur,
cus_VIlopjJofJedbS,61,Female,Italy,127269,406,2,pm_1UIAGoIIYr8v36zpCIDrF4ao,visa,credit,False,41248,Swipe,merchant_932701,Marseille,Provence-Alpes-Côte d'Azur,73232,5912,pi_3UIAGoIIYr8v36zp1PctDPkV,1790008846,340940,usd,
cus_VIlo3ALwB86fit,64,Female,Germany,44649,504,3,pm_1UIAGqIIYr8v36zplQGuHxTB,visa,credit,False,91612,Chip,merchant_960756,Barcelona,Catalonia,92775,5311,pi_3UIAGqIIYr8v36zp1RK0meQw,1790008848,115438,usd,
cus_VIlo52cMqIa5UP,37,Female,Switzerland,138487,370,2,pm_1UIAGrIIYr8v36zpeXQwLeUb,visa,credit,False,75818,Online,merchant_616356,Houston,Texas,33493,5732,pi_3UIAGsIIYr8v36zp0SoTEdz0,1790008850,223643,usd,
cus_VIloLEM3sGVRDU,25,Female,France,74660,705,1,pm_1UIAGtIIYr8v36zpMs43S3q9,visa,credit,True,68915,Swipe,merchant_863366,Zurich,Zurich,59502,5732,pi_3UIAGtIIYr8v36zp1aH6zf0W,1790008851,115884,usd,
cus_VIloRo2LufnHph,66,Male,United States,160594,822,5,pm_1UIAGuIIYr8v36zpGWkVZRUp,visa,credit,False,72802,Contactless,merchant_842395,Naples,Campania,87119,5732,pi_3UIAGvIIYr8v36zp0vYjdzQS,1790008853,23219,usd,
cus_VIloIODZA2mG17,50,Male,France,125779,383,3,pm_1UIAGwIIYr8v36zpgzMFKrBG,visa,credit,True,72333,Swipe,merchant_471768,Barcelona,Catalonia,29748,5311,pi_3UIAGwIIYr8v36zp08l1kfeV,1790008855,89311,usd,
cus_VIloNlhN0REnmh,77,Male,Luxembourg,175067,766,3,pm_1UIAGyIIYr8v36zpoTjP861L,visa,credit,True,31423,Swipe,merchant_562412,Hamburg,Hamburg,67441,5411,pi_3UIAGyIIYr8v36zp1dhQxIEb,1790008856,238329,usd,
cus_VIloKdk5ZN4OWo,22,Male,Spain,117083,825,2,pm_1UIAH0IIYr8v36zpv6hGxR6D,visa,credit,True,62221,Swipe,merchant_840674,Milan,Lombardy,14307,5732,pi_3UIAH0IIYr8v36zp110SLC4h,1790008858,209773,eur,
cus_VIloD36c1oaRaa,41,Female,Spain,110242,506,1,pm_1UIAH1IIYr8v36zp6ZEnVokK,visa,credit,False,21401,Chip,merchant_563065,Amsterdam,North Holland,97627,5541,pi_3UIAH2IIYr8v36zp0kHdPsUP,1790008860,186465,eur,
cus_VIlo9nMpf5iMuz,62,Male,Norway,129179,536,1,pm_1UIAH3IIYr8v36zp1mo79zBl,visa,credit,False,78779,Swipe,merchant_650295,Miami,Florida,99514,4111,pi_3UIAH3IIYr8v36zp0RE6kJcJ,1790008861,111831,eur,
cus_VIlo8XwUhGr1Sg,62,Male,Poland,73064,795,4,pm_1UIAH5IIYr8v36zpZSrVf2E8,visa,credit,True,2271,Swipe,merchant_434028,Paris,Île-de-France,52817,5541,pi_3UIAH5IIYr8v36zp0ozfzvA1,1790008863,278651,usd,
cus_VIloUFlRycHLQf,19,Female,Norway,75988,503,1,pm_1UIAH6IIYr8v36zpunLDmL4c,visa,credit,False,88982,Online,merchant_330809,Marseille,Provence-Alpes-Côte d'Azur,87940,5311,pi_3UIAH6IIYr8v36zp0Zj4eipK,1790008864,168051,usd,
cus_VIloS3EmqimyN8,56,Female,Denmark,76776,782,2,pm_1UIAH7IIYr8v36zpokffD2Vc,visa,credit,True,83535,Contactless,merchant_373332,Vienna,Vienna,79203,5411,pi_3UIAH8IIYr8v36zp0Lj8Ya5a,1790008866,100846,eur,
cus_VIlocCIud3Z3Ly,68,Female,Luxembourg,61683,634,5,pm_1UIAH9IIYr8v36zpUdwNaTyX,visa,credit,False,32602,Swipe,merchant_942677,Paris,Île-de-France,26709,5541,pi_3UIAH9IIYr8v36zp1wVLfAuz,1790008867,352225,usd,
cus_VIloQcZ7pC1cBN,59,Female,Portugal,93749,454,2,pm_1UIAHBIIYr8v36zpWPu9TwGV,visa,credit,True,4340,Online,merchant_418839,Copenhagen,Capital Region,91414,5732,pi_3UIAHBIIYr8v36zp1AArcoOq,1790008869,109530,eur,
cus_VIloBpuvODdyCH,37,Female,Ireland,155222,766,2,pm_1UIAHCIIYr8v36zpablHs1Ch,visa,credit,True,44640,Online,merchant_845468,Brussels,Brussels,39912,5411,pi_3UIAHDIIYr8v36zp1zDY9vwu,1790008871,22427,eur,
cus_VIloWKs0EYAsAW,26,Male,Finland,43657,803,2,pm_1UIAHEIIYr8v36zp2ixparEI,visa,credit,False,87388,Contactless,merchant_235344,Berlin,Berlin,27075,5912,pi_3UIAHEIIYr8v36zp04rjcGEz,1790008873,126450,eur,
cus_VIloA0PC09YYZp,32,Male,Sweden,81715,825,2,pm_1UIAHGIIYr8v36zpauPOIT7b,visa,credit,False,69118,Swipe,merchant_908807,Amsterdam,North Holland,32023,5541,pi_3UIAHGIIYr8v36zp0u58gGu6,1790008874,490023,eur,
cus_VIloz6NwzqusBV,59,Male,Belgium,106541,702,3,pm_1UIAHIIIYr8v36zp8377yyhr,visa,credit,True,27939,Swipe,merchant_963471,Berlin,Berlin,57620,5732,pi_3UIAHIIIYr8v36zp0UB8UlcY,1790008876,212619,usd,
cus_VIloFwlmDlLfzo,73,Female,Switzerland,174947,445,1,pm_1UIAHJIIYr8v36zpSQm8yLFl,visa,credit,False,30010,Contactless,merchant_715968,Naples,Campania,70172,5912,pi_3UIAHKIIYr8v36zp0l5XJRlY,1790008878,204419,usd,
cus_VIlokLcMtN2vtY,47,Female,Czech Republic,183394,304,4,pm_1UIAHLIIYr8v36zp45Kxz9uC,visa,credit,False,83130,Swipe,merchant_812659,Paris,Île-de-France,16263,4111,pi_3UIAHLIIYr8v36zp0sxZdINj,1790008879,126813,eur,
cus_VIlpHJ5NPSOYyy,52,Male,Poland,163381,722,3,pm_1UIAHMIIYr8v36zpJs8D9urf,visa,credit,False,65440,Chip,merchant_858430,Helsinki,Uusimaa,12355,5999,pi_3UIAHNIIYr8v36zp1Udq1Ywt,1790008881,16168,usd,
cus_VIlpe1Q8bx18e6,32,Male,Austria,24970,793,2,pm_1UIAHOIIYr8v36zp1lUiuGMj,visa,credit,True,81850,Contactless,merchant_168733,Porto,Porto,38064,4111,pi_3UIAHOIIYr8v36zp1UgtdRMe,1790008882,315276,usd,
cus_VIlpWPVidMBALC,55,Male,Poland,52200,517,4,pm_1UIAHPIIYr8v36zpFq48KnSC,visa,credit,False,56184,Chip,merchant_989793,Vienna,Vienna,87763,5541,pi_3UIAHPIIYr8v36zp0DAoiopm,1790008883,227203,usd,
cus_VIlp0jJlLndU1k,68,Male,Belgium,99310,511,5,pm_1UIAHRIIYr8v36zpMBkDe8DJ,visa,credit,True,95288,Contactless,merchant_687284,Miami,Florida,89028,4111,pi_3UIAHRIIYr8v36zp03LE2lIO,1790008885,221404,usd,
cus_VIlp1y159ujgTo,79,Male,Denmark,63966,514,5,pm_1UIAHSIIYr8v36zpSKeV0CBd,visa,credit,False,85462,Swipe,merchant_150497,Brussels,Brussels,58910,4111,pi_3UIAHTIIYr8v36zp0BK0ln8w,1790008887,31222,eur,
cus_VIlptq0ybSMad4,53,Female,Denmark,128448,563,3,pm_1UIAHUIIYr8v36zpK1iFPRnu,visa,credit,True,7736,Swipe,merchant_744906,Dublin,Leinster,70354,4111,pi_3UIAHUIIYr8v36zp0iKHyLWy,1790008888,36104,eur,
cus_VIlpjtPC9S1gCW,41,Male,Italy,123182,814,1,pm_1UIAHWIIYr8v36zpjcO6zGOP,visa,credit,False,42295,Chip,merchant_898764,Prague,Prague,19602,4111,pi_3UIAHXIIYr8v36zp0rxLi5bp,1790008891,495268,eur,
cus_VIlpx0lnS3xOwX,80,Female,Luxembourg,72772,771,2,pm_1UIAHYIIYr8v36zpVr8fBqVX,visa,credit,True,91239,Swipe,merchant_621795,Miami,Florida,80996,5411,pi_3UIAHYIIYr8v36zp1vinKIfn,1790008892,262194,eur,
cus_VIlpFjnefC9OUg,56,Male,Germany,139399,374,1,pm_1UIAHZIIYr8v36zpYB9B2EmA,visa,credit,True,18990,Online,merchant_348460,Rotterdam,South Holland,16770,5411,pi_3UIAHaIIYr8v36zp1HT6uW7x,1790008894,412147,eur,
cus_VIlp9FiQz2qcNu,18,Male,Czech Republic,103210,300,5,pm_1UIAHbIIYr8v36zpcF874SCS,visa,credit,False,47030,Chip,merchant_686493,Paris,Île-de-France,66774,4111,pi_3UIAHbIIYr8v36zp0qH9UIm2,1790008895,323549,usd,
cus_VIlpVd4heaTx4L,71,Female,United States,89262,356,5,pm_1UIAHcIIYr8v36zpL9FpO6cl,visa,credit,False,19660,Swipe,merchant_819322,Los Angeles,California,77905,5999,pi_3UIAHdIIYr8v36zp1wtwjfsE,1790008897,198384,usd,
cus_VIlpoPOX1WjZLz,80,Female,Italy,61569,829,3,pm_1UIAHeIIYr8v36zpP4gdCIPs,visa,credit,True,45488,Online,merchant_488386,Madrid,Community of Madrid,79118,5912,pi_3UIAHeIIYr8v36zp17jpvL9A,1790008898,305996,eur,
cus_VIlpBqstrRzNeW,59,Male,Czech Republic,89850,395,5,pm_1UIAHfIIYr8v36zpW7h0WGCC,visa,credit,False,4108,Swipe,merchant_393097,Amsterdam,North Holland,33549,5311,pi_3UIAHgIIYr8v36zp0ZRJlf9F,1790008900,196415,usd,
cus_VIlpQSA9AwNaJ0,23,Male,Finland,174259,315,1,pm_1UIAHhIIYr8v36zps2R3eHEh,visa,credit,False,30425,Online,merchant_556800,Munich,Bavaria,46835,5541,pi_3UIAHiIIYr8v36zp07rdFzZw,1790008902,337072,eur,
cus_VIlpVtzCQxS09p,45,Female,France,197996,791,5,pm_1UIAHjIIYr8v36zpo2EaYsTI,visa,credit,False,73343,Chip,merchant_207702,Berlin,Berlin,12918,5311,pi_3UIAHjIIYr8v36zp0QtbCc8Z,1790008903,318126,eur,
cus_VIlpf8BzVWEgsR,56,Male,Portugal,42299,315,5,pm_1UIAHkIIYr8v36zpPXQOYpsw,visa,credit,False,52664,Swipe,merchant_954888,Munich,Bavaria,96394,5999,pi_3UIAHlIIYr8v36zp1nAAFc2e,1790008905,389960,eur,
cus_VIlp1jc1XUIxtp,50,Male,Ireland,134179,742,4,pm_1UIAHmIIYr8v36zp1ypSgk4L,visa,credit,True,17218,Online,merchant_525965,Lyon,Auvergne-Rhône-Alpes,74425,5912,pi_3UIAHnIIYr8v36zp16T8ETiW,1790008907,240683,usd,
cus_VIlpoxvFxMtq87,58,Female,Poland,160582,411,4,pm_1UIAHoIIYr8v36zpvomSWc3e,visa,credit,False,82699,Contactless,merchant_138074,Milan,Lombardy,33779,4111,pi_3UIAHoIIYr8v36zp048y7SKo,1790008908,312136,usd,
cus_VIlp156zQk8Ksg,22,Male,Germany,148808,830,5,pm_1UIAHpIIYr8v36zpddUyd3Gg,visa,credit,True,57842,Online,merchant_316989,Lyon,Auvergne-Rhône-Alpes,16690,5999,pi_3UIAHqIIYr8v36zp1pEyo1x9,1790008910,108772,usd,
cus_VIlpMkbcy5L8SG,78,Male,Belgium,180575,553,5,pm_1UIAHrIIYr8v36zpvb6Z8TLD,visa,credit,True,59339,Online,merchant_642247,Naples,Campania,33389,5411,pi_3UIAHrIIYr8v36zp138x1uh1,1790008911,139886,usd,
cus_VIlpiVB2QpdtHO,54,Female,Austria,27268,392,5,pm_1UIAHtIIYr8v36zpbVuJIdGa,visa,credit,False,16984,Chip,merchant_322755,Los Angeles,California,76170,5912,pi_3UIAHtIIYr8v36zp0GJaTLfD,1790008913,47059,eur,
cus_VIlpFMynrOlkKT,31,Male,Sweden,47352,511,2,pm_1UIAHuIIYr8v36zpz02szC1D,visa,credit,True,85118,Contactless,merchant_708484,Prague,Prague,21723,5411,pi_3UIAHvIIYr8v36zp00WffDkR,1790008915,335433,eur,
cus_VIlprPvhLl83zA,48,Male,Netherlands,194329,751,4,pm_1UIAHwIIYr8v36zp000L0yjF,visa,credit,True,6417,Chip,merchant_886400,New York,New York,22876,5812,pi_3UIAHxIIYr8v36zp0mz2TSLl,1790008917,14832,eur,
cus_VIlphL4lqBJb81,41,Male,United States,181885,793,5,pm_1UIAHyIIYr8v36zpdxhElfzy,visa,credit,False,66040,Chip,merchant_373319,New York,New York,18208,5732,pi_3UIAHyIIYr8v36zp1eQLq3gq,1790008918,279296,eur,
cus_VIlpe8vqPJTIDv,27,Female,United States,192221,336,2,pm_1UIAHzIIYr8v36zpFolPfveW,visa,credit,True,29742,Swipe,merchant_129749,Lyon,Auvergne-Rhône-Alpes,12383,5411,pi_3UIAI0IIYr8v36zp1Et0DrHq,1790008920,44425,usd,
cus_VIlpoANSx4rCBh,24,Male,Austria,66830,672,3,pm_1UIAI1IIYr8v36zpZJfgmufx,visa,credit,False,47104,Contactless,merchant_633427,Naples,Campania,51707,5411,pi_3UIAI2IIYr8v36zp0eWryH8f,1790008922,388007,usd,
cus_VIlpdcXGvDdJXi,51,Male,Luxembourg,194919,456,2,pm_1UIAI3IIYr8v36zpdYjyr85S,visa,credit,False,94827,Swipe,merchant_156760,Madrid,Community of Madrid,38260,5311,pi_3UIAI3IIYr8v36zp1KYMG4u1,1790008923,416058,eur,
cus_VIlpVNRczArzFV,53,Male,Austria,34974,365,3,pm_1UIAI5IIYr8v36zpvFTbuCZ0,visa,credit,True,54633,Contactless,merchant_229483,Berlin,Berlin,43166,5812,pi_3UIAI5IIYr8v36zp0VLri6kI,1790008925,323721,usd,
cus_VIlpuJC4JlKx7U,80,Male,United States,64240,486,2,pm_1UIAI6IIYr8v36zpxb98tSzp,visa,credit,False,3715,Online,merchant_692960,Naples,Campania,76143,5999,pi_3UIAI6IIYr8v36zp1t2OzHgY,1790008926,406983,eur,
cus_VIlp2ZuY0SWpS7,19,Male,Norway,117586,760,2,pm_1UIAI7IIYr8v36zp0lCbccp5,visa,credit,False,70718,Contactless,merchant_636538,Rome,Lazio,41838,5541,pi_3UIAI8IIYr8v36zp18DfFNaH,1790008928,422233,usd,
cus_VIlp3HUx6FGyHt,43,Female,Ireland,139482,664,4,pm_1UIAI9IIYr8v36zpuxSngiOY,visa,credit,False,2708,Chip,merchant_859589,Marseille,Provence-Alpes-Côte d'Azur,48588,5311,pi_3UIAIAIIYr8v36zp0mDh7qIT,1790008930,180187,usd,
cus_VIlpU7uxv3rRaM,27,Female,Spain,121438,525,2,pm_1UIAIBIIYr8v36zpiWWoGKuH,visa,credit,False,36759,Online,merchant_428074,Rotterdam,South Holland,64300,5541,pi_3UIAIBIIYr8v36zp0nuq4p2c,1790008932,278387,eur,
cus_VIlphX3pQlL55K,35,Male,Finland,129849,316,4,pm_1UIAIDIIYr8v36zpTtwFvZm5,visa,credit,True,85684,Chip,merchant_931926,Seattle,Washington,38355,5311,pi_3UIAIDIIYr8v36zp0To0eLli,1790008933,10968,usd,
cus_VIlplV3YMlBskP,19,Female,Portugal,84295,312,4,pm_1UIAIEIIYr8v36zp7BVHpNU5,visa,credit,True,87975,Online,merchant_843156,Munich,Bavaria,35688,5311,pi_3UIAIFIIYr8v36zp0FOSqDy8,1790008935,274655,usd,
cus_VIlpBfFW1iL3Ey,41,Male,France,38353,360,3,pm_1UIAIGIIYr8v36zpfj1zuZJY,visa,credit,False,32639,Online,merchant_663198,Brussels,Brussels,74376,5732,pi_3UIAIGIIYr8v36zp1qNo7YYp,1790008936,454316,usd,
cus_VIlpxa2FADTc6B,49,Female,Ireland,161672,320,1,pm_1UIAIIIIYr8v36zp8zcug6LN,visa,credit,False,17473,Online,merchant_653514,Vienna,Vienna,61867,5999,pi_3UIAIIIIYr8v36zp0Pw6DKxC,1790008938,113442,eur,
cus_VIlpOzDpuKXq5r,66,Male,Norway,106489,608,3,pm_1UIAIJIIYr8v36zpKg7ildpI,visa,credit,False,74172,Online,merchant_270529,Boston,Massachusetts,38853,5812,pi_3UIAIKIIYr8v36zp12t8ayUr,1790008940,189951,eur,
cus_VIlqzIODkzOD5t,21,Female,Netherlands,67078,795,2,pm_1UIAILIIYr8v36zpDcUyi4Cq,visa,credit,True,51690,Online,merchant_967454,Dublin,Leinster,15081,5999,pi_3UIAILIIYr8v36zp0FGJiFeF,1790008941,235580,eur,
cus_VIlqcvTjOyDVxw,78,Female,Luxembourg,107714,391,4,pm_1UIAINIIYr8v36zpIM0gYAZj,visa,credit,False,90627,Chip,merchant_110359,Valencia,Valencian Community,56536,5732,pi_3UIAINIIYr8v36zp00PYIQK1,1790008943,20450,eur,
cus_VIlqd6Y8Fhypxw,25,Female,Finland,59832,586,5,pm_1UIAIOIIYr8v36zpPbeLwoje,visa,credit,False,99457,Chip,merchant_138970,Porto,Porto,12942,5411,pi_3UIAIPIIYr8v36zp0pNztYQs,1790008945,202333,usd,
cus_VIlqDV5IbW61Ou,75,Female,Netherlands,30622,551,1,pm_1UIAIQIIYr8v36zp0pqrIj7y,visa,credit,False,11471,Swipe,merchant_405645,Milan,Lombardy,98825,4111,pi_3UIAIQIIYr8v36zp0DW8Gh25,1790008947,483659,eur,
cus_VIlqhVA6OZWVt4,22,Female,Netherlands,20792,662,4,pm_1UIAISIIYr8v36zpPcFbWofm,visa,credit,False,22689,Chip,merchant_941404,Vienna,Vienna,23045,4111,pi_3UIAISIIYr8v36zp1sBP1lwD,1790008948,391751,usd,
cus_VIlqN16oDFLSDt,45,Male,Sweden,99868,833,3,pm_1UIAITIIYr8v36zpsEy5lTUv,visa,credit,False,85434,Chip,merchant_984422,Lisbon,Lisbon,76259,5812,pi_3UIAITIIYr8v36zp1CqRHT6K,1790008950,59502,usd,
cus_VIlqoCddCRkBkb,19,Male,Spain,128576,799,5,pm_1UIAIVIIYr8v36zpqhxYVS0R,visa,credit,False,1882,Contactless,merchant_437683,Hamburg,Hamburg,24308,5912,pi_3UIAIVIIYr8v36zp0dz32F0E,1790008951,57875,usd,
cus_VIlqkkrjZvD15f,80,Male,Spain,43852,846,5,pm_1UIAIXIIYr8v36zpXhOfWJMn,visa,credit,False,97468,Swipe,merchant_641912,Amsterdam,North Holland,82952,5999,pi_3UIAIXIIYr8v36zp0kbbsEkO,1790008953,424335,usd,
cus_VIlqhgTcwgmOeg,22,Male,Germany,58639,646,3,pm_1UIAIYIIYr8v36zpLYgydblf,visa,credit,False,57098,Online,merchant_392804,Amsterdam,North Holland,34134,5912,pi_3UIAIZIIYr8v36zp10I07YtB,1790008955,408171,usd,
cus_VIlqsFiYvdye4Z,79,Female,Germany,61746,490,3,pm_1UIAIaIIYr8v36zp2CZbqcfe,visa,credit,True,97460,Swipe,merchant_633849,Madrid,Community of Madrid,28814,5541,pi_3UIAIaIIYr8v36zp08ZgoLfa,1790008956,68580,eur,
cus_VIlqSrfE8f2Bur,30,Male,Spain,147668,748,1,pm_1UIAIbIIYr8v36zppAG2NeaI,visa,credit,False,45863,Contactless,merchant_218887,Valencia,Valencian Community,86227,5311,pi_3UIAIcIIYr8v36zp0RSdWhjy,1790008958,306007,usd,
cus_VIlqkPitVHEL4p,43,Male,Spain,95119,658,1,pm_1UIAIdIIYr8v36zp926arXI3,visa,credit,True,29885,Chip,merchant_834529,Zurich,Zurich,50606,4111,pi_3UIAIeIIYr8v36zp1q4jbr3q,1790008960,372262,eur,
cus_VIlqRIMaGlIlNO,73,Male,Italy,22675,404,4,pm_1UIAIfIIYr8v36zpxtM6UahH,visa,credit,False,61500,Contactless,merchant_661756,Prague,Prague,54000,5912,pi_3UIAIfIIYr8v36zp19e1IGoc,1790008961,274637,usd,
cus_VIlqdxEiWY3fVi,29,Male,Denmark,161887,612,2,pm_1UIAIgIIYr8v36zpeBZ7jBj0,visa,credit,True,57975,Chip,merchant_179773,Rome,Lazio,80616,5812,pi_3UIAIhIIYr8v36zp1HoWMnCg,1790008963,225575,usd,
cus_VIlqXqdnxbZOeO,40,Male,Spain,30550,386,3,pm_1UIAIiIIYr8v36zpdgLF5xgO,visa,credit,False,69199,Chip,merchant_677957,Lyon,Auvergne-Rhône-Alpes,37806,5311,pi_3UIAIiIIYr8v36zp1vnypUc5,1790008964,184769,usd,
cus_VIlqx1Ig1kOi96,76,Female,Luxembourg,68002,497,1,pm_1UIAIjIIYr8v36zpyxA3IP73,visa,credit,False,15665,Swipe,merchant_451491,Hamburg,Hamburg,93519,5999,pi_3UIAIkIIYr8v36zp0JJ5cvkl,1790008966,54579,usd,
cus_VIlqZKgMeXtRjc,76,Female,Italy,178157,699,4,pm_1UIAIlIIYr8v36zpE7XdTQSu,visa,credit,False,76029,Online,merchant_640174,Houston,Texas,35513,5812,pi_3UIAIlIIYr8v36zp18E4rZgu,1790008967,284514,usd,
cus_VIlquKiT1o9Mxi,20,Female,Austria,101816,400,1,pm_1UIAImIIYr8v36zpWUqAiDlf,visa,credit,False,92102,Contactless,merchant_124287,Copenhagen,Capital Region,58247,5999,pi_3UIAInIIYr8v36zp0pkJ6dI0,1790008969,234658,eur,
cus_VIlq0utSuktRpW,66,Male,Denmark,155020,671,1,pm_1UIAIoIIYr8v36zpoBstVm3P,visa,credit,False,87982,Chip,merchant_222283,Madrid,Community of Madrid,34539,4111,pi_3UIAIoIIYr8v36zp0nkk4wON,1790008970,187799,usd,
cus_VIlqAp3Bv3s9uD,41,Male,Spain,122138,721,1,pm_1UIAIqIIYr8v36zpxEJlt51K,visa,credit,False,59477,Swipe,merchant_906939,Rome,Lazio,70780,5311,pi_3UIAIqIIYr8v36zp1yLqYFZc,1790008972,140167,usd,
cus_VIlqM9lSMrSTFt,22,Female,Portugal,119883,310,1,pm_1UIAIrIIYr8v36zpgLUEo0SY,visa,credit,True,14677,Online,merchant_605504,New York,New York,79844,5812,pi_3UIAIsIIYr8v36zp1YUnq4ey,1790008974,9682,eur,
cus_VIlqe23Z3TVALB,34,Female,United States,145831,474,2,pm_1UIAItIIYr8v36zpoX7ExIXG,visa,credit,True,12963,Swipe,merchant_608804,Prague,Prague,28832,5411,pi_3UIAItIIYr8v36zp0wArMXDn,1790008975,25914,usd,
cus_VIlq97ud4Sf7Ga,47,Male,Spain,57742,665,4,pm_1UIAIvIIYr8v36zp9puerBVB,visa,credit,False,37772,Contactless,merchant_551246,Copenhagen,Capital Region,82340,5999,pi_3UIAIvIIYr8v36zp1jpBQWdU,1790008977,461267,usd,
cus_VIlq9g3Bon1F8P,20,Male,Switzerland,55400,596,4,pm_1UIAIwIIYr8v36zpXCqOeZJ1,visa,credit,True,27690,Online,merchant_395087,Helsinki,Uusimaa,23481,5999,pi_3UIAIxIIYr8v36zp1DGXnK3n,1790008979,299335,usd,
cus_VIlqQszFY8gR0K,80,Female,Sweden,140256,598,1,pm_1UIAIyIIYr8v36zpirYOeiAn,visa,credit,False,78210,Chip,merchant_406804,Vienna,Vienna,71358,5999,pi_3UIAIyIIYr8v36zp1sb0JIIY,1790008980,332728,usd,
cus_VIlqEBTdRxVlgB,24,Female,Finland,95210,764,1,pm_1UIAIzIIYr8v36zpEbNJJdY8,visa,credit,False,67845,Online,merchant_951063,Munich,Bavaria,17675,5311,pi_3UIAIzIIYr8v36zp0sclM8kM,1790008982,361264,usd,
cus_VIlqzf0r0mMQLr,27,Male,Italy,148917,753,3,pm_1UIAJ1IIYr8v36zpvvK0Ap1Q,visa,credit,False,6413,Contactless,merchant_479195,Dublin,Leinster,21803,5912,pi_3UIAJ1IIYr8v36zp0qeKBrYA,1790008983,138523,usd,
cus_VIlqpQvnkHlbIY,26,Female,Germany,145452,534,1,pm_1UIAJ2IIYr8v36zphJlpRaVt,visa,credit,True,5035,Swipe,merchant_661024,Los Angeles,California,50206,5812,pi_3UIAJ3IIYr8v36zp0kCAbCPQ,1790008985,155858,eur,
cus_VIlqVVdNypHZot,24,Male,Germany,136723,753,4,pm_1UIAJ4IIYr8v36zpl78Mf9cZ,visa,credit,True,11540,Swipe,merchant_458223,Warsaw,Masovian,18417,5999,pi_3UIAJ4IIYr8v36zp17DEOmrI,1790008986,337318,usd,
cus_VIlqY28zJJvlAl,75,Male,Finland,78710,701,1,pm_1UIAJ5IIYr8v36zptvEWH2HE,visa,credit,False,84389,Online,merchant_709303,Prague,Prague,25353,5732,pi_3UIAJ6IIYr8v36zp1pMQoVVq,1790008988,46301,eur,
cus_VIlqmyy1cVD3KP,31,Male,Norway,125130,689,2,pm_1UIAJ7IIYr8v36zplq58iHqO,visa,credit,True,23056,Swipe,merchant_607577,Seattle,Washington,39789,5999,pi_3UIAJ7IIYr8v36zp0j2ElNaE,1790008989,495512,eur,
cus_VIlqciOLRG5DcY,74,Male,Poland,64265,539,4,pm_1UIAJ9IIYr8v36zpgaqFeoLi,visa,credit,False,34777,Chip,merchant_860610,Naples,Campania,44016,5912,pi_3UIAJ9IIYr8v36zp1tyNICmb,1790008991,359549,eur,
cus_VIlqIIQ4wCs1NL,18,Female,United States,80894,333,4,pm_1UIAJAIIYr8v36zptdgQnyQp,visa,credit,False,52300,Contactless,merchant_365863,Oslo,Oslo,61827,5311,pi_3UIAJBIIYr8v36zp0JFdpJQq,1790008993,457260,eur,
cus_VIlq0wm2DzdNIh,39,Male,Italy,112057,460,2,pm_1UIAJCIIYr8v36zpvBFTP8fo,visa,credit,True,60697,Contactless,merchant_465785,Miami,Florida,61279,5912,pi_3UIAJCIIYr8v36zp0lIYSpIY,1790008994,270583,eur,
cus_VIlqGYfXj60onJ,77,Female,Austria,98804,475,5,pm_1UIAJEIIYr8v36zpjRZpjmx0,visa,credit,False,68529,Contactless,merchant_610643,Boston,Massachusetts,62661,4111,pi_3UIAJEIIYr8v36zp18XmJqWF,1790008996,394483,usd,
cus_VIlqCFG3IEeJtB,56,Male,France,151421,687,3,pm_1UIAJFIIYr8v36zp9fMC3Uks,visa,credit,False,31840,Online,merchant_286538,Amsterdam,North Holland,93641,5732,pi_3UIAJGIIYr8v36zp1vw5txij,1790008998,391510,eur,
cus_VIlqyPIOrG0z1c,37,Male,Netherlands,162049,336,2,pm_1UIAJHIIYr8v36zprtdZifaV,visa,credit,False,16720,Online,merchant_500140,Houston,Texas,46397,5541,pi_3UIAJHIIYr8v36zp1XOxYrrP,1790009000,184870,usd,
cus_VIlrbxG9nY8XHB,67,Male,Spain,132526,594,3,pm_1UIAJJIIYr8v36zpI1YyJ2By,visa,credit,True,46510,Online,merchant_963075,Valencia,Valencian Community,55269,5732,pi_3UIAJJIIYr8v36zp1esYPop5,1790009001,355662,usd,
cus_VIlr26r6DrIiWr,63,Female,Italy,163700,517,4,pm_1UIAJKIIYr8v36zpdLKs5rQG,visa,credit,True,43825,Swipe,merchant_760264,Houston,Texas,26383,5999,pi_3UIAJLIIYr8v36zp0BPxeYw5,1790009003,499299,usd,
cus_VIlrfz7lAnlAjj,80,Male,United States,197631,778,3,pm_1UIAJMIIYr8v36zpAo0k7tU0,visa,credit,False,61642,Swipe,merchant_505843,Porto,Porto,65627,5999,pi_3UIAJMIIYr8v36zp1D7Wt0iB,1790009004,56174,eur,
cus_VIlrxSKY9OPRdF,45,Female,Netherlands,38721,414,3,pm_1UIAJOIIYr8v36zpDoSoW36a,visa,credit,True,87766,Online,merchant_306069,Amsterdam,North Holland,74713,4111,pi_3UIAJOIIYr8v36zp1FKaPB35,1790009006,87290,usd,
cus_VIlrO7AGqBpTLz,44,Female,Poland,26052,381,4,pm_1UIAJPIIYr8v36zphEjQpTkR,visa,credit,False,32644,Online,merchant_310855,Los Angeles,California,50332,5732,pi_3UIAJPIIYr8v36zp0fxqxkQU,1790009008,162147,usd,
cus_VIlrtYVJyxzQaM,26,Female,Switzerland,196845,738,3,pm_1UIAJRIIYr8v36zpcjaPri40,visa,credit,False,46540,Swipe,merchant_568110,Prague,Prague,65138,5411,pi_3UIAJRIIYr8v36zp0rIv79V3,1790009009,342493,usd,
cus_VIlrwQFQ9CqBT3,49,Male,Belgium,55954,596,5,pm_1UIAJSIIYr8v36zpG6bg9HY5,visa,credit,True,70720,Contactless,merchant_745582,Vienna,Vienna,64072,4111,pi_3UIAJTIIYr8v36zp0cbI8pYO,1790009011,57378,usd,
cus_VIlrrC4FIDMxK9,22,Female,Italy,38358,329,5,pm_1UIAJUIIYr8v36zpdSFtGwSO,visa,credit,False,29613,Online,merchant_820569,Vienna,Vienna,46009,5541,pi_3UIAJUIIYr8v36zp1GEYSnGu,1790009012,53791,eur,
cus_VIlrxLD495swwF,63,Female,Germany,52345,783,1,pm_1UIAJVIIYr8v36zpU0fs3Dxk,visa,credit,True,31948,Swipe,merchant_564645,Stockholm,Stockholm,92233,4111,pi_3UIAJWIIYr8v36zp17k8Jee8,1790009014,80872,eur,
cus_VIlrbvOh17YUyA,71,Male,Finland,61595,372,2,pm_1UIAJXIIYr8v36zpxf4vbG9V,visa,credit,True,29338,Contactless,merchant_697741,Lyon,Auvergne-Rhône-Alpes,16397,5732,pi_3UIAJXIIYr8v36zp0b1mJbPi,1790009015,299810,eur,
cus_VIlrgI5EEk7j4R,48,Male,Spain,41641,795,3,pm_1UIAJZIIYr8v36zp2fskdZl3,visa,credit,False,72621,Chip,merchant_923891,Boston,Massachusetts,12130,5541,pi_3UIAJZIIYr8v36zp0COvriIp,1790009017,206204,eur,
cus_VIlrfUmhR7tfZZ,40,Male,Luxembourg,171382,517,5,pm_1UIAJaIIYr8v36zpOJmY5KX3,visa,credit,True,22695,Contactless,merchant_489359,Hamburg,Hamburg,10930,5311,pi_3UIAJaIIYr8v36zp18F9jOO2,1790009018,394754,eur,
cus_VIlrU1vRRWb4sC,41,Female,Belgium,34656,394,5,pm_1UIAJbIIYr8v36zpt4PBYKor,visa,credit,False,70923,Chip,merchant_400336,Marseille,Provence-Alpes-Côte d'Azur,11055,5541,pi_3UIAJcIIYr8v36zp1bc9SMA1,1790009020,475634,usd,
cus_VIlrTIwlfJoLg4,23,Male,Sweden,172433,846,5,pm_1UIAJdIIYr8v36zpEjT3QX0S,visa,credit,False,51224,Swipe,merchant_781525,Lyon,Auvergne-Rhône-Alpes,50238,5999,pi_3UIAJeIIYr8v36zp114GeyQr,1790009022,328534,usd,
cus_VIlrozKvf08jyI,39,Male,Luxembourg,154509,463,2,pm_1UIAJfIIYr8v36zpNxSwzSCr,visa,credit,False,94788,Contactless,merchant_127137,Munich,Bavaria,30069,5999,pi_3UIAJfIIYr8v36zp1XuzhNAs,1790009023,284243,eur,
cus_VIlrygfTTqDJb7,53,Male,Belgium,197001,838,1,pm_1UIAJgIIYr8v36zpReSHwCy5,visa,credit,True,67178,Swipe,merchant_590839,Miami,Florida,25481,5812,pi_3UIAJhIIYr8v36zp1sKIG3Ph,1790009025,418119,eur,
cus_VIlr6vALE0nyg6,55,Male,Denmark,66189,470,4,pm_1UIAJiIIYr8v36zpHP2cYkI7,visa,credit,True,26679,Contactless,merchant_749139,Barcelona,Catalonia,88678,5999,pi_3UIAJiIIYr8v36zp03LzHxxY,1790009026,479448,eur,
cus_VIlr9fSMYgJtyL,43,Male,Belgium,56183,783,2,pm_1UIAJkIIYr8v36zpcwInLVpP,visa,credit,False,81777,Contactless,merchant_310225,Seattle,Washington,46705,5311,pi_3UIAJkIIYr8v36zp0r2oK1bU,1790009028,40220,usd,
cus_VIlrlwf53jh4LD,53,Male,Austria,110000,603,2,pm_1UIAJlIIYr8v36zpxdmeMjB9,visa,credit,True,70405,Online,merchant_900398,Zurich,Zurich,46767,5812,pi_3UIAJmIIYr8v36zp1cEy24Am,1790009030,58943,eur,
cus_VIlrkx20xSaR97,21,Female,Germany,108543,772,3,pm_1UIAJnIIYr8v36zpjwRBH61W,visa,credit,False,83759,Online,merchant_136761,Berlin,Berlin,65256,5311,pi_3UIAJnIIYr8v36zp1RaLjGSP,1790009031,447572,usd,
cus_VIlrfnmpHjBqsu,51,Female,Norway,81323,574,5,pm_1UIAJoIIYr8v36zpV73YQgqL,visa,credit,False,52025,Contactless,merchant_726718,Zurich,Zurich,37009,5732,pi_3UIAJpIIYr8v36zp1CvDi6CE,1790009033,307037,eur,
cus_VIlrnWPNvVsJWF,27,Female,Italy,24967,502,1,pm_1UIAJqIIYr8v36zpvWY2FSHh,visa,credit,True,74623,Swipe,merchant_795582,Naples,Campania,33309,4111,pi_3UIAJrIIYr8v36zp1WutzXil,1790009035,266311,eur,
cus_VIlrxGPhod1obS,75,Female,Poland,187717,716,4,pm_1UIAJsIIYr8v36zpiq8EJfxO,visa,credit,False,64173,Contactless,merchant_500223,Brussels,Brussels,17628,4111,pi_3UIAJsIIYr8v36zp03b1fyvi,1790009036,367275,usd,
cus_VIlruis1uIJl9j,74,Male,Italy,34568,377,5,pm_1UIAJtIIYr8v36zpyHfG2xpz,visa,credit,True,88876,Swipe,merchant_733862,Los Angeles,California,10380,5732,pi_3UIAJuIIYr8v36zp0QUxskOV,1790009038,94875,usd,
cus_VIlrnpFHqcj80f,44,Male,Spain,153538,838,5,pm_1UIAJvIIYr8v36zpqTWr47uz,visa,credit,False,79173,Contactless,merchant_324661,Rome,Lazio,83067,5812,pi_3UIAJwIIYr8v36zp1LdrRXDY,1790009040,356324,usd,
cus_VIlrlxIDplxiJL,70,Male,Czech Republic,49808,573,4,pm_1UIAJxIIYr8v36zp6zIx0u8M,visa,credit,False,67687,Chip,merchant_151768,Lyon,Auvergne-Rhône-Alpes,39313,4111,pi_3UIAJxIIYr8v36zp17uN8itU,1790009041,121614,eur,
cus_VIlrljQHuUh3kG,69,Male,Spain,135760,478,4,pm_1UIAJyIIYr8v36zpAp6y4xM6,visa,credit,False,74722,Contactless,merchant_733408,Rotterdam,South Holland,23855,5541,pi_3UIAJzIIYr8v36zp0d4WqiX3,1790009043,365453,eur,
cus_VIlr59s0IcyfDK,74,Male,Sweden,79633,704,2,pm_1UIAK0IIYr8v36zpZ34cEe7s,visa,credit,False,47811,Online,merchant_425635,Houston,Texas,10427,5999,pi_3UIAK0IIYr8v36zp0Kg4qk4R,1790009044,300929,eur,
cus_VIlrd38z7IXXaO,78,Male,Sweden,131328,568,4,pm_1UIAK2IIYr8v36zpAC9VKETv,visa,credit,False,55760,Swipe,merchant_906460,Amsterdam,North Holland,88115,4111,pi_3UIAK2IIYr8v36zp0m2duTil,1790009046,286727,usd,
cus_VIlrN2Ghjq7gKY,18,Female,Switzerland,39567,410,2,pm_1UIAK3IIYr8v36zpBJB9Oqq0,visa,credit,False,98945,Swipe,merchant_118459,Porto,Porto,91117,5411,pi_3UIAK3IIYr8v36zp0Px5m51y,1790009047,206687,usd,
cus_VIlrrofzskh15J,43,Male,Sweden,173723,700,5,pm_1UIAK5IIYr8v36zpqRwwh2ZW,visa,credit,True,88612,Chip,merchant_468575,Stockholm,Stockholm,95554,5912,pi_3UIAK5IIYr8v36zp1hegQ46o,1790009049,386129,usd,
cus_VIlr0tLauqWKQz,21,Female,Belgium,187111,757,1,pm_1UIAK6IIYr8v36zpLIPyNZim,visa,credit,False,37963,Online,merchant_834659,Lisbon,Lisbon,39256,5411,pi_3UIAK7IIYr8v36zp1cIVv8m4,1790009051,382413,eur,
cus_VIlrRzYIw18qGN,29,Female,Luxembourg,124089,310,4,pm_1UIAK8IIYr8v36zpOM8seYpN,visa,credit,True,57464,Online,merchant_908852,Zurich,Zurich,99381,5912,pi_3UIAK8IIYr8v36zp0pClVlQD,1790009052,447084,eur,
cus_VIlrPqHDLVtmnu,39,Female,Norway,190960,831,1,pm_1UIAK9IIYr8v36zpKs4seoZw,visa,credit,True,89545,Chip,merchant_444216,Geneva,Geneva,37611,4111,pi_3UIAKAIIYr8v36zp1ZXWV3Nl,1790009054,135753,usd,
cus_VIlrdmoavTKZhi,41,Male,Switzerland,34758,370,2,pm_1UIAKBIIYr8v36zpt7AOBCgN,visa,credit,True,57713,Swipe,merchant_820698,Oslo,Oslo,44112,5541,pi_3UIAKBIIYr8v36zp0vO4xn5T,1790009055,313863,usd,
cus_VIlrkuWMPDqXVy,59,Male,Czech Republic,63708,382,4,pm_1UIAKCIIYr8v36zpPtWzP46H,visa,credit,True,65589,Swipe,merchant_323191,Oslo,Oslo,66049,5411,pi_3UIAKDIIYr8v36zp0zq5hFLs,1790009057,386303,eur,
cus_VIlrpfmxHqdCo0,75,Female,Sweden,43662,657,3,pm_1UIAKEIIYr8v36zpz3MgzGos,visa,credit,False,18222,Contactless,merchant_730787,Brussels,Brussels,67107,4111,pi_3UIAKEIIYr8v36zp1k1E9e7Y,1790009058,413950,usd,
cus_VIlrKBuhd57zD1,67,Female,Czech Republic,140276,475,5,pm_1UIAKFIIYr8v36zpIsGEyg3h,visa,credit,True,90572,Swipe,merchant_953871,Valencia,Valencian Community,34338,5311,pi_3UIAKGIIYr8v36zp1zzWkcNr,1790009060,28861,eur,
cus_VIls3u1DhvlL6F,45,Female,Switzerland,165043,626,3,pm_1UIAKHIIYr8v36zpy0qvzf5n,visa,credit,True,6267,Chip,merchant_794541,Porto,Porto,54648,5999,pi_3UIAKHIIYr8v36zp0Aqw4u0z,1790009061,332153,usd,
cus_VIlsNng64YvMzg,43,Female,Finland,149700,497,1,pm_1UIAKIIIYr8v36zpn82AAWjM,visa,credit,True,16941,Chip,merchant_637308,Madrid,Community of Madrid,37077,5541,pi_3UIAKJIIYr8v36zp1hHmIOPR,1790009063,332464,usd,
cus_VIlsWvSYr7iZ6x,40,Male,Italy,143038,613,1,pm_1UIAKKIIYr8v36zpmIyL5Er5,visa,credit,True,68484,Swipe,merchant_563571,Amsterdam,North Holland,17290,5311,pi_3UIAKKIIYr8v36zp0ROVpeZC,1790009064,214721,eur,
cus_VIls6EHOGp3T1O,49,Female,Poland,174427,791,3,pm_1UIAKLIIYr8v36zpT7l8fXTI,visa,credit,True,13006,Swipe,merchant_703887,Stockholm,Stockholm,68062,5541,pi_3UIAKMIIYr8v36zp1rR0krcA,1790009066,206088,usd,
cus_VIlsrewkKQcemm,60,Male,Portugal,157465,717,5,pm_1UIAKNIIYr8v36zpKSlEEBoE,visa,credit,True,83535,Chip,merchant_201446,Brussels,Brussels,76755,5311,pi_3UIAKNIIYr8v36zp0YlfrWF7,1790009068,350126,usd,
cus_VIlso0fj5ZLy3G,19,Male,Luxembourg,105343,539,4,pm_1UIAKPIIYr8v36zprs8CxiVv,visa,credit,False,58875,Chip,merchant_680017,Munich,Bavaria,48224,5912,pi_3UIAKPIIYr8v36zp1gpae3vM,1790009069,329643,usd,
cus_VIls7qbBtsk2RI,69,Male,Portugal,170287,781,3,pm_1UIAKQIIYr8v36zpSO8fQOOq,visa,credit,False,67266,Chip,merchant_701855,Houston,Texas,18817,5732,pi_3UIAKRIIYr8v36zp0cHclclY,1790009071,313906,usd,
cus_VIlsPSYX6L5geK,57,Female,Czech Republic,33415,363,2,pm_1UIAKSIIYr8v36zpmzwZXNhE,visa,credit,True,10170,Online,merchant_612211,Madrid,Community of Madrid,65576,5812,pi_3UIAKSIIYr8v36zp1DkxNqgn,1790009072,267824,eur,
cus_VIlsMQjSG4B4vj,52,Female,Spain,22581,721,4,pm_1UIAKTIIYr8v36zpx8jBlG3Q,visa,credit,True,50080,Swipe,merchant_930347,Barcelona,Catalonia,14083,5999,pi_3UIAKUIIYr8v36zp0eapEBkn,1790009074,490551,eur,
cus_VIlsq7xHqEkpfF,63,Female,Finland,36090,360,4,pm_1UIAKVIIYr8v36zpPgvPDNNg,visa,credit,True,27667,Swipe,merchant_868963,Zurich,Zurich,68065,5812,pi_3UIAKVIIYr8v36zp0WaB5OJS,1790009075,447086,eur,
cus_VIlsWii8g3Mv3G,29,Male,Denmark,153537,388,2,pm_1UIAKWIIYr8v36zp2CgMKKSr,visa,credit,False,27344,Chip,merchant_739054,Helsinki,Uusimaa,13448,5999,pi_3UIAKXIIYr8v36zp0duefoM3,1790009077,145758,eur,
cus_VIlsGvjySwHJns,28,Female,Sweden,190793,562,2,pm_1UIAKYIIYr8v36zpcYKiWUhe,visa,credit,False,40253,Swipe,merchant_899339,Copenhagen,Capital Region,35072,5411,pi_3UIAKYIIYr8v36zp16GgKWQC,1790009078,95469,usd,
cus_VIls4td4fsOsSX,39,Male,Denmark,100557,371,3,pm_1UIAKZIIYr8v36zpGzgyUTng,visa,credit,False,96359,Online,merchant_331572,Dublin,Leinster,85502,5732,pi_3UIAKaIIYr8v36zp0jLQxNM6,1790009080,431256,usd,
cus_VIlsIhac5wUwo4,25,Male,Poland,49213,814,5,pm_1UIAKcIIYr8v36zpvOjoVeIW,visa,credit,True,56492,Contactless,merchant_763900,Oslo,Oslo,15123,5541,pi_3UIAKcIIYr8v36zp0KLu9KJD,1790009082,50419,eur,
cus_VIlsW7kiknAKOm,47,Male,United States,141448,727,3,pm_1UIAKdIIYr8v36zpKDG71u6a,visa,credit,True,71599,Chip,merchant_225780,Valencia,Valencian Community,63280,4111,pi_3UIAKeIIYr8v36zp0YuHEHqQ,1790009084,196443,usd,
cus_VIlsimwaBaiP6F,35,Female,Portugal,171512,701,5,pm_1UIAKfIIYr8v36zpXXJTRf25,visa,credit,True,92080,Swipe,merchant_365790,Prague,Prague,66815,5732,pi_3UIAKfIIYr8v36zp0hBTKSfk,1790009085,138123,usd,
cus_VIlsttgWdzVzQz,74,Female,Spain,57131,486,5,pm_1UIAKgIIYr8v36zpsQSrmOiP,visa,credit,True,87978,Contactless,merchant_406591,Berlin,Berlin,97191,5311,pi_3UIAKhIIYr8v36zp1nR4nBYB,1790009087,306468,eur,
cus_VIlsPJXAdNQdMH,76,Male,Luxembourg,32547,585,1,pm_1UIAKiIIYr8v36zpTswKO5gV,visa,credit,True,52731,Online,merchant_666719,Naples,Campania,15136,5411,pi_3UIAKiIIYr8v36zp0OdqxFUF,1790009088,76076,usd,
cus_VIlsO9TYEf2yo2,37,Female,Finland,98214,758,2,pm_1UIAKkIIYr8v36zpDHb0dKAu,visa,credit,False,30898,Online,merchant_172199,Brussels,Brussels,47051,5912,pi_3UIAKkIIYr8v36zp1hYNtLci,1790009090,165868,eur,
cus_VIls8JcgxfylbO,32,Male,Ireland,81372,521,1,pm_1UIAKmIIYr8v36zpvaRthMen,visa,credit,True,15559,Online,merchant_690216,Hamburg,Hamburg,82852,5541,pi_3UIAKmIIYr8v36zp11lt46Q8,1790009092,472324,eur,
cus_VIlsuEcYux2I6q,79,Female,Portugal,169453,604,1,pm_1UIAKoIIYr8v36zpcfl7RcT1,visa,credit,False,84818,Swipe,merchant_560061,Amsterdam,North Holland,92887,5732,pi_3UIAKoIIYr8v36zp1pHj9eZm,1790009094,385823,usd,
cus_VIlsUR1JfqiBIP,80,Female,Austria,103231,702,3,pm_1UIAKpIIYr8v36zpYPfI0UyN,visa,credit,False,78664,Contactless,merchant_879436,Los Angeles,California,41946,4111,pi_3UIAKpIIYr8v36zp0XPwsey9,1790009095,176286,eur,
cus_VIlsjihcQXvFHd,23,Female,France,175570,361,3,pm_1UIAKqIIYr8v36zpVY05SDdo,visa,credit,True,92735,Swipe,merchant_957058,Valencia,Valencian Community,40062,5912,pi_3UIAKrIIYr8v36zp15cZoNQB,1790009097,254997,eur,
cus_VIlstLST1t7UtU,78,Male,Denmark,131471,659,5,pm_1UIAKsIIYr8v36zpPZmWX4F5,visa,credit,True,45618,Online,merchant_758254,Prague,Prague,41066,5311,pi_3UIAKsIIYr8v36zp0TrWHaUI,1790009098,139979,eur,
cus_VIls8Q9HQGD5wX,51,Female,Luxembourg,21989,779,4,pm_1UIAKtIIYr8v36zpdR9RJeEZ,visa,credit,True,44250,Online,merchant_614215,Madrid,Community of Madrid,70631,5541,pi_3UIAKuIIYr8v36zp1CNBMrWj,1790009100,245385,usd,
cus_VIlsnZhU1VlYE2,75,Female,United States,188409,508,4,pm_1UIAKvIIYr8v36zpsTgIuu3j,visa,credit,False,42240,Chip,merchant_748796,Copenhagen,Capital Region,15417,5912,pi_3UIAKvIIYr8v36zp136nCdxB,1790009101,129047,eur,
cus_VIlsokAGvdWsJW,29,Female,Switzerland,117201,432,4,pm_1UIAKwIIYr8v36zpme23sAs0,visa,credit,False,16008,Chip,merchant_254646,Warsaw,Masovian,56632,5541,pi_3UIAKxIIYr8v36zp0oBDsNLV,1790009103,227515,eur,
cus_VIlswEZm6xO005,60,Male,Luxembourg,119533,676,3,pm_1UIAKyIIYr8v36zpG0Tz7it3,visa,credit,True,56456,Online,merchant_321018,Geneva,Geneva,33838,5812,pi_3UIAKyIIYr8v36zp1ptLSV72,1790009105,19665,usd,
cus_VIlslbV0HMhDQy,47,Female,Finland,126859,683,3,pm_1UIAL0IIYr8v36zptWJzmGoh,visa,credit,True,12236,Online,merchant_735934,Miami,Florida,64517,5311,pi_3UIAL0IIYr8v36zp0vjlW55Q,1790009106,290402,eur,
cus_VIlsKe8mpKfcDY,68,Female,Austria,71028,759,3,pm_1UIAL1IIYr8v36zpQB8RZukv,visa,credit,True,54443,Swipe,merchant_708507,Los Angeles,California,24986,5812,pi_3UIAL2IIYr8v36zp0DYv4NAK,1790009108,2487,eur,
cus_VIlsyTSwIEyrQQ,74,Female,France,53645,684,5,pm_1UIAL3IIYr8v36zpQyUwifcV,visa,credit,False,95007,Chip,merchant_738543,Amsterdam,North Holland,39645,5912,pi_3UIAL3IIYr8v36zp1faZ1iYY,1790009109,392227,eur,
cus_VIlsy4yb2fMSmB,44,Male,France,184441,413,5,pm_1UIAL5IIYr8v36zpX71vzVgV,visa,credit,True,96735,Chip,merchant_370899,Warsaw,Masovian,48878,5732,pi_3UIAL5IIYr8v36zp12ye2pCJ,1790009111,145707,eur,
cus_VIls090S94k0P9,18,Female,Finland,198099,618,3,pm_1UIAL6IIYr8v36zp4fjjwGL3,visa,credit,False,72238,Online,merchant_152146,Miami,Florida,41997,5311,pi_3UIAL7IIYr8v36zp1j7USUv4,1790009113,427158,eur,
cus_VIlsrQHVOELxrI,72,Male,Luxembourg,169866,503,1,pm_1UIAL8IIYr8v36zpJxDywa9Q,visa,credit,True,77675,Online,merchant_107575,Dublin,Leinster,45971,5311,pi_3UIAL8IIYr8v36zp1LtZiktw,1790009114,139022,eur,
cus_VIlsHx0M23numT,66,Male,Belgium,149830,644,4,pm_1UIAL9IIYr8v36zpGosiQ37F,visa,credit,True,9306,Chip,merchant_232097,Lyon,Auvergne-Rhône-Alpes,59518,5311,pi_3UIALAIIYr8v36zp0VHJhs7f,1790009116,423073,usd,
cus_VIlsaGwISSqlbo,22,Female,Sweden,61114,476,3,pm_1UIALBIIYr8v36zp18LFRHUw,visa,credit,False,5053,Online,merchant_142281,Copenhagen,Capital Region,25104,5541,pi_3UIALBIIYr8v36zp18ZnnQJj,1790009117,211322,eur,
cus_VIlsOVfjubLsJu,33,Male,Denmark,166268,465,1,pm_1UIALCIIYr8v36zpdnJWIz2m,visa,credit,True,49790,Chip,merchant_899255,Berlin,Berlin,30647,5732,pi_3UIALDIIYr8v36zp0GnBDnqx,1790009119,264450,usd,
cus_VIltAzUoRSsjeJ,44,Male,Spain,160736,420,4,pm_1UIALEIIYr8v36zpDfWMXQPe,visa,credit,False,60412,Contactless,merchant_711828,Vienna,Vienna,87726,5999,pi_3UIALFIIYr8v36zp0caJOAke,1790009121,425300,usd,
cus_VIlthbnitw7hZj,32,Male,Denmark,177863,416,5,pm_1UIALGIIYr8v36zpPRc6UV6B,visa,credit,False,98699,Online,merchant_547676,Milan,Lombardy,78850,4111,pi_3UIALGIIYr8v36zp0QcxFqY3,1790009122,226808,eur,
cus_VIltySMolsl5Qj,62,Female,Sweden,48916,649,2,pm_1UIALHIIYr8v36zpVZzVzjS0,visa,credit,False,90892,Contactless,merchant_359179,Dublin,Leinster,61721,4111,pi_3UIALHIIYr8v36zp1fW45YEE,1790009124,127470,eur,
cus_VIltd6pQP8tqHX,53,Male,Austria,26830,508,1,pm_1UIALJIIYr8v36zpBJAoMIfO,visa,credit,True,37789,Chip,merchant_688939,Houston,Texas,59646,5999,pi_3UIALJIIYr8v36zp1TuYBZe0,1790009125,145063,eur,
cus_VIltMAJXsEgSmi,42,Female,Finland,52092,324,1,pm_1UIALKIIYr8v36zpznM4A2UX,visa,credit,True,80970,Contactless,merchant_505963,Hamburg,Hamburg,38797,5411,pi_3UIALLIIYr8v36zp1B1RHAvY,1790009127,177567,eur,
cus_VIltr9NLdjSSXn,54,Male,Poland,81027,843,1,pm_1UIALMIIYr8v36zpLT3bjNlw,visa,credit,False,11772,Chip,merchant_226873,Los Angeles,California,65937,5311,pi_3UIALNIIYr8v36zp0Al9Th99,1790009129,352883,usd,
cus_VIltT3CXTio1Ri,65,Female,Luxembourg,112727,744,3,pm_1UIALOIIYr8v36zpCj2LKZQc,visa,credit,False,5479,Contactless,merchant_401494,Valencia,Valencian Community,22532,5311,pi_3UIALOIIYr8v36zp1girtZ0Z,1790009130,373842,usd,
cus_VIltFkTTQ8DE1t,58,Male,Luxembourg,83277,652,4,pm_1UIALPIIYr8v36zpqhav1pWG,visa,credit,False,77106,Chip,merchant_198965,Warsaw,Masovian,88281,5812,pi_3UIALQIIYr8v36zp0WAmAfjI,1790009132,283376,eur,
cus_VIltw9R04NzCTO,57,Male,Sweden,54614,673,4,pm_1UIALRIIYr8v36zpXKAvFUcR,visa,credit,False,64161,Swipe,merchant_414338,Munich,Bavaria,20311,5411,pi_3UIALSIIYr8v36zp1xCiOB6V,1790009134,479633,usd,
cus_VIltUJ4z6TvvRm,29,Male,Denmark,129551,424,4,pm_1UIALTIIYr8v36zpBbs6wfAH,visa,credit,False,37009,Swipe,merchant_201381,Valencia,Valencian Community,56776,5732,pi_3UIALTIIYr8v36zp0eW6hn8e,1790009135,166724,eur,
cus_VIltPQMLGTugw4,72,Male,Luxembourg,40809,311,1,pm_1UIALUIIYr8v36zpugoHcOjU,visa,credit,False,72557,Chip,merchant_201513,Geneva,Geneva,20525,4111,pi_3UIALVIIYr8v36zp0Ptmxpeo,1790009137,426718,usd,
cus_VIltzmMJiY71zr,53,Male,France,51374,318,2,pm_1UIALWIIYr8v36zpXFDqg3Gz,visa,credit,True,4146,Contactless,merchant_854059,Vienna,Vienna,71567,5812,pi_3UIALWIIYr8v36zp1qAFZpg3,1790009138,374466,usd,
cus_VIltW1gHs2q5ay,70,Male,France,141191,354,1,pm_1UIALYIIYr8v36zpvbhT1l1y,visa,credit,False,31061,Online,merchant_484478,Boston,Massachusetts,47530,5999,pi_3UIALYIIYr8v36zp1ESED9S1,1790009140,443685,usd,
cus_VIltgkG9zVTp9t,21,Female,Spain,108128,459,3,pm_1UIALaIIYr8v36zpIRmrDJf0,visa,credit,True,66201,Contactless,merchant_276687,Paris,Île-de-France,73346,5732,pi_3UIALaIIYr8v36zp1KfIJNLI,1790009142,325051,eur,
cus_VIlt9swKjA6rQ7,64,Male,Italy,115675,804,2,pm_1UIALbIIYr8v36zpDauFZviT,visa,credit,True,9398,Swipe,merchant_453024,Helsinki,Uusimaa,27515,5311,pi_3UIALcIIYr8v36zp0cEtFMRZ,1790009144,287151,eur,
cus_VIltyyiFn4mryR,36,Male,United States,73814,459,5,pm_1UIALdIIYr8v36zpujM6aChg,visa,credit,True,51624,Swipe,merchant_819893,Miami,Florida,22031,5732,pi_3UIALeIIYr8v36zp1IItbwnH,1790009146,318064,eur,
cus_VIltN6i0WK4h6f,32,Female,Finland,179537,492,5,pm_1UIALfIIYr8v36zpQMWUN5yK,visa,credit,True,83190,Online,merchant_409932,Warsaw,Masovian,15984,5732,pi_3UIALfIIYr8v36zp01JPA8wc,1790009147,237610,usd,
cus_VIltsbfQ89MuBd,68,Male,Poland,171761,486,3,pm_1UIALhIIYr8v36zpPdGJlOmY,visa,credit,True,57265,Contactless,merchant_883674,Munich,Bavaria,91863,5732,pi_3UIALhIIYr8v36zp0WmiZt8E,1790009149,250904,usd,
cus_VIltSUe78O2F14,32,Female,United States,132904,647,1,pm_1UIALiIIYr8v36zp3U8JEhDA,visa,credit,False,56925,Online,merchant_548968,Munich,Bavaria,34599,5311,pi_3UIALjIIYr8v36zp1OO9thdt,1790009151,229059,usd,
cus_VIlt26fjPvP0If,33,Female,Belgium,86592,320,3,pm_1UIALkIIYr8v36zp5LydiO8X,visa,credit,False,45762,Online,merchant_115734,Milan,Lombardy,80548,5541,pi_3UIALkIIYr8v36zp1vdUg9kf,1790009152,314641,usd,
cus_VIlt5UPRh9kpCL,41,Female,Austria,187150,827,2,pm_1UIALmIIYr8v36zprwhMcyqa,visa,credit,False,86423,Chip,merchant_710475,Porto,Porto,83425,5411,pi_3UIALmIIYr8v36zp08SFVAkz,1790009154,340957,usd,
cus_VIltCYq2xJhitH,27,Male,Poland,55173,481,3,pm_1UIALnIIYr8v36zpfp5fDCgd,visa,credit,True,58178,Contactless,merchant_912586,Paris,Île-de-France,97893,5411,pi_3UIALoIIYr8v36zp03Rh7NnM,1790009156,97259,usd,
cus_VIltfnZpO3S4cp,44,Male,Belgium,58548,652,3,pm_1UIALpIIYr8v36zpHzzngGM3,visa,credit,False,30348,Chip,merchant_666890,Barcelona,Catalonia,14426,5311,pi_3UIALqIIYr8v36zp0LmiYgbW,1790009158,99058,eur,
cus_VIlty6IjnFd2a5,78,Female,Luxembourg,99592,542,1,pm_1UIALrIIYr8v36zp5uQ8QqPZ,visa,credit,False,30781,Swipe,merchant_776094,Naples,Campania,87200,4111,pi_3UIALrIIYr8v36zp1aQbHuBT,1790009159,391994,eur,
cus_VIltBSuYFkehjk,78,Female,Ireland,23471,805,2,pm_1UIALtIIYr8v36zptqKNGgZi,visa,credit,False,85469,Chip,merchant_990651,Lyon,Auvergne-Rhône-Alpes,98936,5912,pi_3UIALtIIYr8v36zp0Ku6UJYR,1790009161,229673,eur,
cus_VIltilFenA7hln,59,Male,Norway,93962,814,1,pm_1UIALvIIYr8v36zpqiDEQ8Q8,visa,credit,True,55668,Online,merchant_570671,Warsaw,Masovian,83842,5311,pi_3UIALvIIYr8v36zp1kWoaAtN,1790009163,204403,usd,
cus_VIlt950uIv10Hu,28,Female,Luxembourg,177651,321,5,pm_1UIALwIIYr8v36zpfRoIONmQ,visa,credit,False,61748,Swipe,merchant_967539,Warsaw,Masovian,87916,5732,pi_3UIALxIIYr8v36zp00GbmE72,1790009165,309803,eur,
cus_VIltH93fdzN96g,79,Female,Portugal,174740,846,5,pm_1UIALyIIYr8v36zphGmETLSs,visa,credit,False,81956,Online,merchant_567544,Rotterdam,South Holland,67767,4111,pi_3UIALyIIYr8v36zp0gictXcZ,1790009166,231547,eur,
cus_VIltB9waQ13eCw,25,Female,Belgium,178853,728,4,pm_1UIALzIIYr8v36zpVEsisHSz,visa,credit,False,38172,Online,merchant_517504,Brussels,Brussels,29119,5912,pi_3UIAM0IIYr8v36zp15la2vbd,1790009168,296014,usd,
cus_VIltxTSb1Y53y1,74,Male,Germany,57678,332,4,pm_1UIAM1IIYr8v36zpKodOWMEU,visa,credit,True,22873,Chip,merchant_708987,Dublin,Leinster,62392,5912,pi_3UIAM1IIYr8v36zp06QIUz3r,1790009169,80132,usd,
cus_VIltTP446HeMEZ,58,Male,Germany,51581,364,4,pm_1UIAM2IIYr8v36zpIHTEVesq,visa,credit,True,29645,Contactless,merchant_155246,Rotterdam,South Holland,95144,5732,pi_3UIAM3IIYr8v36zp0xeTHgvP,1790009171,429813,usd,
cus_VIltEHu5t7Wy9h,26,Male,Poland,84506,421,4,pm_1UIAM4IIYr8v36zp6iA3zT4T,visa,credit,True,65567,Swipe,merchant_525988,Rome,Lazio,15835,5541,pi_3UIAM4IIYr8v36zp0uxZDyoX,1790009172,494652,usd,
cus_VIltqkkHPgwXCv,33,Female,Sweden,80268,731,5,pm_1UIAM5IIYr8v36zp58UxeFpD,visa,credit,False,37460,Swipe,merchant_911532,Barcelona,Catalonia,79630,5541,pi_3UIAM6IIYr8v36zp0zG3x8rG,1790009174,315627,eur,
cus_VIltyudp7KDFJo,50,Female,Czech Republic,39687,586,1,pm_1UIAM7IIYr8v36zph1BBzSu7,visa,credit,False,948,Contactless,merchant_389066,Prague,Prague,32901,5541,pi_3UIAM7IIYr8v36zp1gPNA4j0,1790009176,81209,usd,
cus_VIltEn1TPZIqmD,70,Male,Spain,31480,648,5,pm_1UIAM9IIYr8v36zp29zUwCSx,visa,credit,True,54683,Swipe,merchant_567118,Munich,Bavaria,52816,5999,pi_3UIAM9IIYr8v36zp0huCxRtN,1790009177,243404,eur,
cus_VIlty40wrLbtrg,47,Male,Ireland,29694,756,4,pm_1UIAMBIIYr8v36zp6omwsqzV,visa,credit,False,51330,Swipe,merchant_536579,Lisbon,Lisbon,95426,5999,pi_3UIAMBIIYr8v36zp1bjVo6ta,1790009179,168511,usd,
cus_VIluKQzh456MlO,77,Male,Sweden,126621,513,1,pm_1UIAMCIIYr8v36zpxGeNE9px,visa,credit,False,42468,Online,merchant_870221,Lyon,Auvergne-Rhône-Alpes,97042,5732,pi_3UIAMDIIYr8v36zp0KTJdsv6,1790009181,235953,usd,
cus_VIlupnruBdySfq,69,Female,Italy,22421,382,2,pm_1UIAMEIIYr8v36zp4UnWTCKF,visa,credit,True,40711,Chip,merchant_238305,Valencia,Valencian Community,19175,5999,pi_3UIAMEIIYr8v36zp0Gs9UjUK,1790009182,262956,eur,
cus_VIluD67WH3sWpx,54,Male,Finland,45265,313,2,pm_1UIAMFIIYr8v36zpABDbhlfB,visa,credit,True,22083,Swipe,merchant_741232,Geneva,Geneva,46359,5411,pi_3UIAMFIIYr8v36zp03SzPVtt,1790009184,443337,eur,
cus_VIlu9DdfYlU22s,33,Female,United States,28602,341,2,pm_1UIAMHIIYr8v36zpMqLpuhMO,visa,credit,False,94084,Online,merchant_500078,Warsaw,Masovian,31263,4111,pi_3UIAMHIIYr8v36zp06egRoVX,1790009185,479580,eur,
cus_VIluqRHRu9hwho,59,Male,Spain,146720,535,3,pm_1UIAMIIIYr8v36zpSsfsInhu,visa,credit,False,584,Swipe,merchant_904903,Seattle,Washington,38225,5411,pi_3UIAMJIIYr8v36zp1sPkTODg,1790009187,455839,usd,
cus_VIlup7rSvm1yfC,34,Male,Netherlands,59690,468,3,pm_1UIAMKIIYr8v36zpd4nAAjBD,visa,credit,True,74371,Contactless,merchant_935056,Amsterdam,North Holland,19382,4111,pi_3UIAMKIIYr8v36zp0ULQjb7R,1790009188,481543,usd,
cus_VIluSryBWeGlgI,46,Male,Norway,113874,764,4,pm_1UIAMMIIYr8v36zpDzEdUr84,visa,credit,True,83685,Chip,merchant_347474,Marseille,Provence-Alpes-Côte d'Azur,38982,5732,pi_3UIAMMIIYr8v36zp0c3w9EFn,1790009190,57345,eur,
cus_VIlun4nA6AB16K,79,Female,France,172547,639,5,pm_1UIAMNIIYr8v36zpVx9GFp3Y,visa,credit,True,41901,Chip,merchant_444223,Seattle,Washington,87823,4111,pi_3UIAMNIIYr8v36zp0sBbDlQK,1790009192,169983,usd,
cus_VIluO0zz7akvgx,56,Female,Ireland,68808,459,2,pm_1UIAMPIIYr8v36zp9XHsbYWJ,visa,credit,True,30415,Swipe,merchant_157858,Vienna,Vienna,19433,5541,pi_3UIAMPIIYr8v36zp0R85E9Pg,1790009193,124434,usd,
cus_VIluhEhItsBMlU,33,Female,France,182251,825,5,pm_1UIAMQIIYr8v36zpqsem9HIQ,visa,credit,False,28003,Online,merchant_365731,Prague,Prague,16717,5411,pi_3UIAMRIIYr8v36zp0PU4I3Ep,1790009195,296013,eur,
cus_VIlu9MPJ7IU1zo,29,Female,United States,145115,709,2,pm_1UIAMSIIYr8v36zpqA9Wszqq,visa,credit,False,53125,Chip,merchant_704674,Los Angeles,California,92241,5812,pi_3UIAMSIIYr8v36zp1aPW5Vs4,1790009196,323958,eur,
cus_VIluE1FLXprkWA,22,Male,Netherlands,62740,572,5,pm_1UIAMVIIYr8v36zpyUHF9DMn,visa,credit,True,90520,Chip,merchant_623233,Barcelona,Catalonia,91311,5411,pi_3UIAMVIIYr8v36zp06sByoP4,1790009199,371558,eur,
cus_VIluve0O2NTbHz,79,Male,Austria,101571,618,2,pm_1UIAMXIIYr8v36zpOtoKfgHh,visa,credit,False,9100,Online,merchant_993702,Houston,Texas,31489,5311,pi_3UIAMXIIYr8v36zp1HtXtQMA,1790009201,380819,eur,
cus_VIluOqL757VQsa,45,Male,Italy,187554,561,2,pm_1UIAMYIIYr8v36zp2tZrVbDW,visa,credit,True,73986,Contactless,merchant_868061,Amsterdam,North Holland,33564,5541,pi_3UIAMZIIYr8v36zp0p3Ngk2Q,1790009203,286088,usd,
cus_VIluxWcNxoGin8,19,Male,Finland,118559,475,4,pm_1UIAMaIIYr8v36zpsDWr2kFE,visa,credit,False,82863,Online,merchant_905681,Prague,Prague,73065,5812,pi_3UIAMaIIYr8v36zp0u2TeUgx,1790009204,199090,eur,
cus_VIludtwzLbKjYd,35,Female,Denmark,68522,481,3,pm_1UIAMbIIYr8v36zpj2SnlQhw,visa,credit,True,23755,Chip,merchant_430835,Hamburg,Hamburg,32360,5999,pi_3UIAMcIIYr8v36zp1XAFXH7O,1790009206,196812,eur,
cus_VIluCJxSc1OTH7,33,Male,Poland,100121,558,1,pm_1UIAMdIIYr8v36zpKs2XMAMt,visa,credit,True,87643,Online,merchant_799674,Oslo,Oslo,41944,5912,pi_3UIAMdIIYr8v36zp1q3aArxI,1790009207,98499,usd,
cus_VIluQnrpoaBKzv,68,Female,Switzerland,65083,477,4,pm_1UIAMeIIYr8v36zprflp9zhw,visa,credit,False,945,Online,merchant_555348,Brussels,Brussels,19887,4111,pi_3UIAMfIIYr8v36zp0oONNj3b,1790009209,57326,usd,
cus_VIlun7fnkzbWGD,43,Male,Switzerland,153833,674,2,pm_1UIAMgIIYr8v36zp02RfdRhM,visa,credit,True,41045,Online,merchant_931588,Milan,Lombardy,53811,5411,pi_3UIAMgIIYr8v36zp15eW3oh3,1790009210,496716,usd,
cus_VIluTZOD3yKL1n,53,Male,Czech Republic,176127,342,4,pm_1UIAMiIIYr8v36zpXbaNhJfm,visa,credit,True,90339,Chip,merchant_800548,Stockholm,Stockholm,80567,5541,pi_3UIAMjIIYr8v36zp1dJvtqln,1790009213,124614,eur,
cus_VIlu6a7hI2tmQU,49,Male,Belgium,178553,389,3,pm_1UIAMkIIYr8v36zpXFkikb5A,visa,credit,False,81053,Contactless,merchant_620741,Amsterdam,North Holland,90274,5541,pi_3UIAMkIIYr8v36zp1UX2jRRa,1790009214,424003,eur,
cus_VIlu4LZrp0A3aC,38,Female,Sweden,52974,705,3,pm_1UIAMlIIYr8v36zpPYsOxznu,visa,credit,False,78229,Swipe,merchant_783172,Paris,Île-de-France,32028,5311,pi_3UIAMmIIYr8v36zp0oWT323E,1790009216,39621,eur,
cus_VIluSKxfrLuTf5,41,Male,United States,58643,737,2,pm_1UIAMnIIYr8v36zpkxQbPfAx,visa,credit,True,92293,Online,merchant_838980,Dublin,Leinster,74764,5732,pi_3UIAMnIIYr8v36zp1VQtuNPD,1790009217,277293,eur,
cus_VIlumY4PfTYGXN,66,Female,Finland,91194,735,1,pm_1UIAMpIIYr8v36zp3xD2vQmb,visa,credit,True,1258,Contactless,merchant_520920,Marseille,Provence-Alpes-Côte d'Azur,48234,5812,pi_3UIAMpIIYr8v36zp0jFbRMOo,1790009219,77612,eur,
cus_VIluvhuYt6bN02,25,Male,Portugal,104216,743,2,pm_1UIAMrIIYr8v36zp6uJ60HWC,visa,credit,True,42380,Chip,merchant_545925,Chicago,Illinois,69961,5912,pi_3UIAMrIIYr8v36zp1jPuwu1g,1790009221,23577,usd,
cus_VIluuyqzQvk00L,53,Female,Ireland,170237,448,3,pm_1UIAMsIIYr8v36zpvbVWwOUv,visa,credit,False,1323,Swipe,merchant_386230,Amsterdam,North Holland,55917,5541,pi_3UIAMsIIYr8v36zp1LHgbOyk,1790009222,488962,usd,
cus_VIluQlmJRPM6je,47,Female,Sweden,154474,844,4,pm_1UIAMuIIYr8v36zpkzjKKEA6,visa,credit,False,76758,Contactless,merchant_893654,Dublin,Leinster,86864,5812,pi_3UIAMuIIYr8v36zp0TvfjSTl,1790009224,278019,usd,
cus_VIluGH8FiARCOl,45,Male,Czech Republic,40991,819,4,pm_1UIAMvIIYr8v36zpNZ71zIEq,visa,credit,False,93948,Swipe,merchant_332799,Hamburg,Hamburg,33575,5999,pi_3UIAMwIIYr8v36zp1Ze4iSat,1790009226,164779,eur,
cus_VIlugt6dQvpPZq,29,Female,United States,173298,832,3,pm_1UIAMxIIYr8v36zpW61PEWM2,visa,credit,False,89791,Chip,merchant_658206,Amsterdam,North Holland,65790,4111,pi_3UIAMxIIYr8v36zp1IvHzuN2,1790009227,223204,usd,
cus_VIluv3wC2IGQ36,32,Male,Spain,148228,351,2,pm_1UIAMyIIYr8v36zpgky7nGfY,visa,credit,False,37010,Chip,merchant_511734,Barcelona,Catalonia,43543,5812,pi_3UIAMzIIYr8v36zp0nvrBvBo,1790009229,65560,usd,
cus_VIluBsU08Ec1vO,78,Female,Poland,170775,406,4,pm_1UIAN0IIYr8v36zpAD7x8q5f,visa,credit,True,54698,Chip,merchant_149723,Rome,Lazio,55376,5812,pi_3UIAN0IIYr8v36zp0us7i019,1790009230,481245,eur,
cus_VIluAaMrr9GeUc,20,Male,Norway,84329,617,4,pm_1UIAN1IIYr8v36zpAtdjxHuo,visa,credit,True,63693,Online,merchant_357822,Miami,Florida,19319,5999,pi_3UIAN2IIYr8v36zp1IeMHgHF,1790009232,199337,usd,
cus_VIluBu2oNKfOJN,54,Female,United States,86432,710,1,pm_1UIAN3IIYr8v36zppXtFVjfn,visa,credit,False,38043,Online,merchant_947069,Barcelona,Catalonia,94623,5912,pi_3UIAN3IIYr8v36zp08sifPcj,1790009233,326188,eur,
cus_VIluQPfXEfqXig,45,Male,Sweden,174416,746,5,pm_1UIAN5IIYr8v36zp2kf8IzPJ,visa,credit,True,33157,Contactless,merchant_914262,Helsinki,Uusimaa,59299,5732,pi_3UIAN5IIYr8v36zp11Rwf2vP,1790009235,148134,eur,
cus_VIlujiYiE6okjp,28,Male,Switzerland,114700,526,2,pm_1UIAN6IIYr8v36zpnvV11z3H,visa,credit,False,60392,Chip,merchant_235688,Munich,Bavaria,90294,5812,pi_3UIAN7IIYr8v36zp0jjt2t5H,1790009237,110734,eur,
cus_VIlugBjvPTw41s,43,Female,Finland,99723,446,3,pm_1UIAN8IIYr8v36zpZKOr42My,visa,credit,True,52200,Contactless,merchant_410891,Madrid,Community of Madrid,41720,5311,pi_3UIAN8IIYr8v36zp1CnZl42t,1790009238,313349,eur,
cus_VIlvzZjMgLY8PS,47,Male,Czech Republic,34894,318,1,pm_1UIANAIIYr8v36zpt0UECie7,visa,credit,True,36939,Chip,merchant_339150,Paris,Île-de-France,57824,5812,pi_3UIANAIIYr8v36zp0aW8umEG,1790009240,114810,usd,
cus_VIlvEkV85qZ4NH,57,Female,France,123250,742,2,pm_1UIANBIIYr8v36zpIE3Sejxw,visa,credit,False,99298,Online,merchant_214494,Miami,Florida,84789,5812,pi_3UIANCIIYr8v36zp0CeGAuxk,1790009242,58731,usd,
cus_VIlvtY1EHizYKG,23,Female,Italy,106849,611,5,pm_1UIANDIIYr8v36zpuF74ZYRA,visa,credit,False,87049,Contactless,merchant_608846,Berlin,Berlin,53905,5912,pi_3UIANDIIYr8v36zp1zrezg6i,1790009243,373773,eur,
cus_VIlvEzziAI6Y1z,35,Male,United States,73227,500,5,pm_1UIANFIIYr8v36zpIyym5hV2,visa,credit,True,14293,Contactless,merchant_190849,Brussels,Brussels,56265,5732,pi_3UIANFIIYr8v36zp0yFd8DIk,1790009245,62399,eur,
cus_VIlvOx4bzHc5Dx,57,Male,United States,97782,399,5,pm_1UIANGIIYr8v36zpmfUKND5S,visa,credit,True,83345,Online,merchant_770124,Prague,Prague,38630,5311,pi_3UIANGIIYr8v36zp1tavDboF,1790009247,267179,eur,
cus_VIlv1esdXle3PB,43,Female,Switzerland,78279,447,2,pm_1UIANIIIYr8v36zpQzBwi8X9,visa,credit,False,90075,Swipe,merchant_153151,Copenhagen,Capital Region,61724,4111,pi_3UIANIIIYr8v36zp021vklqZ,1790009248,157531,eur,
cus_VIlvzYUqEaPxCL,51,Male,Poland,199855,539,3,pm_1UIANKIIYr8v36zpfZaSAxRa,visa,credit,False,95723,Contactless,merchant_868922,Marseille,Provence-Alpes-Côte d'Azur,40092,5411,pi_3UIANKIIYr8v36zp0UhubBxt,1790009250,240931,usd,
cus_VIlvDLUXSmk15J,34,Female,Sweden,104019,729,1,pm_1UIANLIIYr8v36zpyQVVDamA,visa,credit,False,89151,Online,merchant_430364,Stockholm,Stockholm,83037,4111,pi_3UIANMIIYr8v36zp0UXhrLP7,1790009252,108359,eur,
cus_VIlvet0FwbgnkJ,31,Male,Czech Republic,140007,817,2,pm_1UIANNIIYr8v36zpvpZEtz5O,visa,credit,False,93934,Chip,merchant_764993,Hamburg,Hamburg,36627,5812,pi_3UIANNIIYr8v36zp1lrIQOpX,1790009253,385558,eur,
cus_VIlvDXMXjcKkoj,46,Female,Ireland,151796,373,4,pm_1UIANPIIYr8v36zpasnxjq9z,visa,credit,False,50787,Chip,merchant_596961,Houston,Texas,27074,5999,pi_3UIANPIIYr8v36zp1UkaxMeg,1790009255,478806,eur,
cus_VIlvQFP9F9JiAT,58,Female,Italy,32166,513,3,pm_1UIANRIIYr8v36zp1cAsTcFF,visa,credit,False,39200,Swipe,merchant_186280,Boston,Massachusetts,23999,5732,pi_3UIANRIIYr8v36zp00D6ecPi,1790009257,207873,eur,
cus_VIlv9LGZWkc5u0,62,Female,Italy,73180,622,5,pm_1UIANSIIYr8v36zpgcDlBcwM,visa,credit,False,94567,Chip,merchant_929232,New York,New York,10860,5541,pi_3UIANTIIYr8v36zp0OWDqEk4,1790009259,164664,eur,
cus_VIlvll9nrfHgIp,42,Male,Austria,31997,380,5,pm_1UIANUIIYr8v36zp7k52aNT3,visa,credit,True,7430,Swipe,merchant_129180,Boston,Massachusetts,49321,5541,pi_3UIANUIIYr8v36zp0EmD7qk7,1790009261,379306,usd,
cus_VIlvxk8ejFPZg2,61,Female,France,140098,639,1,pm_1UIANWIIYr8v36zpsVYBUltZ,visa,credit,True,63470,Online,merchant_695840,Los Angeles,California,59747,5912,pi_3UIANWIIYr8v36zp0SrokVLp,1790009262,147893,eur,
cus_VIlvZ9yw4eNRVt,44,Male,Sweden,129890,491,2,pm_1UIANYIIYr8v36zpgP1dlXjQ,visa,credit,True,74306,Contactless,merchant_899987,Chicago,Illinois,40976,5732,pi_3UIANYIIYr8v36zp0xprVWlR,1790009264,227838,eur,
cus_VIlvFd0HnFynGO,48,Male,Austria,110280,827,5,pm_1UIANZIIYr8v36zpsrsSEdu0,visa,credit,True,2679,Online,merchant_920745,Valencia,Valencian Community,83869,5411,pi_3UIANZIIYr8v36zp1aYrm5ha,1790009265,490733,usd,
cus_VIlvb4Q9usGoCc,41,Male,Germany,113749,409,4,pm_1UIANaIIYr8v36zpGkWOQETE,visa,credit,False,27281,Swipe,merchant_847833,Naples,Campania,63400,5999,pi_3UIANbIIYr8v36zp0kNWfStA,1790009267,339498,eur,
cus_VIlvlLz7LKBE2F,48,Male,Germany,43679,723,4,pm_1UIANcIIYr8v36zphtNVnB5h,visa,credit,True,12130,Online,merchant_966497,Rome,Lazio,59514,5732,pi_3UIANdIIYr8v36zp1h7VFbdI,1790009269,280875,usd,
cus_VIlvuWmd8S2Cxg,28,Female,Portugal,44189,641,1,pm_1UIANeIIYr8v36zpWMS73I5t,visa,credit,False,38945,Contactless,merchant_588035,Paris,Île-de-France,61178,5541,pi_3UIANeIIYr8v36zp03XISS6I,1790009270,438816,eur,
cus_VIlvTbnEDpsqDn,35,Female,Germany,88418,547,5,pm_1UIANfIIYr8v36zphJzwEki8,visa,credit,True,64173,Swipe,merchant_112057,Miami,Florida,48281,5411,pi_3UIANgIIYr8v36zp1KJ60hNN,1790009272,76523,usd,
cus_VIlvZ2XDBeMHfe,68,Male,Czech Republic,91433,372,4,pm_1UIANhIIYr8v36zpaKagQ8hK,visa,credit,False,32687,Swipe,merchant_650519,Lyon,Auvergne-Rhône-Alpes,85598,5411,pi_3UIANiIIYr8v36zp1UzF3lYm,1790009274,441504,usd,
cus_VIlvgpe8uioduw,76,Male,Netherlands,46944,451,5,pm_1UIANjIIYr8v36zpl8erHwfB,visa,credit,True,5214,Swipe,merchant_730045,Hamburg,Hamburg,78293,5311,pi_3UIANjIIYr8v36zp1SvL6CUs,1790009275,173161,usd,
cus_VIlvg64vAtmVkh,59,Female,Poland,141449,823,5,pm_1UIANkIIYr8v36zpUXSVWwdl,visa,credit,True,69135,Chip,merchant_862674,Lisbon,Lisbon,84587,5732,pi_3UIANlIIYr8v36zp1aXpwk1t,1790009277,278961,eur,
cus_VIlv37MHkPJ0xk,55,Female,Luxembourg,81492,387,4,pm_1UIANmIIYr8v36zpm9GYTdX1,visa,credit,False,65459,Swipe,merchant_143169,Prague,Prague,63410,5999,pi_3UIANnIIYr8v36zp0TmnpGfT,1790009279,381715,usd,
cus_VIlvCLBQeaiyrz,68,Male,Spain,64925,613,1,pm_1UIANoIIYr8v36zpZEV7flTx,visa,credit,True,92209,Contactless,merchant_721274,Copenhagen,Capital Region,52741,5411,pi_3UIANoIIYr8v36zp1H84sEOe,1790009280,239322,usd,
cus_VIlv8w5NMm7DDm,79,Female,Italy,186024,844,4,pm_1UIANqIIYr8v36zpLKMkF7gQ,visa,credit,True,41727,Online,merchant_326880,Warsaw,Masovian,80876,5999,pi_3UIANqIIYr8v36zp0yA7N3c4,1790009282,191484,eur,
cus_VIlvJjOY6fEWfw,65,Female,Ireland,35325,677,3,pm_1UIANrIIYr8v36zptWEonUs9,visa,credit,False,5702,Online,merchant_162090,Porto,Porto,87938,5812,pi_3UIANsIIYr8v36zp1tlUzqy7,1790009284,482952,eur,
cus_VIlvFdBDiQml3q,72,Male,Ireland,192105,744,3,pm_1UIANtIIYr8v36zp7qj5hEic,visa,credit,True,35116,Swipe,merchant_950261,Los Angeles,California,92525,5411,pi_3UIANuIIYr8v36zp1Cg8i6Nz,1790009286,137393,eur,
cus_VIlvkLgsXUU0oA,38,Male,Spain,177720,658,1,pm_1UIANvIIYr8v36zpLlKJOi20,visa,credit,True,16380,Online,merchant_137746,Warsaw,Masovian,53047,5311,pi_3UIANvIIYr8v36zp1jUkNFLH,1790009287,86032,eur,
cus_VIlvtxbO4Eqp6t,46,Male,Germany,50135,579,1,pm_1UIANxIIYr8v36zp4ZyooMoB,visa,credit,False,87110,Swipe,merchant_671084,Miami,Florida,59707,5311,pi_3UIANxIIYr8v36zp17llAIg5,1790009289,67307,eur,
cus_VIlvdODp4kGch4,18,Female,Germany,87176,740,1,pm_1UIANyIIYr8v36zpbC6XyzTW,visa,credit,True,24791,Contactless,merchant_374407,Geneva,Geneva,12172,5732,pi_3UIANyIIYr8v36zp15RH1utY,1790009290,125016,eur,
cus_VIlv3Q9PK7rzpa,61,Female,Finland,34452,784,2,pm_1UIANzIIYr8v36zptVb2a12z,visa,credit,True,18206,Online,merchant_615237,Naples,Campania,77265,5541,pi_3UIAO0IIYr8v36zp0ZiWEazJ,1790009292,170603,usd,
cus_VIlvXNXl3mi025,33,Male,Italy,160987,523,2,pm_1UIAO1IIYr8v36zpBOAgtqPK,visa,credit,True,92218,Swipe,merchant_454285,Los Angeles,California,99846,5541,pi_3UIAO1IIYr8v36zp1WLeELNC,1790009293,44826,usd,
cus_VIlvSttSFkEhzD,33,Male,Ireland,146511,758,1,pm_1UIAO2IIYr8v36zprsJyT7ae,visa,credit,False,23844,Online,merchant_699665,Vienna,Vienna,66787,5411,pi_3UIAO3IIYr8v36zp0Pr3CYmP,1790009295,386092,eur,
cus_VIlvc5pG76l5tC,63,Female,Spain,133556,389,2,pm_1UIAO4IIYr8v36zpbd1Og3Pk,visa,credit,True,25257,Swipe,merchant_107961,Hamburg,Hamburg,25464,5311,pi_3UIAO5IIYr8v36zp0ljBMjvO,1790009297,365077,usd,
cus_VIlvl9W6RgFGkp,38,Female,Italy,33043,443,1,pm_1UIAO6IIYr8v36zpgSmKaoJp,visa,credit,False,52888,Online,merchant_370683,Houston,Texas,80983,5812,pi_3UIAO6IIYr8v36zp19ly75Wr,1790009298,26296,eur,
cus_VIlv41Et8UWji0,21,Female,Czech Republic,72287,677,3,pm_1UIAO7IIYr8v36zpwwzE1UR7,visa,credit,True,48755,Online,merchant_846249,Porto,Porto,46266,5311,pi_3UIAO8IIYr8v36zp1Qne13ru,1790009300,174490,eur,
cus_VIlwCtUblhlqPM,24,Female,Italy,101763,497,2,pm_1UIAO9IIYr8v36zpBkvflldT,visa,credit,False,92265,Chip,merchant_226368,Lisbon,Lisbon,44845,5912,pi_3UIAO9IIYr8v36zp0hfbXfjf,1790009301,86969,usd,
cus_VIlwLxGkpdIaIK,51,Male,Luxembourg,188098,483,5,pm_1UIAOBIIYr8v36zpztxDYtZZ,visa,credit,False,41326,Chip,merchant_364617,Helsinki,Uusimaa,53149,5812,pi_3UIAOBIIYr8v36zp0PbyVSkc,1790009303,434899,usd,
cus_VIlw0BcvYJYvmR,22,Male,Spain,142650,632,3,pm_1UIAOCIIYr8v36zpSxTlvD7Q,visa,credit,False,73740,Online,merchant_388021,Stockholm,Stockholm,63520,5411,pi_3UIAODIIYr8v36zp10RwEThE,1790009305,351826,eur,
cus_VIlwq05HoN14sq,74,Male,Portugal,44721,818,4,pm_1UIAOEIIYr8v36zp6G72ZCEq,visa,credit,False,73222,Swipe,merchant_640753,Barcelona,Catalonia,78508,5812,pi_3UIAOEIIYr8v36zp0iCcnE1q,1790009306,474026,usd,
cus_VIlw87PyBkhQyF,42,Male,Ireland,192373,475,4,pm_1UIAOFIIYr8v36zpVECDDQ29,visa,credit,False,53463,Contactless,merchant_768956,Prague,Prague,55005,5732,pi_3UIAOGIIYr8v36zp1pRBL6iL,1790009308,341655,eur,
cus_VIlwzwapJJRyJ3,71,Male,France,138602,438,5,pm_1UIAOHIIYr8v36zpLrbxaLGX,visa,credit,False,93683,Swipe,merchant_217414,Rotterdam,South Holland,80634,5541,pi_3UIAOHIIYr8v36zp0TiZ70eh,1790009309,355249,eur,
cus_VIlwX7602lPTSU,68,Female,Spain,97184,619,1,pm_1UIAOJIIYr8v36zpwdHimiCK,visa,credit,True,16646,Online,merchant_936563,Prague,Prague,77937,5411,pi_3UIAOJIIYr8v36zp0Ksd2Nuu,1790009311,348481,eur,
cus_VIlwXVofqVIyK5,28,Male,Spain,82831,443,3,pm_1UIAOKIIYr8v36zpXTc4hZbW,visa,credit,False,68157,Swipe,merchant_989495,Naples,Campania,23986,5311,pi_3UIAOKIIYr8v36zp1HiK78Wh,1790009312,471783,usd,
cus_VIlw6WkkAzHrbG,18,Male,Ireland,185806,759,1,pm_1UIAOMIIYr8v36zpsMjnpbRT,visa,credit,True,93359,Chip,merchant_293095,Zurich,Zurich,69343,5732,pi_3UIAOMIIYr8v36zp1HrdaVPM,1790009314,120604,eur,
cus_VIlwChD8mesGwp,79,Male,Sweden,127353,361,5,pm_1UIAONIIYr8v36zpPV5GRpZy,visa,credit,True,82773,Contactless,merchant_962017,Marseille,Provence-Alpes-Côte d'Azur,22441,4111,pi_3UIAOOIIYr8v36zp1VpfdmJu,1790009316,263291,usd,
cus_VIlwJjFvamBEsS,19,Male,Norway,108518,396,4,pm_1UIAOPIIYr8v36zpxx3imVT3,visa,credit,True,94594,Online,merchant_794787,Geneva,Geneva,96812,5732,pi_3UIAOPIIYr8v36zp1qQ1pXiA,1790009317,312482,eur,
cus_VIlwYYtPrDUZvQ,33,Male,Norway,42462,684,3,pm_1UIAOQIIYr8v36zp551hFFS0,visa,credit,True,58457,Chip,merchant_505600,Paris,Île-de-France,27140,5311,pi_3UIAORIIYr8v36zp0KOCYMCU,1790009319,209659,eur,
cus_VIlwydu7rPxvxS,37,Female,Spain,21366,623,4,pm_1UIAOSIIYr8v36zpUt3mcE3i,visa,credit,True,18663,Online,merchant_187987,Hamburg,Hamburg,26148,5912,pi_3UIAOSIIYr8v36zp1qvjaF3M,1790009320,347529,eur,
cus_VIlwIBY8U5SYZU,49,Male,Spain,50001,615,1,pm_1UIAOUIIYr8v36zpXrOg3XIH,visa,credit,False,97118,Online,merchant_776771,Houston,Texas,57942,5999,pi_3UIAOUIIYr8v36zp1MuQczwr,1790009322,247733,usd,
cus_VIlwptemRTaVTv,40,Male,Luxembourg,108592,639,3,pm_1UIAOWIIYr8v36zpVq94lsPj,visa,credit,False,93948,Chip,merchant_796931,Lisbon,Lisbon,48094,5912,pi_3UIAOWIIYr8v36zp0Q23i6Pa,1790009324,294737,usd,
cus_VIlwry41kGSHER,71,Female,France,111653,753,3,pm_1UIAOXIIYr8v36zp6KgVVZZs,visa,credit,True,52530,Contactless,merchant_106865,Barcelona,Catalonia,37232,5541,pi_3UIAOYIIYr8v36zp19kFTini,1790009326,412550,eur,
cus_VIlwnAoJJCE9cH,55,Female,Germany,33984,735,4,pm_1UIAOZIIYr8v36zpDfFaky9F,visa,credit,True,26799,Contactless,merchant_759315,Boston,Massachusetts,50963,5311,pi_3UIAOaIIYr8v36zp1EtywHtj,1790009328,176536,usd,
cus_VIlwy2biLo4yAW,69,Male,Ireland,161398,716,1,pm_1UIAObIIYr8v36zps54kXJQh,visa,credit,True,31564,Swipe,merchant_922040,Chicago,Illinois,10494,5411,pi_3UIAObIIYr8v36zp1YXoPtza,1790009329,430879,usd,
cus_VIlwxhDCJazAF3,72,Male,Spain,199383,577,4,pm_1UIAOcIIYr8v36zpzdCSSKRj,visa,credit,False,15524,Online,merchant_973837,Milan,Lombardy,73258,5311,pi_3UIAOdIIYr8v36zp1huYw0O9,1790009331,385923,eur,
cus_VIlwjBY7dPPMEv,80,Female,Austria,80158,750,1,pm_1UIAOeIIYr8v36zpoLu3aGai,visa,credit,False,23522,Contactless,merchant_572461,Naples,Campania,32814,5541,pi_3UIAOeIIYr8v36zp1jIHsRxf,1790009332,49735,eur,
cus_VIlwRQMdroJX8v,79,Female,Switzerland,118890,559,2,pm_1UIAOgIIYr8v36zp9Nyfy4zz,visa,credit,True,71547,Contactless,merchant_674934,Marseille,Provence-Alpes-Côte d'Azur,92855,5812,pi_3UIAOgIIYr8v36zp1IXkNE2M,1790009334,357885,usd,
cus_VIlwRTnwarH8CJ,54,Female,Austria,75885,550,4,pm_1UIAOhIIYr8v36zp3VE8TAYN,visa,credit,True,12197,Online,merchant_616306,Chicago,Illinois,79181,5999,pi_3UIAOiIIYr8v36zp1OqXLB7G,1790009336,412271,eur,
cus_VIlw49PJtgwQxF,71,Female,Norway,40398,714,4,pm_1UIAOjIIYr8v36zpJqs3F7Lz,visa,credit,False,9400,Swipe,merchant_859798,Geneva,Geneva,38981,4111,pi_3UIAOjIIYr8v36zp0CSZgPsR,1790009337,64567,eur,
cus_VIlwVsRXd7tZg4,57,Female,Finland,143183,716,4,pm_1UIAOlIIYr8v36zpqBykuiBz,visa,credit,True,87588,Online,merchant_158125,Prague,Prague,15932,5999,pi_3UIAOlIIYr8v36zp1m6XfsNd,1790009339,312861,eur,
cus_VIlwOsbp4UvJSK,73,Female,Denmark,185561,720,5,pm_1UIAOmIIYr8v36zp4uBCCOTi,visa,credit,False,64795,Chip,merchant_521926,Madrid,Community of Madrid,14003,5732,pi_3UIAOmIIYr8v36zp1UA59NP7,1790009341,31263,eur,
cus_VIlwu8FT5lMvah,50,Female,Denmark,187363,323,2,pm_1UIAOoIIYr8v36zpzJEHderE,visa,credit,False,76619,Chip,merchant_340490,Barcelona,Catalonia,59486,5311,pi_3UIAOoIIYr8v36zp1Uj2WHev,1790009342,212174,eur,
cus_VIlw6NsjK6EuID,29,Male,Austria,23793,517,3,pm_1UIAOqIIYr8v36zpgFfVXRME,visa,credit,False,2958,Chip,merchant_756390,Amsterdam,North Holland,66472,5411,pi_3UIAOqIIYr8v36zp1N9mERy9,1790009344,436834,eur,
cus_VIlwczeMCuBTvi,59,Male,Portugal,173615,455,4,pm_1UIAOrIIYr8v36zp0t7NNfyp,visa,credit,True,11324,Chip,merchant_512202,Brussels,Brussels,15652,5541,pi_3UIAOrIIYr8v36zp0wOPYdMN,1790009346,328289,eur,
cus_VIlwzDCRLKte41,37,Male,Italy,60787,371,2,pm_1UIAOtIIYr8v36zp8mlTYkT7,visa,credit,False,68493,Contactless,merchant_769623,Marseille,Provence-Alpes-Côte d'Azur,34823,5812,pi_3UIAOtIIYr8v36zp1PUQATyi,1790009347,176651,eur,
cus_VIlwbFtXAv2YDC,33,Female,United States,197565,542,4,pm_1UIAOvIIYr8v36zpzM48v03h,visa,credit,True,99351,Chip,merchant_487557,Miami,Florida,91151,5912,pi_3UIAOvIIYr8v36zp142uz1zq,1790009349,19387,eur,
cus_VIlwSZpBwiprum,53,Male,Denmark,96638,545,1,pm_1UIAOwIIYr8v36zphFddO2kI,visa,credit,True,22608,Contactless,merchant_940671,Seattle,Washington,33754,5999,pi_3UIAOxIIYr8v36zp1MVgT87t,1790009351,479435,eur,
cus_VIlw0KzGO4oP3j,40,Male,Czech Republic,181341,352,5,pm_1UIAOyIIYr8v36zpIei8Kxe7,visa,credit,True,56674,Contactless,merchant_169806,Marseille,Provence-Alpes-Côte d'Azur,11264,5912,pi_3UIAOyIIYr8v36zp0SXPHU00,1790009352,483245,eur,
cus_VIlweX0pKAE5i1,58,Female,Belgium,168057,736,3,pm_1UIAP0IIYr8v36zpSAbJDpUR,visa,credit,True,15270,Contactless,merchant_792347,Dublin,Leinster,61574,4111,pi_3UIAP0IIYr8v36zp0JxwCWBU,1790009354,23423,usd,
cus_VIlwkwj5qxICRA,77,Female,United States,99055,380,5,pm_1UIAP2IIYr8v36zpxNETyM07,visa,credit,True,82019,Contactless,merchant_292631,Amsterdam,North Holland,59736,5311,pi_3UIAP2IIYr8v36zp0AhnC7TZ,1790009356,28902,usd,
cus_VIlwlX2kOVpjLF,31,Male,Sweden,42634,388,2,pm_1UIAP3IIYr8v36zpeX1qWGEo,visa,credit,False,85298,Swipe,merchant_706355,Berlin,Berlin,15716,5411,pi_3UIAP4IIYr8v36zp1Dj5eAJU,1790009358,472343,usd,
cus_VIlwc0BZHAFHA0,34,Male,Spain,23601,392,5,pm_1UIAP5IIYr8v36zpeEEbSZYE,visa,credit,True,76810,Chip,merchant_553174,Prague,Prague,43196,5999,pi_3UIAP5IIYr8v36zp1tjUGgFA,1790009359,450326,usd,
cus_VIlx9xnkcFop3x,20,Female,Czech Republic,157144,334,3,pm_1UIAP7IIYr8v36zpw9jTRmlz,visa,credit,False,20330,Online,merchant_719328,Miami,Florida,58870,5812,pi_3UIAP7IIYr8v36zp1KZdfE4P,1790009361,112436,eur,
cus_VIlxa1fenzN4SS,54,Female,Netherlands,26942,648,5,pm_1UIAP8IIYr8v36zp0eRlHGSv,visa,credit,False,79328,Online,merchant_846187,Geneva,Geneva,35401,4111,pi_3UIAP9IIYr8v36zp1XjIrfeQ,1790009363,424910,eur,
cus_VIlxohQ3DRi8rp,68,Female,Norway,48158,555,1,pm_1UIAPAIIYr8v36zpJszOc9xn,visa,credit,True,91844,Swipe,merchant_276255,Naples,Campania,55147,5411,pi_3UIAPAIIYr8v36zp0JijZw0H,1790009364,264607,usd,
cus_VIlxdu1vS5Q0Bt,60,Male,Netherlands,127236,678,5,pm_1UIAPBIIYr8v36zpYJWYxPSR,visa,credit,False,93242,Contactless,merchant_940615,Hamburg,Hamburg,64995,5812,pi_3UIAPCIIYr8v36zp0qMYV79y,1790009366,432440,eur,
cus_VIlxnHYCJh9wB5,46,Female,Portugal,180903,496,2,pm_1UIAPDIIYr8v36zpWXauZp9z,visa,credit,True,58404,Chip,merchant_158033,Warsaw,Masovian,50651,5999,pi_3UIAPEIIYr8v36zp03OFmao2,1790009368,421783,usd,
cus_VIlxE70aIYpgro,38,Female,Spain,113210,538,4,pm_1UIAPFIIYr8v36zpwa3zoe2x,visa,credit,False,89431,Swipe,merchant_751241,Paris,Île-de-France,88830,5732,pi_3UIAPFIIYr8v36zp1bAjFYYu,1790009369,370280,eur,
cus_VIlxwcCmry9A8T,41,Female,Belgium,116591,639,1,pm_1UIAPGIIYr8v36zplUDbevD3,visa,credit,True,30616,Chip,merchant_122023,Dublin,Leinster,13261,4111,pi_3UIAPHIIYr8v36zp03yDZs5T,1790009371,87761,eur,
cus_VIlxH3dAF7GTLu,19,Male,Belgium,107500,692,1,pm_1UIAPIIIYr8v36zp3oXC0mha,visa,credit,False,34246,Chip,merchant_947826,Houston,Texas,51878,4111,pi_3UIAPIIIYr8v36zp15ZfFzyV,1790009372,234462,usd,
cus_VIlxV9TI8wvSX7,66,Female,Italy,164381,821,5,pm_1UIAPKIIYr8v36zpnS05b9o0,visa,credit,True,73537,Contactless,merchant_684600,Porto,Porto,69738,5411,pi_3UIAPKIIYr8v36zp1aO4UppZ,1790009374,107966,usd,
cus_VIlxTvijl66X1b,35,Female,Netherlands,106718,655,1,pm_1UIAPLIIYr8v36zpjv8MelDI,visa,credit,True,22838,Chip,merchant_173453,Helsinki,Uusimaa,70829,5541,pi_3UIAPLIIYr8v36zp1z3prIau,1790009376,260338,eur,
cus_VIlxnlX7JfPWIk,78,Male,France,197956,543,3,pm_1UIAPNIIYr8v36zpRkTeOHgL,visa,credit,False,24492,Swipe,merchant_728604,Stockholm,Stockholm,20013,5732,pi_3UIAPNIIYr8v36zp12nEbV9j,1790009377,480646,eur,
cus_VIlxUuHWSgDrJ0,32,Male,Poland,185527,701,1,pm_1UIAPOIIYr8v36zpGdoKRpKG,visa,credit,True,79932,Online,merchant_295201,Rotterdam,South Holland,13104,5411,pi_3UIAPPIIYr8v36zp0csH6CWP,1790009379,57917,usd,
cus_VIlxRQugtWcT58,18,Male,Austria,184719,471,4,pm_1UIAPQIIYr8v36zpl3Dx0hZD,visa,credit,False,65455,Online,merchant_373620,Boston,Massachusetts,39022,5411,pi_3UIAPRIIYr8v36zp1NxBQ0fp,1790009381,432993,usd,
cus_VIlxiRmHpYzvS1,40,Female,Germany,104014,474,5,pm_1UIAPSIIYr8v36zpxSVjiBmd,visa,credit,True,24302,Contactless,merchant_980192,Prague,Prague,42500,5812,pi_3UIAPSIIYr8v36zp0EFt0BvY,1790009382,233052,eur,
cus_VIlxt65DCPGnRa,46,Male,Austria,88243,679,3,pm_1UIAPUIIYr8v36zpXeZSnAzw,visa,credit,True,68517,Contactless,merchant_479604,Munich,Bavaria,40503,4111,pi_3UIAPUIIYr8v36zp1KFUZ635,1790009384,273163,eur,
cus_VIlxlmCoYXD0Iy,26,Male,Austria,89820,381,5,pm_1UIAPVIIYr8v36zpMbV7Ckag,visa,credit,True,39468,Online,merchant_565690,Stockholm,Stockholm,31637,5541,pi_3UIAPWIIYr8v36zp0DvnSfbg,1790009386,11723,usd,
cus_VIlxLKtZslXZWl,73,Male,France,36669,806,3,pm_1UIAPXIIYr8v36zpEUKBUYK9,visa,credit,True,10143,Online,merchant_263547,Porto,Porto,61453,5912,pi_3UIAPXIIYr8v36zp1GZmwOUO,1790009387,33370,usd,
cus_VIlxCqvBkwcLXE,75,Female,Portugal,174615,689,2,pm_1UIAPYIIYr8v36zpS97ZqBU2,visa,credit,False,12796,Chip,merchant_999829,Berlin,Berlin,39985,5411,pi_3UIAPZIIYr8v36zp1mYp5pcz,1790009389,498521,usd,
cus_VIlxKZOiEetdcr,75,Male,Sweden,152147,353,1,pm_1UIAPaIIYr8v36zp5o4hZKu2,visa,credit,True,26984,Chip,merchant_543147,Boston,Massachusetts,28532,5541,pi_3UIAPaIIYr8v36zp0Zf4OTIq,1790009390,479767,usd,
cus_VIlx4namEcAM1B,33,Male,Germany,134651,758,5,pm_1UIAPbIIYr8v36zpIplYRbyU,visa,credit,True,14900,Chip,merchant_215687,Amsterdam,North Holland,57901,5812,pi_3UIAPcIIYr8v36zp0w9gMsgI,1790009392,67116,usd,
cus_VIlx9FPALTt5GI,52,Male,Norway,149428,810,2,pm_1UIAPdIIYr8v36zpNRaIQ0s0,visa,credit,True,16914,Swipe,merchant_384267,Paris,Île-de-France,55934,5311,pi_3UIAPeIIYr8v36zp1Gc4FIbs,1790009394,401169,eur,
cus_VIlxoyTfb9vq1s,29,Male,Poland,183073,347,1,pm_1UIAPfIIYr8v36zpb4iKfCin,visa,credit,True,25257,Online,merchant_122820,Miami,Florida,76146,5999,pi_3UIAPfIIYr8v36zp1efXxlpa,1790009395,165325,usd,
cus_VIlx5PwaGTJ02F,48,Female,Austria,159695,732,1,pm_1UIAPgIIYr8v36zpkeF5XpgS,visa,credit,False,1294,Contactless,merchant_728072,Barcelona,Catalonia,36742,5411,pi_3UIAPhIIYr8v36zp1RvntD69,1790009397,48955,eur,
cus_VIlxB1mP0HMTWs,61,Female,United States,65978,810,4,pm_1UIAPiIIYr8v36zpwXAUMX0c,visa,credit,True,88880,Contactless,merchant_322173,Berlin,Berlin,90925,5411,pi_3UIAPiIIYr8v36zp08eTJmpV,1790009398,80684,usd,
cus_VIlx9mEwZdHEuA,50,Male,United States,126799,700,3,pm_1UIAPjIIYr8v36zpVP25fhke,visa,credit,False,53277,Swipe,merchant_979175,Rome,Lazio,51362,5732,pi_3UIAPkIIYr8v36zp0eSR8E6X,1790009400,259338,eur,
cus_VIlxLvSSksQzkB,29,Male,Spain,181016,827,4,pm_1UIAPlIIYr8v36zpgsSUJXS4,visa,credit,True,16674,Online,merchant_647939,Hamburg,Hamburg,34621,5812,pi_3UIAPmIIYr8v36zp01Q4Aq3V,1790009402,28121,usd,
cus_VIlxprX1aMU3xp,78,Female,Italy,147054,552,4,pm_1UIAPnIIYr8v36zp2O9goBNB,visa,credit,True,23864,Contactless,merchant_647370,Chicago,Illinois,74455,5732,pi_3UIAPnIIYr8v36zp0XLMeAvO,1790009403,184343,usd,
cus_VIlxmnKHsTCLZq,53,Male,Switzerland,28927,772,4,pm_1UIAPpIIYr8v36zpv2UrmiZt,visa,credit,True,43494,Swipe,merchant_531788,Berlin,Berlin,74813,5311,pi_3UIAPpIIYr8v36zp1hSnvock,1790009405,263286,eur,
cus_VIlx8mMl0ELo06,71,Female,Norway,197218,599,4,pm_1UIAPqIIYr8v36zp4NFoJE8e,visa,credit,True,44085,Contactless,merchant_157702,Oslo,Oslo,52234,5541,pi_3UIAPrIIYr8v36zp0SKQhTmH,1790009407,497222,eur,
cus_VIlxhryVD4LQXR,38,Male,Portugal,100852,518,5,pm_1UIAPsIIYr8v36zpwgROsGuW,visa,credit,False,65145,Swipe,merchant_389465,Stockholm,Stockholm,65195,5732,pi_3UIAPsIIYr8v36zp0I2Rz2ot,1790009408,196229,eur,
cus_VIlxKpniBB4T3P,19,Male,Luxembourg,28539,341,1,pm_1UIAPtIIYr8v36zpNmlCQC00,visa,credit,False,5555,Swipe,merchant_340182,Chicago,Illinois,97316,5812,pi_3UIAPuIIYr8v36zp158J2WbH,1790009410,280489,eur,
cus_VIlxpZN8QhBApJ,24,Male,Italy,78725,481,1,pm_1UIAPvIIYr8v36zpIuo9dZO3,visa,credit,True,64242,Online,merchant_337690,Los Angeles,California,25418,5311,pi_3UIAPwIIYr8v36zp1PpYXXwb,1790009412,442960,eur,
cus_VIlxkLcfVXnwUr,76,Female,Poland,54907,799,1,pm_1UIAPxIIYr8v36zpW3nHQ9QH,visa,credit,False,94372,Chip,merchant_725602,Milan,Lombardy,93965,5812,pi_3UIAPxIIYr8v36zp0uYj8ksx,1790009414,267745,eur,
cus_VIlx78vmFVDV8O,43,Female,Switzerland,195651,581,1,pm_1UIAPzIIYr8v36zpbiErEpl3,visa,credit,False,33127,Contactless,merchant_305124,Marseille,Provence-Alpes-Côte d'Azur,57943,5732,pi_3UIAPzIIYr8v36zp07BXwgDC,1790009415,67884,eur,
cus_VIlxze3iU53fwX,20,Female,Italy,55565,377,3,pm_1UIAQ0IIYr8v36zp6BVZUnjJ,visa,credit,True,37771,Contactless,merchant_147911,Copenhagen,Capital Region,19428,5541,pi_3UIAQ2IIYr8v36zp1UGQoDQe,1790009418,283798,usd,
cus_VIlxv3uFLyddoU,40,Female,France,62858,569,5,pm_1UIAQ3IIYr8v36zpTe0GkVWa,visa,credit,True,52987,Online,merchant_944993,Rotterdam,South Holland,93811,5541,pi_3UIAQ3IIYr8v36zp1qAYutuL,1790009420,378268,eur,
cus_VIlynqRC07yWY1,27,Female,Portugal,186132,763,5,pm_1UIAQ5IIYr8v36zpi8qXykM6,visa,credit,False,75457,Chip,merchant_333523,Marseille,Provence-Alpes-Côte d'Azur,33598,5541,pi_3UIAQ5IIYr8v36zp1kNfdZMf,1790009421,131858,usd,
cus_VIlytRayxUnU1n,51,Female,United States,103589,387,3,pm_1UIAQ7IIYr8v36zpxBBPK4vj,visa,credit,False,95985,Contactless,merchant_611116,Geneva,Geneva,39112,4111,pi_3UIAQ7IIYr8v36zp1gdXzFvr,1790009423,3430,eur,
cus_VIlyyMuCBzpS5b,58,Female,United States,62086,576,3,pm_1UIAQ8IIYr8v36zplwjYhtuh,visa,credit,False,82131,Swipe,merchant_354260,Los Angeles,California,36478,5411,pi_3UIAQ9IIYr8v36zp1gowovCB,1790009425,393407,usd,
cus_VIlyPV6CJv8pyH,44,Male,Germany,152873,487,4,pm_1UIAQAIIYr8v36zpzZ6Wuwrb,visa,credit,True,47737,Contactless,merchant_258144,Rome,Lazio,44446,5732,pi_3UIAQAIIYr8v36zp0OCRxgKB,1790009426,116651,eur,
cus_VIlyoFGf8LDsQo,33,Female,Netherlands,188707,631,1,pm_1UIAQCIIYr8v36zpeiixUZx0,visa,credit,True,77512,Swipe,merchant_602180,Vienna,Vienna,92994,5812,pi_3UIAQCIIYr8v36zp1mGzOweB,1790009428,487428,eur,
cus_VIlyU5FXayv8e0,31,Male,Switzerland,164779,340,2,pm_1UIAQDIIYr8v36zpvBcoHlPq,visa,credit,False,75709,Chip,merchant_819257,Zurich,Zurich,58633,5812,pi_3UIAQEIIYr8v36zp1WVzEkRF,1790009430,349488,usd,
cus_VIlyQ8K0CKGHe7,37,Male,Switzerland,88736,598,4,pm_1UIAQFIIYr8v36zp7pNESfdI,visa,credit,False,11063,Chip,merchant_496935,Geneva,Geneva,29197,5732,pi_3UIAQGIIYr8v36zp021PCzpx,1790009432,243306,eur,
cus_VIlynfOKDME9nH,65,Female,Norway,196694,328,2,pm_1UIAQHIIYr8v36zpOWUJTLVl,visa,credit,True,20796,Swipe,merchant_965326,Brussels,Brussels,25134,5311,pi_3UIAQHIIYr8v36zp15ROPOsA,1790009433,17103,eur,
cus_VIlyOb15IEAP8p,56,Male,France,179408,381,2,pm_1UIAQJIIYr8v36zpNeHHjH7G,visa,credit,True,46128,Contactless,merchant_695808,Naples,Campania,64015,4111,pi_3UIAQJIIYr8v36zp1sFeCsvt,1790009435,244382,eur,
cus_VIlyHR0uXEORKI,39,Female,France,160614,779,1,pm_1UIAQLIIYr8v36zp52OT20II,visa,credit,False,78576,Chip,merchant_103736,Stockholm,Stockholm,58060,5732,pi_3UIAQLIIYr8v36zp199iKkPM,1790009437,363719,usd,
cus_VIlyR0GahEaLKb,60,Male,Czech Republic,52613,364,3,pm_1UIAQMIIYr8v36zp1xd6aLGl,visa,credit,False,69266,Online,merchant_256529,Boston,Massachusetts,25427,5411,pi_3UIAQMIIYr8v36zp1X2cA7f9,1790009438,188769,usd,
cus_VIlyhGoIfvw40l,71,Male,Luxembourg,116828,639,2,pm_1UIAQNIIYr8v36zpEC95aqe7,visa,credit,True,50900,Chip,merchant_327646,Madrid,Community of Madrid,53078,5999,pi_3UIAQOIIYr8v36zp1Fui3TZC,1790009440,363609,usd,
cus_VIly0QCmwaVU9U,70,Male,Spain,128017,356,4,pm_1UIAQPIIYr8v36zpDSEDGLlS,visa,credit,False,27671,Contactless,merchant_756907,Geneva,Geneva,76077,5912,pi_3UIAQPIIYr8v36zp1ydO8y0a,1790009441,349445,usd,
cus_VIlykROL8WR7DX,42,Female,France,165101,746,2,pm_1UIAQRIIYr8v36zpfnGO4go7,visa,credit,True,14760,Chip,merchant_343171,Naples,Campania,65372,5999,pi_3UIAQRIIYr8v36zp05Y44M4T,1790009443,453474,eur,
cus_VIly8AmZFBCGQN,30,Male,Spain,179772,769,1,pm_1UIAQSIIYr8v36zpQ3REaIhy,visa,credit,True,71064,Contactless,merchant_110688,Milan,Lombardy,34413,5411,pi_3UIAQTIIYr8v36zp0Ti4LscN,1790009445,8537,usd,
cus_VIlyrSPqkchGZD,29,Female,Switzerland,63416,662,3,pm_1UIAQUIIYr8v36zpUb6zHajp,visa,credit,False,94835,Contactless,merchant_563134,Prague,Prague,71220,5411,pi_3UIAQUIIYr8v36zp11kBMmpG,1790009447,106052,usd,
cus_VIlyDwdoURSXDx,53,Female,Spain,162794,558,5,pm_1UIAQWIIYr8v36zpHYv3bm4l,visa,credit,False,78897,Swipe,merchant_607940,Chicago,Illinois,61675,5812,pi_3UIAQWIIYr8v36zp13oG7DfH,1790009448,435324,usd,
cus_VIlyJjQXAmCzda,49,Female,Norway,50520,459,3,pm_1UIAQXIIYr8v36zpaovywZSq,visa,credit,True,87360,Online,merchant_831780,Copenhagen,Capital Region,75014,4111,pi_3UIAQYIIYr8v36zp1YGID1NU,1790009450,235986,usd,
cus_VIlyHbo0YM8JGw,44,Female,Ireland,84807,451,4,pm_1UIAQZIIYr8v36zpRS9crJTP,visa,credit,False,28514,Swipe,merchant_850440,Milan,Lombardy,46540,5411,pi_3UIAQZIIYr8v36zp0Mzzqdkz,1790009451,25721,eur,
cus_VIlyaacJuptrYk,79,Male,Portugal,32099,363,3,pm_1UIAQbIIYr8v36zp4eYihgmb,visa,credit,False,2297,Swipe,merchant_773600,Miami,Florida,79212,5541,pi_3UIAQbIIYr8v36zp0Wlh79Wj,1790009453,85911,eur,
cus_VIlyuoAP8wNHxC,65,Male,United States,40156,635,2,pm_1UIAQcIIYr8v36zpa57c2JLX,visa,credit,False,98468,Online,merchant_288610,Valencia,Valencian Community,50307,5912,pi_3UIAQcIIYr8v36zp14JWMhlo,1790009455,114931,eur,
cus_VIlyZ2L7eXYH9J,56,Female,Portugal,117942,657,5,pm_1UIAQeIIYr8v36zpi89uhcAN,visa,credit,True,65914,Online,merchant_471056,Stockholm,Stockholm,60854,4111,pi_3UIAQeIIYr8v36zp07P7o3Na,1790009456,449726,eur,
cus_VIly8tQvzC3RU2,34,Male,Netherlands,114895,699,5,pm_1UIAQfIIYr8v36zpHiTF0lcy,visa,credit,True,45712,Swipe,merchant_424411,Berlin,Berlin,48111,4111,pi_3UIAQgIIYr8v36zp1JIvwlDr,1790009458,259659,usd,
cus_VIly4y6VNIcL7l,77,Female,United States,145571,842,2,pm_1UIAQhIIYr8v36zpqSZhKDfb,visa,credit,True,3049,Swipe,merchant_184439,Vienna,Vienna,89153,5812,pi_3UIAQhIIYr8v36zp0CuMFD5Q,1790009459,184318,eur,
cus_VIlyhFT3BZ6WKl,21,Male,Poland,150004,666,3,pm_1UIAQjIIYr8v36zpCOV348OI,visa,credit,True,78179,Contactless,merchant_531666,Lisbon,Lisbon,19903,5999,pi_3UIAQjIIYr8v36zp01dnwRj9,1790009461,41588,usd,
cus_VIlybnQ2cccdpp,37,Male,Italy,159213,727,2,pm_1UIAQkIIYr8v36zpa34neqKh,visa,credit,True,86432,Chip,merchant_925080,Amsterdam,North Holland,81870,5812,pi_3UIAQkIIYr8v36zp07DJsaew,1790009462,37475,usd,
cus_VIlyMsIKYbpxTn,53,Male,Sweden,70870,630,2,pm_1UIAQmIIYr8v36zpzLAleLjd,visa,credit,True,55625,Chip,merchant_545576,New York,New York,21682,5812,pi_3UIAQmIIYr8v36zp0iOTXZhX,1790009464,33613,usd,
cus_VIlyJf85LJcQpw,50,Male,Norway,110932,561,5,pm_1UIAQnIIYr8v36zpyAbBX0r8,visa,credit,False,66802,Online,merchant_495379,Munich,Bavaria,67980,5732,pi_3UIAQoIIYr8v36zp0lJkoMmj,1790009466,274312,eur,
cus_VIlyKRYMOFk16h,48,Male,Czech Republic,20138,667,3,pm_1UIAQpIIYr8v36zpWjcl6tSh,visa,credit,False,25060,Contactless,merchant_629103,Los Angeles,California,59716,5411,pi_3UIAQpIIYr8v36zp1Noubx5e,1790009467,396521,usd,
cus_VIlyEbXgelJHDa,57,Male,Netherlands,66138,528,5,pm_1UIAQqIIYr8v36zpDZFyeyI0,visa,credit,False,66556,Chip,merchant_280855,Porto,Porto,17776,5999,pi_3UIAQrIIYr8v36zp1BtR4vmo,1790009469,50859,usd,
cus_VIlyYNpK6NEYiD,39,Female,Austria,64952,373,4,pm_1UIAQsIIYr8v36zpwzI8WInd,visa,credit,True,88098,Chip,merchant_137968,Warsaw,Masovian,90178,5311,pi_3UIAQtIIYr8v36zp0NxyNorU,1790009471,375896,eur,
cus_VIlyBXkV87KsZn,53,Female,Switzerland,84724,458,2,pm_1UIAQuIIYr8v36zpO4N9Tyb1,visa,credit,True,83728,Swipe,merchant_522192,Miami,Florida,16990,4111,pi_3UIAQuIIYr8v36zp0Vl9JdQM,1790009472,205201,usd,
cus_VIly0x3EQ45l5c,69,Male,Poland,125870,815,5,pm_1UIAQvIIYr8v36zp4P4FI5My,visa,credit,True,55874,Swipe,merchant_241750,Vienna,Vienna,31883,4111,pi_3UIAQwIIYr8v36zp0m3ZpE37,1790009474,290760,usd,
cus_VIlyM4rPXTXYdn,79,Female,Switzerland,43591,779,5,pm_1UIAQxIIYr8v36zp9BT65Vsq,visa,credit,True,4525,Contactless,merchant_734998,Rome,Lazio,43630,5411,pi_3UIAQxIIYr8v36zp0pWztIYO,1790009475,18997,eur,
cus_VIlyGmwVwVmteK,46,Male,Denmark,165939,454,3,pm_1UIAQyIIYr8v36zprVifSPpr,visa,credit,False,53179,Online,merchant_586056,Hamburg,Hamburg,95953,5999,pi_3UIAQzIIYr8v36zp1iSJh09h,1790009477,490628,usd,
cus_VIlyAtnrImOvvv,45,Female,Czech Republic,90890,716,5,pm_1UIAR0IIYr8v36zp0T5lkCVU,visa,credit,True,99458,Contactless,merchant_578159,Helsinki,Uusimaa,40159,5812,pi_3UIAR1IIYr8v36zp0zo4xJJe,1790009479,268897,eur,
cus_VIlzRcQp6VD8ci,47,Female,Norway,125005,753,3,pm_1UIAR2IIYr8v36zpWhibx6ej,visa,credit,False,68900,Contactless,merchant_152133,Berlin,Berlin,44054,5912,pi_3UIAR2IIYr8v36zp1JDePGEm,1790009480,468426,usd,
cus_VIlzDGwjC1XOOq,48,Female,Portugal,72646,557,5,pm_1UIAR3IIYr8v36zpAXasbBLa,visa,credit,False,49591,Contactless,merchant_212849,Hamburg,Hamburg,81282,5541,pi_3UIAR4IIYr8v36zp0FV39vJp,1790009482,273252,usd,
cus_VIlzcoIq5gHVM9,33,Male,Denmark,62524,572,4,pm_1UIAR5IIYr8v36zpJBo5nvVw,visa,credit,False,92974,Online,merchant_870380,Rotterdam,South Holland,86568,5541,pi_3UIAR6IIYr8v36zp09Oei8A7,1790009484,70737,usd,
cus_VIlzQ9cM3dTrVJ,33,Male,Ireland,68458,567,1,pm_1UIAR7IIYr8v36zpJxuzxpoh,visa,credit,True,38993,Contactless,merchant_315741,Houston,Texas,97335,5912,pi_3UIAR8IIYr8v36zp0c4bcsG1,1790009486,202142,eur,
cus_VIlzsXBYVyDuxL,41,Male,Norway,144543,774,3,pm_1UIAR9IIYr8v36zp9eiDl6F8,visa,credit,True,84132,Contactless,merchant_694878,Brussels,Brussels,82584,5812,pi_3UIAR9IIYr8v36zp1oz0FQoQ,1790009487,147327,usd,
cus_VIlz1W5FHxHMtO,49,Female,Ireland,128571,449,2,pm_1UIARAIIYr8v36zpWRgCl1A7,visa,credit,False,72396,Contactless,merchant_593324,Lisbon,Lisbon,81634,5541,pi_3UIARBIIYr8v36zp1Jnl45Js,1790009489,179889,usd,
cus_VIlzUVNYm3oiLF,47,Female,United States,172807,589,1,pm_1UIARCIIYr8v36zpyjonk4GY,visa,credit,True,19245,Online,merchant_559993,Copenhagen,Capital Region,31644,5411,pi_3UIARCIIYr8v36zp0yXZdjFo,1790009490,498977,usd,
cus_VIlzpXcdYoozO0,32,Female,United States,143072,419,1,pm_1UIAREIIYr8v36zpgt9SAbis,visa,credit,False,70250,Chip,merchant_433075,Dublin,Leinster,88936,4111,pi_3UIAREIIYr8v36zp1Y7aCxt3,1790009492,382615,usd,
cus_VIlz5d8bTu3W1M,46,Male,Austria,198934,779,3,pm_1UIARFIIYr8v36zpWEqf7wR2,visa,credit,True,99528,Swipe,merchant_949813,Milan,Lombardy,47263,5912,pi_3UIARGIIYr8v36zp0rRy9ySA,1790009494,448743,eur,
cus_VIlzFaJN8gTsWi,68,Male,Sweden,58321,816,1,pm_1UIARHIIYr8v36zp7m9VOHUh,visa,credit,False,98778,Online,merchant_552687,Boston,Massachusetts,47066,5411,pi_3UIARHIIYr8v36zp0K3Iuh1m,1790009496,154629,eur,
cus_VIlzxtOoKg2JZU,59,Male,Switzerland,156729,567,3,pm_1UIARJIIYr8v36zpbWuMNWEZ,visa,credit,True,50512,Online,merchant_825812,Stockholm,Stockholm,92172,4111,pi_3UIARJIIYr8v36zp1PnMR2Zy,1790009497,201638,usd,
cus_VIlzFnuoo89bRZ,21,Female,Denmark,170803,524,1,pm_1UIARKIIYr8v36zpGyygGXJA,visa,credit,True,36416,Online,merchant_316353,Zurich,Zurich,60824,5541,pi_3UIARLIIYr8v36zp0qcwMeE8,1790009499,80150,eur,
cus_VIlzIifJQYzutK,79,Male,Austria,128375,517,2,pm_1UIARMIIYr8v36zpHsUwH2Gz,visa,credit,True,19923,Online,merchant_317104,Geneva,Geneva,28453,4111,pi_3UIARMIIYr8v36zp0Z3JsmPw,1790009500,350122,eur,
cus_VIlzO0sFghAtg8,61,Male,Netherlands,138506,413,2,pm_1UIARNIIYr8v36zpW5IMrkH3,visa,credit,True,88118,Online,merchant_648245,Munich,Bavaria,69688,5812,pi_3UIAROIIYr8v36zp1kffLoIW,1790009502,456616,eur,
cus_VIlzASd9sIbRyq,66,Male,Denmark,89395,680,3,pm_1UIARPIIYr8v36zpb2tyi831,visa,credit,True,63312,Online,merchant_918438,Zurich,Zurich,47307,4111,pi_3UIARPIIYr8v36zp045tQ0nF,1790009503,444435,usd,
cus_VIlzZ0jRdjbSRD,25,Female,Norway,48787,444,2,pm_1UIARQIIYr8v36zpk9LfsCwZ,visa,credit,False,6582,Swipe,merchant_594223,Porto,Porto,87205,5411,pi_3UIARRIIYr8v36zp0N3FQcsi,1790009505,388618,eur,
cus_VIlzCqjNpKL3nC,79,Male,United States,109703,530,2,pm_1UIARSIIYr8v36zpkMX5jYfA,visa,credit,False,60364,Chip,merchant_761349,Helsinki,Uusimaa,59720,5912,pi_3UIARSIIYr8v36zp1gSUasV9,1790009506,61129,eur,
cus_VIlz7LZKZRz5Bh,80,Female,United States,153389,716,4,pm_1UIARTIIYr8v36zpI2klUF5n,visa,credit,False,29999,Chip,merchant_393301,Boston,Massachusetts,89433,5311,pi_3UIARUIIYr8v36zp1o4wBgmz,1790009508,69947,eur,
cus_VIlzo0KDJYccUZ,37,Female,Austria,97931,815,4,pm_1UIARVIIYr8v36zpGt2gwWsw,visa,credit,True,89896,Contactless,merchant_281934,Copenhagen,Capital Region,19782,5411,pi_3UIARWIIYr8v36zp0JiVLwOV,1790009510,496536,eur,
cus_VIlzJhvQoQcZau,58,Female,Portugal,72791,803,2,pm_1UIARXIIYr8v36zpkuMQOVsX,visa,credit,True,88751,Chip,merchant_277389,Rome,Lazio,60394,5311,pi_3UIARXIIYr8v36zp0WdCNkFJ,1790009511,495614,usd,
cus_VIlzG8k2o8fRsx,65,Female,Austria,127178,556,4,pm_1UIARYIIYr8v36zpQHSfRmNb,visa,credit,False,56635,Online,merchant_418790,Naples,Campania,55330,5541,pi_3UIARZIIYr8v36zp06pAd6wN,1790009513,462601,usd,
cus_VIlzM3BX4RVcT6,37,Male,Netherlands,61989,457,4,pm_1UIARaIIYr8v36zpuDb00XkU,visa,credit,False,27893,Contactless,merchant_665830,Seattle,Washington,47099,5912,pi_3UIARaIIYr8v36zp1tTHRCvd,1790009514,45972,eur,
cus_VIlz72Y5FVu8Ya,57,Male,United States,109440,646,1,pm_1UIARbIIYr8v36zpPNl3Netm,visa,credit,False,76799,Contactless,merchant_881342,Barcelona,Catalonia,72342,5541,pi_3UIARcIIYr8v36zp0ecMH6AR,1790009516,330024,usd,
cus_VIlzU375ht44BL,58,Female,Czech Republic,68566,450,2,pm_1UIARdIIYr8v36zpwBPDFam8,visa,credit,True,29082,Chip,merchant_861634,Hamburg,Hamburg,15242,4111,pi_3UIARdIIYr8v36zp0LjV22w1,1790009517,451471,eur,
cus_VIlz2xLaKdfW3u,29,Male,Germany,50408,501,2,pm_1UIAReIIYr8v36zpJGKiNayD,visa,credit,False,93066,Chip,merchant_578627,Madrid,Community of Madrid,38984,5999,pi_3UIARfIIYr8v36zp12IibBnU,1790009519,10385,usd,
cus_VIlzYjf2UDzXzO,43,Male,Italy,22494,588,2,pm_1UIARgIIYr8v36zp2cPdluL2,visa,credit,True,79700,Chip,merchant_377311,Marseille,Provence-Alpes-Côte d'Azur,80701,5812,pi_3UIARgIIYr8v36zp1Fb7vVTl,1790009520,199750,eur,
cus_VIlziq1Wd4kCHe,40,Male,Sweden,132034,602,1,pm_1UIARiIIYr8v36zpu4lt2AUW,visa,credit,True,30873,Contactless,merchant_877404,Marseille,Provence-Alpes-Côte d'Azur,83975,4111,pi_3UIARiIIYr8v36zp0fcisNgW,1790009522,139251,usd,
cus_VIlzLLK2PRjEjQ,24,Male,Austria,68087,688,4,pm_1UIARjIIYr8v36zpDIngHccf,visa,credit,False,57004,Online,merchant_918145,Brussels,Brussels,43333,4111,pi_3UIARkIIYr8v36zp1LtIOSNU,1790009524,43829,eur,
cus_VIlzPjEgK8gdlS,41,Male,Germany,80320,707,3,pm_1UIARlIIYr8v36zpZcl3WRP4,visa,credit,True,61838,Online,merchant_935335,Porto,Porto,22632,5411,pi_3UIARlIIYr8v36zp1dHU9Xaz,1790009525,9798,usd,
cus_VIlzwzf9TYSo1W,60,Male,Denmark,105504,817,2,pm_1UIARnIIYr8v36zpTAYPimKX,visa,credit,False,16271,Online,merchant_412690,Porto,Porto,73012,5311,pi_3UIARnIIYr8v36zp1XtnKD6j,1790009527,101881,usd,
cus_VIlzV2so0lhP00,64,Male,Czech Republic,33418,823,3,pm_1UIARoIIYr8v36zpXwQZOHR2,visa,credit,False,17334,Swipe,merchant_276470,Hamburg,Hamburg,34826,5732,pi_3UIARpIIYr8v36zp0sI6lmHv,1790009529,384408,usd,
cus_VIlzZEocthoT4k,78,Female,Netherlands,98144,499,1,pm_1UIARqIIYr8v36zpACrycTVV,visa,credit,True,38547,Chip,merchant_574057,Amsterdam,North Holland,26204,5311,pi_3UIARqIIYr8v36zp1oDjGIa7,1790009530,113291,eur,
cus_VIlzFBPljDPUNw,31,Male,Belgium,97469,552,2,pm_1UIARrIIYr8v36zpX5waO10g,visa,credit,True,38496,Contactless,merchant_734918,Vienna,Vienna,17355,5541,pi_3UIARsIIYr8v36zp0oyCiwN4,1790009532,68353,eur,
cus_VIlzZurQmEl9d5,64,Male,Switzerland,44486,353,2,pm_1UIARtIIYr8v36zpFpdWjUtK,visa,credit,True,92865,Swipe,merchant_203577,Boston,Massachusetts,35958,4111,pi_3UIARuIIYr8v36zp084YwJ60,1790009534,82054,eur,
cus_VIlzvuEyYa4jZA,53,Male,Spain,39244,670,4,pm_1UIARvIIYr8v36zpaE0FazsL,visa,credit,True,93801,Online,merchant_867569,Stockholm,Stockholm,97629,5732,pi_3UIARvIIYr8v36zp0xdCi8Nw,1790009535,488558,usd,
cus_VIlzqO9lhp5GQl,49,Female,Spain,95445,748,4,pm_1UIARwIIYr8v36zpzbbet3co,visa,credit,False,9546,Online,merchant_143770,Marseille,Provence-Alpes-Côte d'Azur,40033,5912,pi_3UIARxIIYr8v36zp0Nx6VeCu,1790009537,219763,eur,
cus_VIlzK4zT26nHGU,76,Female,United States,182884,349,5,pm_1UIARyIIYr8v36zpLJWuky29,visa,credit,False,97027,Contactless,merchant_350715,Helsinki,Uusimaa,52221,5732,pi_3UIARyIIYr8v36zp1gwWKq3v,1790009538,39459,eur,
cus_VIlzTkWNOczVsT,53,Male,Netherlands,137606,593,2,pm_1UIAS0IIYr8v36zpR8E2j6i2,visa,credit,False,93235,Online,merchant_586551,Prague,Prague,28813,5541,pi_3UIAS0IIYr8v36zp15ocB5Pg,1790009540,486964,eur,
cus_VIm0WW70pH3yN1,63,Female,Denmark,46454,771,4,pm_1UIAS1IIYr8v36zpfI2A9UuN,visa,credit,True,17392,Contactless,merchant_676403,Naples,Campania,80458,5912,pi_3UIAS2IIYr8v36zp0qHXwUbH,1790009542,40918,eur,
cus_VIm0kTkMaG1X9B,35,Male,Portugal,94530,743,2,pm_1UIAS3IIYr8v36zpMSjQZVN0,visa,credit,True,83061,Swipe,merchant_277079,Munich,Bavaria,49486,5411,pi_3UIAS3IIYr8v36zp0iwjlC7I,1790009543,434052,eur,
cus_VIm0tpZ5I4TYlM,55,Female,Czech Republic,141506,797,4,pm_1UIAS5IIYr8v36zpRUDRyP55,visa,credit,True,14638,Contactless,merchant_681421,Geneva,Geneva,71753,5541,pi_3UIAS5IIYr8v36zp1CfFchbB,1790009545,27267,usd,
cus_VIm091VdBTBYoo,18,Female,Belgium,149575,407,4,pm_1UIAS6IIYr8v36zpFZIVJYaR,visa,credit,True,51082,Chip,merchant_678904,New York,New York,99488,5912,pi_3UIAS7IIYr8v36zp0EmT1jgc,1790009547,197840,usd,
cus_VIm0KhC6osnFxK,58,Male,Czech Republic,100725,433,4,pm_1UIAS8IIYr8v36zpya5YDeBX,visa,credit,False,81462,Contactless,merchant_583833,Brussels,Brussels,50358,5999,pi_3UIAS9IIYr8v36zp0CS6j7UR,1790009549,131375,usd,
cus_VIm0iQoRYnjxyJ,46,Male,United States,81331,314,5,pm_1UIASAIIYr8v36zpSgLK6AYw,visa,credit,False,46038,Chip,merchant_165786,Barcelona,Catalonia,98312,4111,pi_3UIASAIIYr8v36zp1RlQHAjK,1790009550,56263,eur,
cus_VIm0reiMfl5zLp,31,Male,Denmark,185357,314,3,pm_1UIASCIIYr8v36zp6TGRzRnC,visa,credit,False,98252,Chip,merchant_699752,Naples,Campania,88578,5732,pi_3UIASCIIYr8v36zp0Q2vLLFr,1790009552,322283,eur,
cus_VIm0NfADx9puVG,76,Male,Belgium,123691,609,4,pm_1UIASDIIYr8v36zpJMhjQAlJ,visa,credit,True,3796,Chip,merchant_626585,Munich,Bavaria,90682,5912,pi_3UIASDIIYr8v36zp1CMsNZl8,1790009553,363176,usd,
cus_VIm0TIG5RYKRh5,67,Female,Norway,20270,489,5,pm_1UIASFIIYr8v36zpbdg7BM7l,visa,credit,True,70929,Contactless,merchant_557773,Hamburg,Hamburg,71748,5812,pi_3UIASFIIYr8v36zp1Vh2Uahh,1790009555,210236,usd,
cus_VIm0wIcy0zHoUv,72,Male,Netherlands,146412,654,5,pm_1UIASGIIYr8v36zp5sBRDqAi,visa,credit,False,15675,Chip,merchant_622112,Los Angeles,California,58071,5732,pi_3UIASHIIYr8v36zp0VknreIA,1790009557,476947,eur,
cus_VIm0UChQbD0nIS,67,Male,Italy,175935,435,5,pm_1UIASIIIYr8v36zpuCXh3UmQ,visa,credit,True,49731,Swipe,merchant_793649,Rotterdam,South Holland,98786,5311,pi_3UIASIIIYr8v36zp1y98N5YO,1790009558,402306,eur,
cus_VIm0UBfQkhxyoA,56,Female,Portugal,117175,356,2,pm_1UIASKIIYr8v36zpG5rZzpk0,visa,credit,True,69018,Chip,merchant_747227,Lyon,Auvergne-Rhône-Alpes,89151,4111,pi_3UIASKIIYr8v36zp1jojUDbC,1790009560,370986,eur,
cus_VIm0yJFg7IXmyC,72,Female,Netherlands,180001,328,1,pm_1UIASLIIYr8v36zpyHYrpQPP,visa,credit,False,5848,Chip,merchant_137620,Prague,Prague,87003,5912,pi_3UIASMIIYr8v36zp0Ry8csTx,1790009562,84809,eur,
cus_VIm0Wb3yuiW8F3,71,Female,Germany,50177,301,4,pm_1UIASNIIYr8v36zpUpZ862rf,visa,credit,False,34806,Online,merchant_730412,Brussels,Brussels,57263,5812,pi_3UIASNIIYr8v36zp01wGtiPz,1790009563,58615,eur,
cus_VIm0bMJdfqnMly,35,Male,Netherlands,152923,782,2,pm_1UIASPIIYr8v36zpI5i5eGW7,visa,credit,True,78858,Swipe,merchant_936055,Porto,Porto,48967,5411,pi_3UIASPIIYr8v36zp171auy1l,1790009565,78905,eur,
cus_VIm047QnK3gcgm,66,Female,Finland,175670,384,5,pm_1UIASQIIYr8v36zpQAI3kWaG,visa,credit,False,46445,Online,merchant_366075,Los Angeles,California,46956,4111,pi_3UIASRIIYr8v36zp18dVqlEn,1790009567,218379,usd,
cus_VIm0xWFxEZuPt6,56,Female,France,146659,529,3,pm_1UIASSIIYr8v36zpKLhYBlvd,visa,credit,True,91861,Chip,merchant_834045,Boston,Massachusetts,85747,5732,pi_3UIASSIIYr8v36zp0Th260dA,1790009568,34174,usd,
cus_VIm0RmXutbb1rg,80,Female,France,143865,534,1,pm_1UIASUIIYr8v36zphNY9ImTz,visa,credit,True,18473,Contactless,merchant_644905,Milan,Lombardy,25752,4111,pi_3UIASUIIYr8v36zp0FAgdjKQ,1790009570,401987,usd,
cus_VIm0mgV5iuOKGX,31,Male,Sweden,122617,307,2,pm_1UIASVIIYr8v36zpv86huEIk,visa,credit,True,98119,Online,merchant_303415,Hamburg,Hamburg,84627,5999,pi_3UIASWIIYr8v36zp0Ssq3D0P,1790009572,471374,eur,
cus_VIm0TmhpA2nAQe,21,Male,Sweden,75573,466,1,pm_1UIASXIIYr8v36zp4rgbfs36,visa,credit,True,39440,Online,merchant_616951,Chicago,Illinois,16383,5732,pi_3UIASXIIYr8v36zp1xgEaTdk,1790009573,471750,usd,
cus_VIm09fKBimHnJg,57,Male,Netherlands,189462,434,5,pm_1UIASYIIYr8v36zph6FNb1Ra,visa,credit,True,28821,Contactless,merchant_523972,Vienna,Vienna,17656,5311,pi_3UIASZIIYr8v36zp1b7xSUpo,1790009575,282961,usd,
cus_VIm0zmjAPQaos5,78,Female,Poland,160029,532,4,pm_1UIASaIIYr8v36zpHABvG9ep,visa,credit,False,98099,Contactless,merchant_790605,Madrid,Community of Madrid,49197,5812,pi_3UIASaIIYr8v36zp1EulFVs8,1790009576,307135,eur,
cus_VIm0FS3qnEjnUz,29,Male,Luxembourg,83412,752,3,pm_1UIAScIIYr8v36zp1tuhdihI,visa,credit,False,47337,Swipe,merchant_677566,Lyon,Auvergne-Rhône-Alpes,56444,5912,pi_3UIAScIIYr8v36zp1O8ky6xJ,1790009578,190859,eur,
cus_VIm0XrFeQEGBKp,60,Female,Poland,64083,472,4,pm_1UIASdIIYr8v36zp6YSQZaoF,visa,credit,False,22769,Online,merchant_675406,Prague,Prague,45210,5541,pi_3UIASeIIYr8v36zp1kRWp0YD,1790009580,191672,usd,
cus_VIm0OImONTcYkq,40,Female,Switzerland,21480,632,2,pm_1UIASfIIYr8v36zp3cjZPbMv,visa,credit,False,75327,Online,merchant_413980,Porto,Porto,25577,5812,pi_3UIASfIIYr8v36zp1lOqMMsY,1790009581,240272,usd,
cus_VIm0Z10IdDF1rQ,19,Female,Norway,111707,769,5,pm_1UIASgIIYr8v36zprjHJ5s2n,visa,credit,False,17801,Online,merchant_835451,Brussels,Brussels,91417,5732,pi_3UIAShIIYr8v36zp1hFxMhXk,1790009583,7363,usd,
cus_VIm0Ep8EMpRCLH,25,Female,Switzerland,176434,350,1,pm_1UIASiIIYr8v36zpQm9d4Qd7,visa,credit,False,63608,Swipe,merchant_347705,Stockholm,Stockholm,48147,5999,pi_3UIASiIIYr8v36zp1BOhagWH,1790009584,165618,usd,
cus_VIm08it5lPNWK7,69,Male,Luxembourg,38443,364,1,pm_1UIASkIIYr8v36zp9tqYSUug,visa,credit,True,44180,Swipe,merchant_179413,Geneva,Geneva,10990,5732,pi_3UIASkIIYr8v36zp1eenmx1S,1790009586,201518,usd,
cus_VIm0K2abnYlVCS,60,Male,Spain,91046,366,2,pm_1UIASlIIYr8v36zpLUntGNuH,visa,credit,False,80080,Contactless,merchant_360915,Vienna,Vienna,37485,5541,pi_3UIASmIIYr8v36zp1hhpaJ1W,1790009588,36960,usd,
cus_VIm0ezScr6se4w,62,Female,Poland,44684,539,1,pm_1UIASnIIYr8v36zpeGJMSNmd,visa,credit,False,90611,Online,merchant_442203,Vienna,Vienna,65625,5311,pi_3UIASnIIYr8v36zp1QMXAcuu,1790009589,452443,eur,
cus_VIm0Smu0XnJJk8,53,Female,Finland,93667,579,2,pm_1UIASoIIYr8v36zp59n5HFOl,visa,credit,True,56680,Online,merchant_657257,Berlin,Berlin,97573,5411,pi_3UIASpIIYr8v36zp0WeddNav,1790009591,474450,usd,
cus_VIm0dEp5PUSdEc,20,Female,United States,134551,533,1,pm_1UIASqIIYr8v36zpr88VMaho,visa,credit,True,48408,Contactless,merchant_567260,Copenhagen,Capital Region,20864,5999,pi_3UIASqIIYr8v36zp1wNGnU3J,1790009592,34834,eur,
cus_VIm07EQoAcibvM,72,Female,Italy,27899,423,1,pm_1UIASsIIYr8v36zpkap9dw0k,visa,credit,True,73050,Chip,merchant_186477,Madrid,Community of Madrid,92442,5411,pi_3UIASsIIYr8v36zp0PJx0NZ0,1790009594,141642,usd,
cus_VIm0iJ6cuS0ska,28,Male,Sweden,104170,425,2,pm_1UIAStIIYr8v36zp4hQLJ8IG,visa,credit,True,42551,Contactless,merchant_512872,Copenhagen,Capital Region,18264,5912,pi_3UIASuIIYr8v36zp0uJNedkR,1790009596,248228,usd,
cus_VIm03jvaIvlYkN,70,Female,Luxembourg,127044,515,1,pm_1UIASvIIYr8v36zpB0OvwHAm,visa,credit,True,55534,Online,merchant_574411,Munich,Bavaria,57152,4111,pi_3UIASvIIYr8v36zp1RiFMJmo,1790009597,239369,usd,
cus_VIm0mS4mINio6L,78,Male,Poland,70990,628,2,pm_1UIASxIIYr8v36zpg0dstjql,visa,credit,False,68235,Contactless,merchant_970553,Boston,Massachusetts,13189,5732,pi_3UIASxIIYr8v36zp1v0AGO1D,1790009599,442644,usd,
cus_VIm1QREUK4sAlI,75,Male,Austria,103205,351,5,pm_1UIASyIIYr8v36zpzNdZfV0W,visa,credit,True,55168,Contactless,merchant_278522,Barcelona,Catalonia,36221,5311,pi_3UIASzIIYr8v36zp0mKR7sC0,1790009601,21697,usd,
cus_VIm11M0uhF1SU4,58,Female,Sweden,89733,753,4,pm_1UIAT0IIYr8v36zpG7d2xOCA,visa,credit,True,45585,Contactless,merchant_253447,Valencia,Valencian Community,41917,5812,pi_3UIAT0IIYr8v36zp1kWY5aoE,1790009602,463712,eur,
cus_VIm1OX4ekXzo7m,45,Male,Austria,24113,332,2,pm_1UIAT1IIYr8v36zpdFJeI8ro,visa,credit,True,65920,Chip,merchant_270753,Milan,Lombardy,69060,5541,pi_3UIAT2IIYr8v36zp0HbfdXIU,1790009604,141358,usd,
cus_VIm1E78NcoIUns,39,Female,Poland,38650,311,5,pm_1UIAT3IIYr8v36zpCz560DHm,visa,credit,True,66403,Contactless,merchant_543835,Naples,Campania,46030,5912,pi_3UIAT3IIYr8v36zp0D9WGbww,1790009606,320824,usd,
cus_VIm1A90J2OMBls,63,Male,Denmark,142824,710,2,pm_1UIAT5IIYr8v36zpoAnGIq8s,visa,credit,True,3075,Swipe,merchant_588627,Houston,Texas,95118,5812,pi_3UIAT5IIYr8v36zp085uP4eB,1790009607,174899,eur,
cus_VIm1U3OIL2zmxf,48,Female,Sweden,103782,667,5,pm_1UIAT6IIYr8v36zph2eIBD8O,visa,credit,False,66958,Online,merchant_231048,Rotterdam,South Holland,69584,5411,pi_3UIAT6IIYr8v36zp17PqgS1p,1790009609,427952,eur,
cus_VIm1QauzkZ998R,29,Female,Denmark,187449,439,3,pm_1UIAT8IIYr8v36zpMznBjgir,visa,credit,False,45639,Chip,merchant_147110,Los Angeles,California,21293,5912,pi_3UIAT8IIYr8v36zp0yogwDNC,1790009610,348840,eur,
cus_VIm1tsiUCiOy7N,45,Female,Switzerland,131210,829,1,pm_1UIATAIIYr8v36zp2PJ7gSW9,visa,credit,False,81483,Contactless,merchant_285461,Miami,Florida,68972,5812,pi_3UIATAIIYr8v36zp0AKzCuI3,1790009612,68752,usd,
cus_VIm1GRqCWKpkKw,24,Male,Portugal,154327,630,5,pm_1UIATBIIYr8v36zpvj5Vj7T2,visa,credit,True,61743,Swipe,merchant_216408,Rotterdam,South Holland,80845,5311,pi_3UIATCIIYr8v36zp0013suTU,1790009614,328351,usd,
cus_VIm15OFWXDPTd1,43,Female,Sweden,181769,396,5,pm_1UIATDIIYr8v36zpBZJfK74z,visa,credit,True,18288,Chip,merchant_746600,Berlin,Berlin,91075,5812,pi_3UIATDIIYr8v36zp0hIuwCvJ,1790009615,448380,eur,
cus_VIm1C2lKh4tXE3,46,Female,Poland,127389,839,4,pm_1UIATFIIYr8v36zpfYEGYxIq,visa,credit,False,16919,Online,merchant_265787,New York,New York,30836,5812,pi_3UIATFIIYr8v36zp0h56X7Ct,1790009617,474381,eur,
cus_VIm1pN4az7fBEh,21,Female,Poland,186150,336,4,pm_1UIATHIIYr8v36zpOFgcqGn7,visa,credit,False,26262,Chip,merchant_177952,Copenhagen,Capital Region,78200,5411,pi_3UIATHIIYr8v36zp0AmNGLop,1790009619,490600,usd,
cus_VIm14WYJQvZ26t,20,Female,Switzerland,58448,323,5,pm_1UIATIIIYr8v36zpgw7r3zXa,visa,credit,True,91835,Online,merchant_762272,Madrid,Community of Madrid,43671,5311,pi_3UIATJIIYr8v36zp02OooGJ8,1790009621,348839,usd,
cus_VIm1GI0C2MfWlt,30,Male,United States,100095,324,5,pm_1UIATKIIYr8v36zpZJPPtn9V,visa,credit,True,52049,Contactless,merchant_471128,Stockholm,Stockholm,73363,5812,pi_3UIATKIIYr8v36zp09fsQshL,1790009622,354142,eur,
cus_VIm1pMrr3fND7A,41,Female,Portugal,34430,479,4,pm_1UIATMIIYr8v36zpvBeGCg9Q,visa,credit,False,8080,Swipe,merchant_945552,Helsinki,Uusimaa,80403,5912,pi_3UIATMIIYr8v36zp1oFjTq78,1790009624,388043,eur,
cus_VIm1QzgMADIGmt,63,Male,Spain,89515,468,2,pm_1UIATNIIYr8v36zpJqklvaKT,visa,credit,False,65282,Online,merchant_122133,Vienna,Vienna,91463,5812,pi_3UIATOIIYr8v36zp1pAITjDB,1790009626,352713,usd,
cus_VIm1HIl7iRBJGt,20,Female,Sweden,40234,353,1,pm_1UIATPIIYr8v36zpvaSldspN,visa,credit,False,68262,Chip,merchant_470744,Oslo,Oslo,50803,5311,pi_3UIATPIIYr8v36zp1MHliiqU,1790009628,126342,usd,
cus_VIm1zfV0qPR3LJ,67,Female,Netherlands,196161,413,2,pm_1UIATRIIYr8v36zp6Kgk7ycs,visa,credit,False,67586,Online,merchant_179376,Miami,Florida,33400,5912,pi_3UIATRIIYr8v36zp16FqLAfg,1790009629,406395,usd,
cus_VIm1SZIiEaYFw5,56,Male,Poland,101060,329,1,pm_1UIATSIIYr8v36zp6emibJFm,visa,credit,False,68927,Chip,merchant_619660,Paris,Île-de-France,14337,4111,pi_3UIATSIIYr8v36zp1H5AWbQh,1790009631,428031,usd,
cus_VIm15XroH2P3Pm,60,Male,Norway,78025,557,4,pm_1UIATUIIYr8v36zp50QEYqAh,visa,credit,False,48988,Online,merchant_391985,Milan,Lombardy,51834,5912,pi_3UIATUIIYr8v36zp0lS1wCcL,1790009632,339793,eur,
cus_VIm1PUiYVQUDOh,61,Female,Luxembourg,161124,355,3,pm_1UIATWIIYr8v36zpXliyma8T,visa,credit,True,66639,Swipe,merchant_199843,Hamburg,Hamburg,21364,5812,pi_3UIATWIIYr8v36zp1vFwc1NE,1790009634,335269,usd,
cus_VIm1sU90Pl4DMh,45,Male,Norway,145804,398,4,pm_1UIATXIIYr8v36zpzpLQN8yS,visa,credit,True,44317,Chip,merchant_731802,Berlin,Berlin,83122,5411,pi_3UIATYIIYr8v36zp0u7S0CHf,1790009636,142110,usd,
cus_VIm1W1NzkUtktl,25,Male,Luxembourg,171160,518,4,pm_1UIATZIIYr8v36zpfpJJSKJf,visa,credit,False,29097,Swipe,merchant_173998,Amsterdam,North Holland,75340,4111,pi_3UIATZIIYr8v36zp1PXftEpu,1790009637,157861,usd,
cus_VIm1NuMSKLsjCk,56,Female,Luxembourg,188243,712,5,pm_1UIATaIIYr8v36zpRf8nDlVS,visa,credit,True,96550,Swipe,merchant_564510,Miami,Florida,54855,5541,pi_3UIATbIIYr8v36zp1uoousTS,1790009639,41341,eur,
cus_VIm1mhTHrGA1bt,56,Male,Ireland,114829,785,1,pm_1UIATcIIYr8v36zpHvOgACej,visa,credit,True,94110,Chip,merchant_323792,Vienna,Vienna,78131,5411,pi_3UIATcIIYr8v36zp1c5WQqeA,1790009640,280689,eur,
cus_VIm1CpgOtZEaSt,52,Female,United States,115494,786,4,pm_1UIATeIIYr8v36zpVxIS37Uw,visa,credit,False,753,Swipe,merchant_312517,Vienna,Vienna,25007,5812,pi_3UIATeIIYr8v36zp17UXY778,1790009642,64017,eur,
cus_VIm1blOqnSg3dS,49,Female,Poland,78113,594,2,pm_1UIATfIIYr8v36zphUdPyL7x,visa,credit,True,67905,Swipe,merchant_117504,Valencia,Valencian Community,18797,5912,pi_3UIATfIIYr8v36zp0J5RaYWi,1790009644,182426,eur,
cus_VIm1wBiBdfBUpa,42,Female,Austria,171718,789,5,pm_1UIAThIIYr8v36zpVKOp8GIX,visa,credit,False,88335,Online,merchant_779517,Dublin,Leinster,17418,5999,pi_3UIAThIIYr8v36zp01tO3R2M,1790009645,227041,eur,
cus_VIm16JMEaKtfeN,66,Male,Germany,60058,763,3,pm_1UIATiIIYr8v36zp18JhbNl3,visa,credit,True,44154,Contactless,merchant_247845,Paris,Île-de-France,17353,5812,pi_3UIATjIIYr8v36zp16Ija5HJ,1790009647,44041,eur,
cus_VIm1I5wbNrGZUg,48,Female,Sweden,90849,557,4,pm_1UIATkIIYr8v36zpD73JxSDC,visa,credit,False,7394,Contactless,merchant_396929,Miami,Florida,46523,5732,pi_3UIATkIIYr8v36zp0EaA7mh9,1790009648,39574,usd,
cus_VIm1bHdf1oe8ii,58,Female,Denmark,164857,848,1,pm_1UIATmIIYr8v36zp53juxvvJ,visa,credit,False,30669,Contactless,merchant_601424,Boston,Massachusetts,20131,5732,pi_3UIATmIIYr8v36zp0RHP6fgJ,1790009650,360404,usd,
cus_VIm1trudmERGwu,49,Male,Sweden,173654,600,4,pm_1UIATnIIYr8v36zptsrMxwm8,visa,credit,False,4744,Online,merchant_309081,Chicago,Illinois,30668,5541,pi_3UIAToIIYr8v36zp0zq6BiTF,1790009652,139540,eur,
cus_VIm1RkzR5hKrr8,63,Male,Belgium,193724,538,4,pm_1UIATpIIYr8v36zp5D9bTh4X,visa,credit,True,44407,Chip,merchant_277251,Milan,Lombardy,80310,5411,pi_3UIATpIIYr8v36zp1OqEuM0M,1790009653,29318,eur,
cus_VIm1yr4aUi8N0F,33,Female,Portugal,139477,532,4,pm_1UIATqIIYr8v36zpsyI3Ce0f,visa,credit,False,39431,Chip,merchant_583412,Lyon,Auvergne-Rhône-Alpes,85802,5999,pi_3UIATrIIYr8v36zp0d0jVI6q,1790009655,179972,eur,
cus_VIm1S29yIsFere,75,Male,France,101975,318,1,pm_1UIATsIIYr8v36zpyjGa9Qz0,visa,credit,False,91484,Contactless,merchant_619211,Lyon,Auvergne-Rhône-Alpes,37274,5912,pi_3UIATsIIYr8v36zp1ruVgFMO,1790009656,174635,usd,
cus_VIm14iOxBbVDMe,74,Female,Czech Republic,34953,629,1,pm_1UIATtIIYr8v36zpQSDnOYAu,visa,credit,True,55798,Contactless,merchant_529854,Hamburg,Hamburg,73905,5411,pi_3UIATuIIYr8v36zp1bVIptTr,1790009658,350744,usd,
cus_VIm15U2n2sDaIV,24,Female,Netherlands,182447,532,4,pm_1UIATvIIYr8v36zpShpCniJc,visa,credit,False,85206,Chip,merchant_578615,Los Angeles,California,92996,5812,pi_3UIATvIIYr8v36zp1hebfRYO,1790009659,364305,eur,
cus_VIm2XifdY1pZIq,27,Male,France,22129,650,3,pm_1UIATxIIYr8v36zpPFO3Ka4l,visa,credit,True,56182,Swipe,merchant_416447,Barcelona,Catalonia,12441,5812,pi_3UIATxIIYr8v36zp02LoTrqB,1790009661,320385,eur,
cus_VIm2AZ924EEYbb,24,Female,Netherlands,115465,327,2,pm_1UIATyIIYr8v36zpzd9TgSzy,visa,credit,False,63311,Swipe,merchant_733046,Lyon,Auvergne-Rhône-Alpes,64807,4111,pi_3UIATzIIYr8v36zp050Vh7Kh,1790009663,48228,eur,
cus_VIm2NlHyhiuoVE,33,Male,United States,42042,629,1,pm_1UIAU0IIYr8v36zpbxE2g2SQ,visa,credit,False,23087,Swipe,merchant_957707,Helsinki,Uusimaa,92550,5812,pi_3UIAU0IIYr8v36zp1Nw4XZud,1790009664,338756,usd,
cus_VIm2jPoTpaZL6I,27,Male,Italy,26447,670,4,pm_1UIAU1IIYr8v36zp6ktJAr3X,visa,credit,False,34770,Contactless,merchant_169124,Geneva,Geneva,87313,4111,pi_3UIAU2IIYr8v36zp0WCyn9we,1790009666,91505,usd,
cus_VIm24hmYsyhQsu,64,Male,Italy,42143,377,5,pm_1UIAU3IIYr8v36zpCRQGTq1q,visa,credit,True,80001,Chip,merchant_879226,Amsterdam,North Holland,12400,5912,pi_3UIAU3IIYr8v36zp1Ext9G3Z,1790009667,192750,usd,
cus_VIm247M4zqdbAu,69,Male,Germany,32597,743,2,pm_1UIAU4IIYr8v36zpKXyxfs9m,visa,credit,True,22335,Chip,merchant_879987,New York,New York,70555,5411,pi_3UIAU5IIYr8v36zp0L8W8nbn,1790009669,438174,eur,
cus_VIm28kzrgs1j9f,19,Female,Spain,157446,345,4,pm_1UIAU6IIYr8v36zpgWGvaOIQ,visa,credit,True,19633,Online,merchant_113632,Munich,Bavaria,14664,5732,pi_3UIAU6IIYr8v36zp0ITvnPxU,1790009670,201739,usd,
cus_VIm2p4Dy8tN0uu,80,Male,Netherlands,162985,773,2,pm_1UIAU8IIYr8v36zpLDI9jCbK,visa,credit,False,91660,Online,merchant_774348,Amsterdam,North Holland,73077,5999,pi_3UIAU8IIYr8v36zp0BshaEdC,1790009672,41600,eur,
cus_VIm2OH4F3BOVr5,50,Male,Finland,46162,744,2,pm_1UIAU9IIYr8v36zpjDMW8KYw,visa,credit,False,69334,Chip,merchant_427031,Miami,Florida,49752,5999,pi_3UIAU9IIYr8v36zp1b6EUUAa,1790009673,292539,eur,
cus_VIm20Ru0uj8MQ2,65,Female,Spain,48121,350,2,pm_1UIAUBIIYr8v36zpEZEHih8L,visa,credit,True,91828,Chip,merchant_415072,Dublin,Leinster,71040,5541,pi_3UIAUBIIYr8v36zp1eRKofa3,1790009675,303368,eur,
cus_VIm2ip0Ix07FYF,37,Female,Denmark,162677,624,4,pm_1UIAUCIIYr8v36zp002OAH2a,visa,credit,True,97657,Chip,merchant_721913,Berlin,Berlin,13107,5999,pi_3UIAUCIIYr8v36zp12Rn3EZd,1790009676,402443,eur,
cus_VIm2aXp2yolv8L,78,Female,Czech Republic,91404,594,2,pm_1UIAUDIIYr8v36zp8e2RBtQH,visa,credit,True,87620,Online,merchant_954461,Dublin,Leinster,92985,5912,pi_3UIAUEIIYr8v36zp1RQprMD7,1790009678,384048,usd,
cus_VIm2vr9FMoUtNZ,26,Male,Italy,131802,486,5,pm_1UIAUIIIYr8v36zpEAgKwbna,visa,credit,False,30229,Online,merchant_640076,Prague,Prague,85468,5411,pi_3UIAUIIIYr8v36zp0fBk9Y5b,1790009682,146240,usd,
cus_VIm2qa0WFTcNBX,21,Male,Spain,143467,491,2,pm_1UIAUJIIYr8v36zpBXny3MF3,visa,credit,True,12873,Swipe,merchant_496902,Miami,Florida,96211,5999,pi_3UIAUKIIYr8v36zp1qxNGaIS,1790009684,351575,eur,
cus_VIm2cH0Iun7aZo,73,Female,Belgium,75442,793,1,pm_1UIAULIIYr8v36zpr5IDU4On,visa,credit,True,55599,Online,merchant_734949,Geneva,Geneva,99484,5541,pi_3UIAULIIYr8v36zp04iRY8LZ,1790009685,248034,eur,
cus_VIm268Pm9SmYlz,54,Male,Norway,54726,685,1,pm_1UIAUMIIYr8v36zpo7hY9E1p,visa,credit,False,87136,Contactless,merchant_857962,Brussels,Brussels,45530,5912,pi_3UIAUNIIYr8v36zp1qRWxBBc,1790009687,94626,eur,
cus_VIm2x1PQnhf2SA,70,Male,Poland,38017,779,4,pm_1UIAUOIIYr8v36zpSPK5I46m,visa,credit,True,62107,Contactless,merchant_222515,Porto,Porto,38722,5311,pi_3UIAUOIIYr8v36zp1uBmCH4L,1790009688,484671,usd,
cus_VIm2zA1FRZxA5d,37,Female,Denmark,21791,349,5,pm_1UIAUPIIYr8v36zpOq5mVl52,visa,credit,True,94804,Online,merchant_378829,Chicago,Illinois,81071,5541,pi_3UIAUQIIYr8v36zp15Im4r6b,1790009690,118510,eur,
cus_VIm2Yc0qRiYSe3,68,Female,Austria,135483,325,3,pm_1UIAURIIYr8v36zpJs4WmCbk,visa,credit,False,80509,Swipe,merchant_571567,New York,New York,79114,5999,pi_3UIAUSIIYr8v36zp0khZDlrv,1790009692,479993,eur,
cus_VIm2M4bb4PxyPX,43,Female,Netherlands,65033,776,3,pm_1UIAUTIIYr8v36zpZRfrcQmI,visa,credit,False,98865,Chip,merchant_403849,Valencia,Valencian Community,65575,4111,pi_3UIAUTIIYr8v36zp1oxqwvx9,1790009693,262424,eur,
cus_VIm2VCoOe4XqAx,60,Female,Spain,122189,474,4,pm_1UIAUUIIYr8v36zpA6UpdHq8,visa,credit,False,23226,Contactless,merchant_742784,Amsterdam,North Holland,37614,5411,pi_3UIAUVIIYr8v36zp0UZ1Xpbm,1790009695,157212,usd,
cus_VIm2FWnWaUoSA7,47,Female,Switzerland,120417,838,4,pm_1UIAUWIIYr8v36zprCuKVMQV,visa,credit,True,53233,Chip,merchant_592441,Brussels,Brussels,15645,5812,pi_3UIAUWIIYr8v36zp0KV6b8a6,1790009697,359359,eur,
cus_VIm28NfxevBx8b,52,Female,Ireland,163379,793,1,pm_1UIAUYIIYr8v36zpOemKBLlZ,visa,credit,False,87003,Contactless,merchant_435857,Milan,Lombardy,27093,5411,pi_3UIAUYIIYr8v36zp1ceZSkhc,1790009698,37216,eur,
cus_VIm2BB1bdHRffD,19,Male,Netherlands,134618,445,1,pm_1UIAUZIIYr8v36zp4Q4VY5ed,visa,credit,False,730,Online,merchant_125745,Paris,Île-de-France,24342,4111,pi_3UIAUaIIYr8v36zp0Cmq6WfF,1790009700,326447,usd,
cus_VIm2QFAyfq8dxl,51,Male,Sweden,140069,815,3,pm_1UIAUbIIYr8v36zpWQ31YJjs,visa,credit,False,35894,Contactless,merchant_893621,Houston,Texas,78102,5732,pi_3UIAUbIIYr8v36zp1rJ9kEiN,1790009701,397837,usd,
cus_VIm29doJXdx73H,54,Female,Spain,78235,547,3,pm_1UIAUdIIYr8v36zp2U78emks,visa,credit,True,18441,Contactless,merchant_594769,Rome,Lazio,70821,4111,pi_3UIAUdIIYr8v36zp1J2Ok0Mi,1790009703,198042,eur,
cus_VIm2jWghKdrzdD,69,Male,Ireland,129501,378,3,pm_1UIAUeIIYr8v36zp3qAYFzWn,visa,credit,True,16121,Chip,merchant_206848,Warsaw,Masovian,96554,5411,pi_3UIAUeIIYr8v36zp1Ziph3PI,1790009704,428639,usd,
cus_VIm2JSUbfAyN4I,52,Male,Finland,155697,310,4,pm_1UIAUgIIYr8v36zpcRXsj695,visa,credit,True,8172,Online,merchant_338928,Barcelona,Catalonia,43866,5411,pi_3UIAUgIIYr8v36zp1ah7W2UH,1790009706,284663,eur,
cus_VIm2BWIVZObf2o,27,Female,Finland,146635,441,1,pm_1UIAUhIIYr8v36zpw8A9Y8Pk,visa,credit,True,69670,Chip,merchant_335634,Rotterdam,South Holland,66639,5541,pi_3UIAUiIIYr8v36zp1ZAxkOio,1790009708,369777,eur,
cus_VIm21itSEN3Nl4,32,Female,Luxembourg,22974,530,2,pm_1UIAUjIIYr8v36zproyRxYGd,visa,credit,False,89904,Online,merchant_897020,Valencia,Valencian Community,27329,5311,pi_3UIAUjIIYr8v36zp1EIVnkMf,1790009709,495537,usd,
cus_VIm2agSc1pzi60,77,Male,Finland,174718,811,2,pm_1UIAUkIIYr8v36zpu7KSRYIU,visa,credit,True,27024,Online,merchant_790293,Amsterdam,North Holland,20586,5999,pi_3UIAUlIIYr8v36zp1yMl4kVD,1790009711,11096,usd,
cus_VIm27UmqgDnfI5,43,Male,Netherlands,181704,306,3,pm_1UIAUmIIYr8v36zp7r8uOFRW,visa,credit,True,76921,Online,merchant_329398,Naples,Campania,97958,5812,pi_3UIAUnIIYr8v36zp0kB8O1dB,1790009713,405503,usd,
cus_VIm2wj3cCUmBOs,28,Female,Italy,120291,528,1,pm_1UIAUoIIYr8v36zpOdZUApcZ,visa,credit,False,7782,Contactless,merchant_395177,Brussels,Brussels,96538,5541,pi_3UIAUoIIYr8v36zp1Pc3KnZA,1790009714,198259,usd,
cus_VIm20vJV0pM8qG,60,Male,United States,28843,828,3,pm_1UIAUqIIYr8v36zpjR0O7dVR,visa,credit,False,78409,Chip,merchant_139788,Dublin,Leinster,33711,5999,pi_3UIAUqIIYr8v36zp19sxsuSa,1790009716,108373,eur,
cus_VIm24Dg2iobc2v,64,Female,Austria,65770,598,4,pm_1UIAUrIIYr8v36zpiWnyvIYU,visa,credit,True,95652,Contactless,merchant_798952,Lyon,Auvergne-Rhône-Alpes,55362,5912,pi_3UIAUsIIYr8v36zp0gmn3Ccg,1790009718,430624,eur,
cus_VIm2PUPQ9JpR0x,74,Male,Ireland,30217,646,3,pm_1UIAUtIIYr8v36zpofUsARBt,visa,credit,False,95587,Swipe,merchant_147494,Houston,Texas,93274,5732,pi_3UIAUtIIYr8v36zp02GPL0xA,1790009719,301293,usd,
cus_VIm30MQkf0PCJE,61,Male,Switzerland,185818,806,3,pm_1UIAUuIIYr8v36zpqeilyc7u,visa,credit,True,10660,Swipe,merchant_688743,Marseille,Provence-Alpes-Côte d'Azur,63395,5311,pi_3UIAUvIIYr8v36zp0CvQmazc,1790009721,474412,usd,
cus_VIm30ujTj281wb,41,Female,Spain,34267,635,2,pm_1UIAUwIIYr8v36zpAG8rQiMQ,visa,credit,True,59202,Swipe,merchant_546281,Barcelona,Catalonia,27101,4111,pi_3UIAUwIIYr8v36zp1y7k0LUL,1790009722,420569,usd,
cus_VIm3i4pzMuDxQw,59,Male,Austria,181952,617,2,pm_1UIAUyIIYr8v36zpMCaGkK9L,visa,credit,True,41105,Contactless,merchant_673550,Dublin,Leinster,47512,5541,pi_3UIAUyIIYr8v36zp0xgENUwJ,1790009724,369456,usd,
cus_VIm3QIOLbolCLU,68,Male,Spain,128451,819,5,pm_1UIAUzIIYr8v36zpsjNtyWdN,visa,credit,False,13325,Chip,merchant_645131,Naples,Campania,44059,5411,pi_3UIAV0IIYr8v36zp1md7GOkc,1790009726,352088,usd,
cus_VIm3srZ77yAuKJ,19,Female,Portugal,199561,754,3,pm_1UIAV1IIYr8v36zpzzWhXxKN,visa,credit,True,554,Contactless,merchant_667697,Warsaw,Masovian,95393,5541,pi_3UIAV1IIYr8v36zp0qRImxCU,1790009727,178477,usd,
cus_VIm3qiR7t1Jj3C,77,Male,Norway,116469,576,4,pm_1UIAV2IIYr8v36zpXXAPZ7En,visa,credit,True,34309,Chip,merchant_374991,Rotterdam,South Holland,20490,5541,pi_3UIAV3IIYr8v36zp1RCxOOK0,1790009729,422687,usd,
cus_VIm3NfkBm4THW2,38,Male,Portugal,160911,373,4,pm_1UIAV4IIYr8v36zpYchAj8vE,visa,credit,False,22061,Contactless,merchant_814783,Valencia,Valencian Community,46204,5411,pi_3UIAV5IIYr8v36zp163ZFx7J,1790009731,199372,eur,
cus_VIm3sMQwkLdrnU,46,Male,Norway,42396,305,2,pm_1UIAV6IIYr8v36zpypzopfOg,visa,credit,True,15640,Chip,merchant_253582,Lisbon,Lisbon,19998,5732,pi_3UIAV6IIYr8v36zp1quzVEsl,1790009732,79563,eur,
cus_VIm39DciRMipuP,54,Female,Finland,101829,403,5,pm_1UIAV8IIYr8v36zpeaA6oqCh,visa,credit,True,16734,Swipe,merchant_219934,Rome,Lazio,41132,5999,pi_3UIAV8IIYr8v36zp0aToYbSg,1790009734,140742,usd,
cus_VIm3bOPOz9IWqZ,64,Female,Ireland,167053,490,3,pm_1UIAV9IIYr8v36zpwHHbNAEb,visa,credit,False,68729,Swipe,merchant_403236,Copenhagen,Capital Region,35651,5411,pi_3UIAV9IIYr8v36zp1qdURfMe,1790009735,305136,eur,
cus_VIm3CbBitaAWtr,28,Female,Austria,40622,567,5,pm_1UIAVBIIYr8v36zp2M7JFhYI,visa,credit,False,64799,Swipe,merchant_693897,Warsaw,Masovian,59194,5812,pi_3UIAVBIIYr8v36zp1jOTZK9D,1790009737,250808,usd,
cus_VIm3MtbTtxhrSg,31,Male,Spain,179681,561,4,pm_1UIAVCIIYr8v36zpIUKKOnMu,visa,credit,True,41424,Contactless,merchant_177083,Warsaw,Masovian,23709,5311,pi_3UIAVDIIYr8v36zp0JKuWV8M,1790009739,82797,usd,
cus_VIm3F5EJkcWppn,25,Male,Italy,131174,788,3,pm_1UIAVEIIYr8v36zp42v4O1K2,visa,credit,True,80500,Contactless,merchant_123788,Brussels,Brussels,85701,5912,pi_3UIAVEIIYr8v36zp03VBqxLK,1790009740,173814,eur,
cus_VIm396OtXrv5gt,58,Male,Ireland,180974,736,3,pm_1UIAVFIIYr8v36zps8AwWEBW,visa,credit,False,54403,Chip,merchant_359469,Brussels,Brussels,67719,5541,pi_3UIAVFIIYr8v36zp0lQX0p3f,1790009742,115752,usd,
cus_VIm3b72upKxt5e,54,Male,Norway,37977,689,5,pm_1UIAVHIIYr8v36zpEyJX9gwx,visa,credit,False,61356,Contactless,merchant_573583,Boston,Massachusetts,61463,5999,pi_3UIAVHIIYr8v36zp1cUWuyeJ,1790009743,61477,usd,
cus_VIm3TShemLbdml,36,Male,Luxembourg,79361,588,4,pm_1UIAVJIIYr8v36zp7bQw5CpH,visa,credit,False,68339,Contactless,merchant_595243,Stockholm,Stockholm,15048,5912,pi_3UIAVJIIYr8v36zp0RqPY0iF,1790009745,255636,eur,
cus_VIm3yenEfMFshT,68,Male,Netherlands,86123,629,2,pm_1UIAVLIIYr8v36zp8pN1mNgu,visa,credit,True,68932,Contactless,merchant_108027,Brussels,Brussels,38594,4111,pi_3UIAVNIIYr8v36zp0CsK25dU,1790009749,86188,eur,
cus_VIm3UaJz2HnQgy,35,Male,Netherlands,127664,788,2,pm_1UIAVOIIYr8v36zprA0Y3YeD,visa,credit,True,62711,Chip,merchant_226978,Barcelona,Catalonia,40087,4111,pi_3UIAVOIIYr8v36zp00fwHGdc,1790009750,396356,eur,
cus_VIm3TBNIiQ0t0y,74,Male,Belgium,129741,610,4,pm_1UIAVQIIYr8v36zpAGf3rCXa,visa,credit,True,34407,Chip,merchant_642397,Houston,Texas,18885,4111,pi_3UIAVQIIYr8v36zp1ykxYZ75,1790009752,490526,usd,
cus_VIm378cvBMJEP1,80,Female,Ireland,90416,474,5,pm_1UIAVRIIYr8v36zpJPHwA8yS,visa,credit,True,52718,Swipe,merchant_609052,Dublin,Leinster,24030,5311,pi_3UIAVSIIYr8v36zp0NhCJHJN,1790009754,50294,usd,
cus_VIm3irpcjKs56L,28,Male,Italy,103193,626,1,pm_1UIAVTIIYr8v36zpoPf7fXJF,visa,credit,True,43298,Online,merchant_645208,Madrid,Community of Madrid,18657,5999,pi_3UIAVTIIYr8v36zp1RMKEmPY,1790009755,282385,eur,
cus_VIm3ueO6TxAKfp,46,Male,Netherlands,183027,446,2,pm_1UIAVVIIYr8v36zp84u9uUkt,visa,credit,True,32658,Contactless,merchant_240479,Boston,Massachusetts,15980,5541,pi_3UIAVVIIYr8v36zp11w6K3pK,1790009757,358265,eur,
cus_VIm3mt131ODld5,27,Male,Austria,81080,503,2,pm_1UIAVWIIYr8v36zpfNfoeAEA,visa,credit,False,24328,Swipe,merchant_884511,Barcelona,Catalonia,42920,5541,pi_3UIAVWIIYr8v36zp1RW1RjI4,1790009758,278492,usd,
cus_VIm3wLgwR0DaXd,21,Female,Spain,195297,467,3,pm_1UIAVYIIYr8v36zpVaFwhpMC,visa,credit,False,85996,Contactless,merchant_891811,Helsinki,Uusimaa,94862,5812,pi_3UIAVYIIYr8v36zp0gKtzf6C,1790009760,454065,usd,
cus_VIm36M6MWC4dpv,61,Male,Austria,129802,517,4,pm_1UIAVZIIYr8v36zpAz2EXrzG,visa,credit,False,29471,Swipe,merchant_864408,Zurich,Zurich,98813,5411,pi_3UIAVaIIYr8v36zp1Il0eUKl,1790009762,127003,usd,
cus_VIm3hb9atQJW32,61,Male,Finland,90939,354,3,pm_1UIAVbIIYr8v36zpYqD3tE8s,visa,credit,True,64816,Swipe,merchant_160776,Seattle,Washington,54060,5732,pi_3UIAVbIIYr8v36zp07II0jDb,1790009763,400091,eur,
cus_VIm3xzQ7fnV857,66,Female,Sweden,81381,693,1,pm_1UIAVcIIYr8v36zputE1M8y2,visa,credit,True,28749,Chip,merchant_119490,Hamburg,Hamburg,48458,5541,pi_3UIAVdIIYr8v36zp0AiAt1rk,1790009765,181412,eur,
cus_VIm3NNJzQi1pOP,63,Male,Italy,124764,517,1,pm_1UIAVeIIYr8v36zpkAmpSvaz,visa,credit,False,64665,Contactless,merchant_435240,Houston,Texas,18637,5812,pi_3UIAVeIIYr8v36zp1Meat1FF,1790009766,418654,eur,
cus_VIm32GFzQDQDgU,35,Female,Denmark,26236,331,1,pm_1UIAVgIIYr8v36zpDI6xtaYg,visa,credit,False,1365,Swipe,merchant_345491,Oslo,Oslo,35676,5311,pi_3UIAVgIIYr8v36zp1b7PVRh4,1790009768,449851,eur,
cus_VIm3zVUTm7Z71m,19,Female,Spain,47352,812,3,pm_1UIAVhIIYr8v36zpRpyP6UDn,visa,credit,True,64775,Chip,merchant_820733,Los Angeles,California,63158,5999,pi_3UIAVhIIYr8v36zp04JpJVjD,1790009769,410902,usd,
cus_VIm33mk9aKugtI,32,Female,United States,68988,474,4,pm_1UIAVjIIYr8v36zpq6yjyy6v,visa,credit,True,67794,Contactless,merchant_442916,Berlin,Berlin,38796,4111,pi_3UIAVjIIYr8v36zp1PjdsrKN,1790009771,36750,usd,
cus_VIm38iP6lBlw5u,60,Female,Belgium,144987,724,4,pm_1UIAVkIIYr8v36zp56jeMeeR,visa,credit,True,21453,Swipe,merchant_603540,Amsterdam,North Holland,86762,5541,pi_3UIAVkIIYr8v36zp0hVvoNN7,1790009772,38511,eur,
cus_VIm3B92QAWAD9O,55,Female,Germany,162168,739,5,pm_1UIAVmIIYr8v36zptUFprpE1,visa,credit,False,5388,Contactless,merchant_304327,Amsterdam,North Holland,43242,5411,pi_3UIAVmIIYr8v36zp1lv9hh2R,1790009774,409710,eur,
cus_VIm3Vv7EkIMUud,56,Male,Czech Republic,187721,412,3,pm_1UIAVnIIYr8v36zp7o1kc69K,visa,credit,True,86360,Chip,merchant_665109,Chicago,Illinois,87695,5912,pi_3UIAVoIIYr8v36zp0qtkckkQ,1790009776,327076,usd,
cus_VIm3ZxsKatfSo8,41,Female,Spain,145367,763,1,pm_1UIAVpIIYr8v36zpkX13kDGs,visa,credit,True,22107,Contactless,merchant_848415,Seattle,Washington,90905,5812,pi_3UIAVpIIYr8v36zp1Ot051mS,1790009777,200366,usd,
cus_VIm36accdvCg1U,69,Female,Austria,84763,515,4,pm_1UIAVqIIYr8v36zpUGMEnhjj,visa,credit,True,34619,Contactless,merchant_900630,Naples,Campania,33455,5999,pi_3UIAVqIIYr8v36zp0TiY7SBM,1790009779,11474,usd,
cus_VIm4C56x0j9Xt1,25,Male,Poland,135219,707,5,pm_1UIAVsIIYr8v36zpMbd4CL5r,visa,credit,True,32624,Swipe,merchant_798175,Seattle,Washington,37743,5541,pi_3UIAVsIIYr8v36zp14Ay1o9b,1790009780,452348,usd,
cus_VIm4atlBTrPgoG,40,Female,Czech Republic,161452,358,3,pm_1UIAVtIIYr8v36zpBPQd7FO8,visa,credit,True,74915,Chip,merchant_591659,Berlin,Berlin,63469,5541,pi_3UIAVuIIYr8v36zp0dPMhcRc,1790009782,347708,usd,
cus_VIm4eiV02YwsKt,65,Female,Netherlands,85932,362,2,pm_1UIAVvIIYr8v36zpI8D8tcc8,visa,credit,True,72180,Swipe,merchant_854515,Vienna,Vienna,12184,5541,pi_3UIAVvIIYr8v36zp0KIn3Srp,1790009783,7804,usd,
cus_VIm4GXolhOZ5D8,25,Male,Finland,174977,692,3,pm_1UIAVxIIYr8v36zp5NwEMQs1,visa,credit,False,20715,Chip,merchant_666227,Dublin,Leinster,70174,5411,pi_3UIAVxIIYr8v36zp10FR0MVr,1790009785,460172,usd,
cus_VIm4EoEkriWZlJ,43,Male,Poland,116505,763,3,pm_1UIAVyIIYr8v36zprCvFi8VV,visa,credit,False,77960,Chip,merchant_107548,Los Angeles,California,12995,5311,pi_3UIAVzIIYr8v36zp0jc2B7BW,1790009787,90889,eur,
cus_VIm42ZdzNp6M87,26,Female,Luxembourg,43401,383,4,pm_1UIAW0IIYr8v36zpnZxUXMDu,visa,credit,True,89249,Contactless,merchant_385845,Copenhagen,Capital Region,27403,5999,pi_3UIAW0IIYr8v36zp1Wq7wtPt,1790009788,387757,usd,
cus_VIm4kvNNoOdhlc,71,Female,Switzerland,176193,646,1,pm_1UIAW1IIYr8v36zpHYNILN67,visa,credit,True,39945,Chip,merchant_524373,Warsaw,Masovian,71798,5732,pi_3UIAW1IIYr8v36zp05JYjGPI,1790009789,43845,usd,
cus_VIm49KcXhAxwZX,48,Female,Denmark,198910,697,4,pm_1UIAW3IIYr8v36zpX783NMhm,visa,credit,True,28063,Swipe,merchant_432867,Lyon,Auvergne-Rhône-Alpes,55561,5912,pi_3UIAW3IIYr8v36zp1YYFqWAa,1790009791,409926,usd,
cus_VIm4jqIWtKI0Hr,79,Male,France,61503,738,2,pm_1UIAW4IIYr8v36zpkfeIZHuT,visa,credit,True,21610,Online,merchant_410037,Miami,Florida,55027,5732,pi_3UIAW5IIYr8v36zp1zNxSmKv,1790009793,493489,eur,
cus_VIm4rab7MdpKoV,60,Female,Spain,68922,536,5,pm_1UIAW6IIYr8v36zpNlHdAX4f,visa,credit,True,93003,Contactless,merchant_706902,Paris,Île-de-France,57847,5411,pi_3UIAW6IIYr8v36zp0D4a4c56,1790009794,104908,usd,
cus_VIm41P2euv5dvn,39,Male,Spain,41082,328,1,pm_1UIAW7IIYr8v36zpNN684Gda,visa,credit,False,89569,Swipe,merchant_743037,Vienna,Vienna,59735,5541,pi_3UIAW8IIYr8v36zp0g4Cosi7,1790009796,45968,eur,
cus_VIm47hY5NCDWrI,32,Male,Italy,77715,618,3,pm_1UIAW9IIYr8v36zpb31bgyJZ,visa,credit,True,81313,Contactless,merchant_665718,New York,New York,93601,4111,pi_3UIAW9IIYr8v36zp0fWLb2lc,1790009797,217267,eur,
cus_VIm4k278aKfApJ,37,Female,Finland,139473,789,1,pm_1UIAWBIIYr8v36zp0TuJU1cC,visa,credit,True,29913,Contactless,merchant_227394,Helsinki,Uusimaa,29804,5411,pi_3UIAWBIIYr8v36zp19n91xlR,1790009799,285258,eur,
cus_VIm4s84nFy9O8T,39,Female,Poland,132462,750,4,pm_1UIAWCIIYr8v36zpsAhAvDWL,visa,credit,False,23953,Chip,merchant_630559,Amsterdam,North Holland,99569,5311,pi_3UIAWCIIYr8v36zp1YXUyMGh,1790009800,494077,eur,
cus_VIm4Jh2hMIZRhN,31,Female,Poland,182666,556,5,pm_1UIAWEIIYr8v36zp38xeiby4,visa,credit,False,31751,Swipe,merchant_475236,Hamburg,Hamburg,96494,5541,pi_3UIAWEIIYr8v36zp1QmZmee7,1790009802,189351,eur,
cus_VIm4ymE3g17SpT,60,Male,Luxembourg,147746,537,5,pm_1UIAWFIIYr8v36zpnFQfWuhn,visa,credit,False,68914,Contactless,merchant_145771,Berlin,Berlin,52086,5812,pi_3UIAWGIIYr8v36zp0UnovMNT,1790009804,486891,usd,
cus_VIm49JOYXGLw8z,23,Male,France,78422,483,2,pm_1UIAWHIIYr8v36zpNc9w1uGS,visa,credit,False,86041,Contactless,merchant_277723,Brussels,Brussels,96687,5999,pi_3UIAWHIIYr8v36zp0owozkOy,1790009806,146425,eur,
cus_VIm4uecId46sGr,33,Female,Belgium,67843,404,2,pm_1UIAWJIIYr8v36zp6FXrBZQl,visa,credit,True,78344,Chip,merchant_449274,Oslo,Oslo,94358,5999,pi_3UIAWJIIYr8v36zp0KMKsU0R,1790009807,212561,eur,
cus_VIm45jKjUk12pq,34,Female,United States,46562,404,1,pm_1UIAWKIIYr8v36zpC4NklJqG,visa,credit,True,14634,Contactless,merchant_318960,Miami,Florida,25127,5999,pi_3UIAWLIIYr8v36zp1dtXdaQy,1790009809,62997,usd,
cus_VIm4vVq31qZ4vz,76,Male,Czech Republic,39685,505,4,pm_1UIAWMIIYr8v36zpLV3C2WR4,visa,credit,False,50544,Online,merchant_921352,Lisbon,Lisbon,12339,5311,pi_3UIAWMIIYr8v36zp16MPk0vZ,1790009810,46907,usd,
cus_VIm4qyWRcuDwZF,48,Male,Belgium,64039,529,2,pm_1UIAWNIIYr8v36zp1wwqtFDp,visa,credit,True,75463,Swipe,merchant_771583,Amsterdam,North Holland,11604,5999,pi_3UIAWOIIYr8v36zp0jsmOU6I,1790009812,404396,usd,
cus_VIm4Z05GQhAeYr,23,Male,Denmark,120908,737,4,pm_1UIAWPIIYr8v36zpDszOELk7,visa,credit,True,59522,Chip,merchant_204395,Boston,Massachusetts,15035,5541,pi_3UIAWPIIYr8v36zp1yggqLIZ,1790009813,251558,usd,
cus_VIm43gWsoYAapx,54,Male,United States,152145,737,4,pm_1UIAWRIIYr8v36zpnsEzml3R,visa,credit,True,65345,Online,merchant_838953,Marseille,Provence-Alpes-Côte d'Azur,81714,5999,pi_3UIAWRIIYr8v36zp0xDggZRI,1790009815,482393,eur,
cus_VIm4Nu4kvwUrOF,73,Female,Czech Republic,176372,574,1,pm_1UIAWSIIYr8v36zpdLZOxC5f,visa,credit,False,11001,Swipe,merchant_425135,Rome,Lazio,87917,5732,pi_3UIAWTIIYr8v36zp1of8d8sg,1790009817,281063,usd,
cus_VIm4efxfRwwQTg,42,Male,Denmark,190764,570,3,pm_1UIAWUIIYr8v36zpRwfYqkxR,visa,credit,False,65071,Contactless,merchant_729607,Houston,Texas,41976,5999,pi_3UIAWVIIYr8v36zp03318l1i,1790009819,29030,eur,
cus_VIm4f5NfCzXcF7,74,Male,Sweden,28466,551,3,pm_1UIAWWIIYr8v36zp2frzWIeb,visa,credit,False,78910,Online,merchant_190711,Zurich,Zurich,12016,5812,pi_3UIAWWIIYr8v36zp0EtgEjnY,1790009820,165561,usd,
cus_VIm4hmhkiEcWpH,23,Male,Netherlands,111675,328,1,pm_1UIAWXIIYr8v36zpC5hvEI4C,visa,credit,False,36504,Swipe,merchant_341098,New York,New York,63087,5912,pi_3UIAWYIIYr8v36zp1HLJLyDK,1790009822,295562,eur,
cus_VIm4vwgLKJ93tq,51,Male,Czech Republic,52598,730,5,pm_1UIAWZIIYr8v36zpNKA9zU71,visa,credit,False,14925,Online,merchant_807560,Barcelona,Catalonia,81172,5311,pi_3UIAWZIIYr8v36zp1cIEjidR,1790009823,351695,eur,
cus_VIm4cjAO0v0h7u,40,Male,Germany,99142,370,2,pm_1UIAWaIIYr8v36zpNhEZ65fM,visa,credit,True,8693,Swipe,merchant_736544,Zurich,Zurich,79950,5732,pi_3UIAWbIIYr8v36zp0T9VRvH6,1790009825,448803,eur,
cus_VIm4IGhr5D2Qv3,27,Female,Luxembourg,122798,788,3,pm_1UIAWcIIYr8v36zpNtVKYssU,visa,credit,False,10133,Chip,merchant_825932,Amsterdam,North Holland,90779,5912,pi_3UIAWcIIYr8v36zp0fXYChw7,1790009826,375123,usd,
cus_VIm4kJL4bYowGY,31,Male,Finland,178356,815,5,pm_1UIAWeIIYr8v36zpTzs64LC3,visa,credit,False,10147,Online,merchant_722218,Madrid,Community of Madrid,97003,5541,pi_3UIAWeIIYr8v36zp0pR1Ehkm,1790009828,319968,usd,
cus_VIm4U8Ef2dW1p1,61,Male,France,118921,832,2,pm_1UIAWfIIYr8v36zpVwc73VV2,visa,credit,False,48672,Online,merchant_532030,Lyon,Auvergne-Rhône-Alpes,85963,5732,pi_3UIAWgIIYr8v36zp0qaxVhzR,1790009830,168968,usd,
cus_VIm48RqKQ1P49l,48,Male,Germany,56783,614,1,pm_1UIAWhIIYr8v36zpfkpE3I0Y,visa,credit,True,48164,Contactless,merchant_683408,Seattle,Washington,16289,5999,pi_3UIAWhIIYr8v36zp0IDLdrrK,1790009831,141346,usd,
cus_VIm41GICjSeQR4,66,Male,Czech Republic,195741,337,1,pm_1UIAWjIIYr8v36zpkluLxP1B,visa,credit,True,64020,Contactless,merchant_618862,Copenhagen,Capital Region,70111,5912,pi_3UIAWjIIYr8v36zp1AjRfc47,1790009833,308242,eur,
cus_VIm4Eauhb49ZFR,21,Female,Czech Republic,179615,683,4,pm_1UIAWkIIYr8v36zpUURcbERM,visa,credit,True,97988,Online,merchant_408393,Hamburg,Hamburg,15118,5812,pi_3UIAWlIIYr8v36zp0HO6c5Tn,1790009835,321313,eur,
cus_VIm4LtF5pgEiNM,38,Male,Finland,123407,513,1,pm_1UIAWmIIYr8v36zphdDYBv1f,visa,credit,False,54540,Swipe,merchant_432848,Hamburg,Hamburg,17037,5732,pi_3UIAWmIIYr8v36zp1wcZKDxd,1790009837,182754,eur,
cus_VIm4fFcSIOFznc,36,Male,Italy,134735,366,1,pm_1UIAWoIIYr8v36zp4rx0yupj,visa,credit,False,9229,Online,merchant_968418,Munich,Bavaria,82293,5732,pi_3UIAWoIIYr8v36zp0coAoTrV,1790009838,59459,usd,
cus_VIm4lLW1NBf0gH,38,Female,Belgium,49434,772,3,pm_1UIAWpIIYr8v36zpqEAvYo5s,visa,credit,True,1977,Online,merchant_228109,Helsinki,Uusimaa,12633,4111,pi_3UIAWqIIYr8v36zp0340vpx9,1790009840,75175,usd,
cus_VIm5BDEKc5qD8w,32,Female,Norway,161256,382,3,pm_1UIAWrIIYr8v36zpUQkhR4s1,visa,credit,True,59377,Online,merchant_385536,Boston,Massachusetts,65474,5999,pi_3UIAWrIIYr8v36zp0XTyY6qp,1790009841,108745,eur,
cus_VIm5xY3rOhMa48,64,Female,Norway,74710,316,3,pm_1UIAWtIIYr8v36zpEMoqaAZm,visa,credit,False,42390,Chip,merchant_666700,Milan,Lombardy,77485,5812,pi_3UIAWtIIYr8v36zp10NioYw4,1790009843,205022,usd,
cus_VIm5imGOfHP7XY,33,Female,Luxembourg,164902,809,3,pm_1UIAWuIIYr8v36zpq2o5UttL,visa,credit,True,44143,Contactless,merchant_282417,Vienna,Vienna,46595,5812,pi_3UIAWuIIYr8v36zp0LZTR0ut,1790009844,307716,eur,
cus_VIm579WtME6Wha,21,Female,Austria,110032,747,3,pm_1UIAWwIIYr8v36zpzVUpIUFm,visa,credit,False,99112,Swipe,merchant_299313,New York,New York,76373,5912,pi_3UIAWwIIYr8v36zp1vGdQRm7,1790009846,278908,usd,
cus_VIm567Cld0aOvr,80,Female,Finland,189335,604,2,pm_1UIAWxIIYr8v36zpspNmUqKP,visa,credit,False,96339,Online,merchant_628990,Munich,Bavaria,84759,5311,pi_3UIAWyIIYr8v36zp1Hy18UnG,1790009848,103428,usd,
cus_VIm58wQpb74uwQ,73,Male,Italy,95975,596,5,pm_1UIAWzIIYr8v36zpo20VgeaK,visa,credit,False,44014,Online,merchant_293713,Chicago,Illinois,43890,5311,pi_3UIAX0IIYr8v36zp0Ws1k4vf,1790009850,273947,usd,
cus_VIm5Rk1ThKpzYR,32,Male,Portugal,48729,797,2,pm_1UIAX1IIYr8v36zpv7xkycGg,visa,credit,True,92667,Online,merchant_135076,Helsinki,Uusimaa,50532,5999,pi_3UIAX1IIYr8v36zp0BUbNWsW,1790009851,470756,usd,
cus_VIm5itAqRV3Q1A,66,Female,Belgium,72690,652,3,pm_1UIAX3IIYr8v36zpcd5NIfBj,visa,credit,True,19517,Contactless,merchant_577302,Madrid,Community of Madrid,90593,5812,pi_3UIAX3IIYr8v36zp1D96xS5B,1790009853,44662,usd,
cus_VIm58kUzs9EZy0,20,Female,Luxembourg,143848,787,2,pm_1UIAX4IIYr8v36zpEQRwHXZT,visa,credit,False,56780,Chip,merchant_901873,Stockholm,Stockholm,21145,5812,pi_3UIAX4IIYr8v36zp1wkdHlGI,1790009854,494861,eur,
cus_VIm5Auhdjjwj3y,54,Male,France,76413,340,3,pm_1UIAX5IIYr8v36zpylGrKkdO,visa,credit,False,66033,Contactless,merchant_620302,Milan,Lombardy,49857,5812,pi_3UIAX6IIYr8v36zp0LEg8hiz,1790009856,140529,eur,
cus_VIm51zQjem88Ox,67,Male,Switzerland,30833,390,5,pm_1UIAX7IIYr8v36zpGZSuSnUN,visa,credit,True,30229,Swipe,merchant_651813,Munich,Bavaria,71742,5999,pi_3UIAX7IIYr8v36zp0yUcsNL5,1790009857,494450,usd,
cus_VIm55psZUWCjYD,56,Female,Denmark,35795,491,1,pm_1UIAX8IIYr8v36zpM2otJYHM,visa,credit,False,29112,Chip,merchant_210629,Hamburg,Hamburg,10554,5732,pi_3UIAX9IIYr8v36zp1P343Te3,1790009859,353851,usd,
cus_VIm5YaEqbk1U2a,37,Male,Czech Republic,159071,307,4,pm_1UIAXAIIYr8v36zpj8zBElp4,visa,credit,True,66710,Online,merchant_235247,Hamburg,Hamburg,24918,5812,pi_3UIAXAIIYr8v36zp0jJtY8bR,1790009860,307683,eur,
cus_VIm5NtgiU07tMc,69,Female,Finland,23251,423,4,pm_1UIAXBIIYr8v36zpsYQNv5NF,visa,credit,False,74918,Contactless,merchant_264984,Helsinki,Uusimaa,71587,5999,pi_3UIAXCIIYr8v36zp0Tv9CV9j,1790009862,490396,eur,
cus_VIm5oRjj2fi6RA,80,Female,Luxembourg,161086,845,2,pm_1UIAXDIIYr8v36zpyxRO87ji,visa,credit,False,721,Contactless,merchant_111075,Geneva,Geneva,47405,5812,pi_3UIAXDIIYr8v36zp1MdMIiGc,1790009863,116689,usd,
cus_VIm5gBn3YZmmcv,38,Male,Finland,39262,473,2,pm_1UIAXFIIYr8v36zp8d2fehdE,visa,credit,False,79697,Online,merchant_546234,Berlin,Berlin,51812,5411,pi_3UIAXFIIYr8v36zp0Y96U5Gw,1790009865,396962,eur,
cus_VIm5NwJ2EKVfWL,44,Male,Sweden,173470,597,5,pm_1UIAXGIIYr8v36zprNxOZmtG,visa,credit,True,70021,Swipe,merchant_686094,Madrid,Community of Madrid,36227,5912,pi_3UIAXHIIYr8v36zp1MVyVtdh,1790009867,485492,usd,
cus_VIm52a88UoHmCO,25,Male,Finland,171943,547,4,pm_1UIAXIIIYr8v36zplnkGJm6o,visa,credit,True,60649,Online,merchant_465625,Barcelona,Catalonia,73402,5311,pi_3UIAXIIIYr8v36zp1P0lisVG,1790009868,186220,eur,
cus_VIm5JWBhf5qhvO,20,Female,Germany,70015,532,4,pm_1UIAXJIIYr8v36zpt20xhT2f,visa,credit,True,57361,Online,merchant_772461,Madrid,Community of Madrid,23907,5311,pi_3UIAXKIIYr8v36zp0TdyxERS,1790009870,259975,usd,
cus_VIm5VuVDuaWafx,62,Male,Denmark,113889,493,4,pm_1UIAXLIIYr8v36zpN05EkFrJ,visa,credit,True,58418,Contactless,merchant_709342,Helsinki,Uusimaa,46096,5732,pi_3UIAXLIIYr8v36zp07eyjPA2,1790009871,180933,eur,
cus_VIm54HR1ReAKkP,35,Female,Germany,91378,349,1,pm_1UIAXMIIYr8v36zp82ZrbzyL,visa,credit,True,54740,Online,merchant_171578,Dublin,Leinster,37408,5541,pi_3UIAXNIIYr8v36zp0Gyqt1Ky,1790009873,368942,usd,
cus_VIm5hdI0GtzvOx,63,Male,Sweden,90503,657,2,pm_1UIAXOIIYr8v36zpCPRH4HcT,visa,credit,True,98125,Contactless,merchant_190649,Rome,Lazio,96558,5812,pi_3UIAXOIIYr8v36zp0hcRnVm3,1790009875,126995,eur,
cus_VIm5SPH3AZ3gOb,55,Female,Belgium,171311,407,1,pm_1UIAXQIIYr8v36zp3zv69s6F,visa,credit,True,2951,Online,merchant_253854,Dublin,Leinster,96738,5912,pi_3UIAXQIIYr8v36zp1w2WGscu,1790009876,124203,eur,
cus_VIm5LzKNFsufMk,30,Female,France,178283,368,1,pm_1UIAXRIIYr8v36zpnvdIjHlx,visa,credit,True,24893,Chip,merchant_217914,Milan,Lombardy,99488,4111,pi_3UIAXSIIYr8v36zp1WePGy5H,1790009878,181632,usd,
cus_VIm5bXnHIDYz0c,59,Male,Portugal,161853,628,1,pm_1UIAXTIIYr8v36zpsodsJDwA,visa,credit,False,9962,Online,merchant_856137,Marseille,Provence-Alpes-Côte d'Azur,49796,5541,pi_3UIAXTIIYr8v36zp1IakM9bq,1790009879,451185,usd,
cus_VIm5kQmwG5mtD1,60,Male,Italy,189307,691,5,pm_1UIAXUIIYr8v36zp2MefNoND,visa,credit,True,82675,Chip,merchant_169809,Helsinki,Uusimaa,99204,5411,pi_3UIAXVIIYr8v36zp1c0fo3dK,1790009881,228534,usd,
cus_VIm5MDiAJXaFYl,76,Male,Germany,25134,321,5,pm_1UIAXWIIYr8v36zplzBFyWDN,visa,credit,True,2351,Contactless,merchant_226065,Warsaw,Masovian,13383,5411,pi_3UIAXWIIYr8v36zp03HSgsul,1790009883,78138,eur,
cus_VIm5xn8pJgTpF8,23,Female,Switzerland,196254,758,5,pm_1UIAXYIIYr8v36zppcuwJtHq,visa,credit,False,53387,Swipe,merchant_429927,Los Angeles,California,66523,5411,pi_3UIAXYIIYr8v36zp12ZA26eu,1790009884,290823,usd,
cus_VIm57GBdLAacUo,19,Female,Finland,85655,773,1,pm_1UIAXZIIYr8v36zpFTYArDDc,visa,credit,True,13753,Contactless,merchant_847169,Stockholm,Stockholm,84487,5732,pi_3UIAXZIIYr8v36zp1Rl5r08k,1790009885,325700,usd,
cus_VIm5HJHHwlwyXS,47,Female,Czech Republic,193042,428,3,pm_1UIAXbIIYr8v36zp0ev7rPtd,visa,credit,True,55181,Online,merchant_118692,Brussels,Brussels,24243,5812,pi_3UIAXbIIYr8v36zp1DfHYGLB,1790009887,83942,usd,
cus_VIm5NDkEq9Hdz8,40,Female,Ireland,76787,570,4,pm_1UIAXdIIYr8v36zpPTvv8JSm,visa,credit,True,517,Contactless,merchant_782419,Los Angeles,California,88205,5411,pi_3UIAXdIIYr8v36zp12L6E1LH,1790009889,399867,eur,
cus_VIm5L9h7xE3fvw,78,Female,Sweden,136641,782,5,pm_1UIAXeIIYr8v36zphPsYdR7o,visa,credit,True,15475,Contactless,merchant_254811,Paris,Île-de-France,14419,5912,pi_3UIAXeIIYr8v36zp1x3OlPvI,1790009891,257493,usd,
cus_VIm5Q3FJnJif61,63,Female,Norway,79495,590,1,pm_1UIAXgIIYr8v36zpHkupL6M3,visa,credit,True,33579,Chip,merchant_977868,Prague,Prague,47033,4111,pi_3UIAXgIIYr8v36zp0XDXAu9Q,1790009892,345558,usd,
cus_VIm5vM6pLb7uvJ,51,Male,Finland,134918,508,1,pm_1UIAXhIIYr8v36zpQll4Uu0T,visa,credit,False,23717,Swipe,merchant_658635,Lisbon,Lisbon,12592,5912,pi_3UIAXiIIYr8v36zp0Vv1QjiO,1790009894,315535,eur,
cus_VIm5iY4L8NwFu5,26,Female,Austria,126874,573,2,pm_1UIAXjIIYr8v36zpk2j2w53B,visa,credit,False,89944,Swipe,merchant_742953,Brussels,Brussels,22679,5732,pi_3UIAXjIIYr8v36zp1BHIqrfr,1790009895,383378,eur,
cus_VIm5Ip5PRoZ9ja,37,Male,Netherlands,175221,804,1,pm_1UIAXlIIYr8v36zp8iHkV1Rm,visa,credit,True,47357,Swipe,merchant_997344,New York,New York,68210,5999,pi_3UIAXlIIYr8v36zp1hU81EgN,1790009897,45163,eur,
cus_VIm5wcBqA68uG7,44,Female,Denmark,166238,350,3,pm_1UIAXmIIYr8v36zp7CJnCgSe,visa,credit,False,69431,Swipe,merchant_990244,Rotterdam,South Holland,17912,5732,pi_3UIAXmIIYr8v36zp1xPA7eEG,1790009899,118228,usd,
cus_VIm5kbGyqTtfOq,46,Male,Spain,138655,735,3,pm_1UIAXoIIYr8v36zpJ2mH1OIW,visa,credit,False,64127,Swipe,merchant_996369,Marseille,Provence-Alpes-Côte d'Azur,48520,4111,pi_3UIAXoIIYr8v36zp0aVhGruc,1790009900,92797,usd,
cus_VIm6DCqAP6pqyG,25,Male,Luxembourg,108904,492,5,pm_1UIAXqIIYr8v36zpXukqzmkN,visa,credit,True,88920,Chip,merchant_793522,Milan,Lombardy,14800,5732,pi_3UIAXqIIYr8v36zp0zBtJemh,1790009902,217034,eur,
cus_VIm6S01yuPm35r,27,Female,Italy,116300,678,4,pm_1UIAXrIIYr8v36zphHDNFZVA,visa,credit,True,96593,Contactless,merchant_110835,Brussels,Brussels,34203,5812,pi_3UIAXrIIYr8v36zp0SH3RHxp,1790009903,160223,eur,
cus_VIm6i10cKGVuTx,22,Female,Norway,62367,362,2,pm_1UIAXsIIYr8v36zppa63l4y3,visa,credit,True,85743,Contactless,merchant_991620,Boston,Massachusetts,55764,4111,pi_3UIAXtIIYr8v36zp1Ti2XYdI,1790009905,322868,eur,
cus_VIm6zBONvp9AFQ,42,Female,Italy,159642,452,3,pm_1UIAXuIIYr8v36zpyGZ4ihH6,visa,credit,True,64781,Swipe,merchant_159618,Naples,Campania,81578,4111,pi_3UIAXuIIYr8v36zp0Pz2yAyB,1790009907,117535,usd,
cus_VIm6quN0SRMorT,63,Male,France,50379,394,4,pm_1UIAXwIIYr8v36zpsbBRdSvt,visa,credit,True,98532,Online,merchant_130333,Geneva,Geneva,49060,5912,pi_3UIAXwIIYr8v36zp1fEvH9Sd,1790009908,182197,eur,
cus_VIm6YWQbOivuZI,57,Female,Sweden,86840,367,1,pm_1UIAXyIIYr8v36zpDpPOCvcz,visa,credit,False,5319,Chip,merchant_914065,Houston,Texas,48748,5541,pi_3UIAXyIIYr8v36zp1fC85qcP,1790009910,439619,eur,
cus_VIm6hU1gztbaiW,29,Female,Italy,187422,810,5,pm_1UIAXzIIYr8v36zpdeOe7jiV,visa,credit,True,94321,Contactless,merchant_500154,Helsinki,Uusimaa,39736,5912,pi_3UIAY0IIYr8v36zp1soQEHOg,1790009912,189633,usd,
cus_VIm68EM5jY82Br,77,Male,Czech Republic,167104,613,1,pm_1UIAY1IIYr8v36zpb6QMktlq,visa,credit,False,24462,Contactless,merchant_913583,Valencia,Valencian Community,66647,5411,pi_3UIAY1IIYr8v36zp02FqDrlq,1790009913,355826,usd,
cus_VIm6LSz6hERQak,64,Female,Norway,34193,512,2,pm_1UIAY2IIYr8v36zpX14GtQkp,visa,credit,False,7672,Swipe,merchant_225575,Oslo,Oslo,39209,5732,pi_3UIAY3IIYr8v36zp1AfOyXck,1790009915,210556,eur,
cus_VIm64dSUaWE7hp,68,Male,Norway,133013,826,2,pm_1UIAY4IIYr8v36zpNaq0rjgS,visa,credit,False,88077,Online,merchant_620873,Boston,Massachusetts,32118,5912,pi_3UIAY4IIYr8v36zp1EN8vP4J,1790009916,267192,usd,
cus_VIm6Egsfu5vBrl,53,Female,Netherlands,141173,749,5,pm_1UIAY5IIYr8v36zpiGBTv1R0,visa,credit,True,82867,Contactless,merchant_926500,Barcelona,Catalonia,56789,4111,pi_3UIAY6IIYr8v36zp1JStmhQd,1790009918,440111,eur,
cus_VIm6n147njdHMc,59,Male,Finland,34777,599,2,pm_1UIAY7IIYr8v36zp2beCoEVu,visa,credit,False,65318,Chip,merchant_896507,Lyon,Auvergne-Rhône-Alpes,24767,5411,pi_3UIAY8IIYr8v36zp1IKVQt9u,1790009920,240847,usd,
cus_VIm6AHrK6LLykA,60,Female,Norway,60048,732,3,pm_1UIAY9IIYr8v36zpLPevTKUo,visa,credit,False,78837,Chip,merchant_779586,Berlin,Berlin,75611,5999,pi_3UIAY9IIYr8v36zp1FYMPLNi,1790009921,118400,usd,
cus_VIm6wFPtznwG8O,62,Female,Spain,182479,786,2,pm_1UIAYAIIYr8v36zpdS8SSKLq,visa,credit,True,16791,Online,merchant_304292,Barcelona,Catalonia,62094,5311,pi_3UIAYBIIYr8v36zp1NQdQ42a,1790009923,198250,eur,
cus_VIm69bLm7dGjaC,22,Male,Denmark,72734,785,5,pm_1UIAYCIIYr8v36zpNyMz4dBf,visa,credit,False,52453,Contactless,merchant_229531,Stockholm,Stockholm,93117,5812,pi_3UIAYCIIYr8v36zp0lDo8SRI,1790009924,266666,eur,
cus_VIm6q9qKEdONs2,33,Male,Ireland,91138,837,3,pm_1UIAYDIIYr8v36zpI5vYdcQ9,visa,credit,False,52534,Contactless,merchant_353090,Berlin,Berlin,89357,5311,pi_3UIAYDIIYr8v36zp1RzdzwA0,1790009925,187866,eur,
cus_VIm6L2920nYPBe,19,Male,Ireland,76418,590,3,pm_1UIAYEIIYr8v36zpSerionUZ,visa,credit,True,86342,Swipe,merchant_161485,Barcelona,Catalonia,81631,4111,pi_3UIAYFIIYr8v36zp1Xhh0ZYm,1790009927,128145,usd,
cus_VIm6rMla73qZTN,35,Female,United States,54255,300,5,pm_1UIAYGIIYr8v36zpVewIq2EU,visa,credit,False,53297,Online,merchant_125913,Milan,Lombardy,38600,5912,pi_3UIAYGIIYr8v36zp0e4pX573,1790009928,402834,usd,
cus_VIm6k9LWvxi4y1,78,Female,Italy,38800,401,5,pm_1UIAYHIIYr8v36zpVQnLHTVw,visa,credit,False,64234,Online,merchant_412261,Madrid,Community of Madrid,23221,4111,pi_3UIAYIIIYr8v36zp0wSe1Ul0,1790009930,51519,eur,
cus_VIm6eeF75EsLMu,57,Female,France,72840,606,4,pm_1UIAYJIIYr8v36zpjgYcypxQ,visa,credit,False,29274,Swipe,merchant_182335,Rotterdam,South Holland,28926,5541,pi_3UIAYJIIYr8v36zp0HtDratr,1790009931,315425,eur,
cus_VIm6TaisqWtRZG,68,Female,Poland,129924,407,5,pm_1UIAYKIIYr8v36zpH1PbFw5g,visa,credit,True,72396,Swipe,merchant_452582,Dublin,Leinster,98945,5732,pi_3UIAYLIIYr8v36zp1AtGtE4B,1790009933,188548,eur,
cus_VIm6ur251zr0TS,22,Male,Finland,118527,726,3,pm_1UIAYMIIYr8v36zpW9Z6KO4g,visa,credit,False,45667,Swipe,merchant_961863,Madrid,Community of Madrid,61171,5311,pi_3UIAYMIIYr8v36zp138QICKs,1790009934,334592,usd,
cus_VIm6xzsiHyF0qt,31,Male,Netherlands,136411,417,2,pm_1UIAYOIIYr8v36zpzEzxryMU,visa,credit,True,86374,Chip,merchant_459644,Valencia,Valencian Community,72793,5732,pi_3UIAYOIIYr8v36zp1XIuihxF,1790009936,16074,usd,
cus_VIm6h4ffHbLPgs,49,Female,Norway,168425,761,2,pm_1UIAYPIIYr8v36zp4L7Sq7PH,visa,credit,False,78149,Online,merchant_385673,Rotterdam,South Holland,36468,5541,pi_3UIAYQIIYr8v36zp0o6JIALd,1790009938,340302,eur,
cus_VIm68ZED95r6NY,75,Female,Spain,91863,455,1,pm_1UIAYRIIYr8v36zp2v6HGV06,visa,credit,True,94140,Contactless,merchant_697016,Rotterdam,South Holland,82793,5411,pi_3UIAYRIIYr8v36zp1teSyPIA,1790009939,203455,eur,
cus_VIm6GJ2xtdpVTO,66,Female,Austria,155281,452,4,pm_1UIAYSIIYr8v36zp5eSZgVv1,visa,credit,True,19534,Chip,merchant_703619,Oslo,Oslo,11927,5999,pi_3UIAYTIIYr8v36zp0GQi1kZU,1790009941,99128,eur,
cus_VIm6tYxKKSXmjm,65,Female,Belgium,108367,365,3,pm_1UIAYUIIYr8v36zprsdJJ3Ho,visa,credit,True,27137,Contactless,merchant_326542,Copenhagen,Capital Region,23542,5311,pi_3UIAYVIIYr8v36zp1nzoVirq,1790009943,358148,usd,
cus_VIm6wPIs8gedwK,23,Female,Spain,49152,667,2,pm_1UIAYWIIYr8v36zpBwNYver6,visa,credit,False,2848,Online,merchant_122292,Oslo,Oslo,84390,5311,pi_3UIAYWIIYr8v36zp0xC4Lzcn,1790009944,368635,usd,
cus_VIm6kJ4SV4Yy8J,75,Male,Belgium,24105,786,4,pm_1UIAYXIIYr8v36zpJqRfcWEB,visa,credit,True,2888,Contactless,merchant_988843,Warsaw,Masovian,39959,5812,pi_3UIAYYIIYr8v36zp0GoBgScU,1790009946,404840,usd,
cus_VIm6xWKjJot571,37,Male,Ireland,75242,631,1,pm_1UIAYZIIYr8v36zpJglhn6Km,visa,credit,True,21535,Swipe,merchant_427275,New York,New York,75510,5311,pi_3UIAYaIIYr8v36zp1o946PWM,1790009948,471906,eur,
cus_VIm6RS6CXEqEQq,27,Male,Austria,59442,389,5,pm_1UIAYbIIYr8v36zpCQhcZImu,visa,credit,False,37271,Contactless,merchant_624159,Hamburg,Hamburg,34534,5311,pi_3UIAYbIIYr8v36zp10zeuhHB,1790009949,123529,eur,
cus_VIm616qNNA6Zfk,42,Female,Norway,186266,373,5,pm_1UIAYcIIYr8v36zp2uNiMuK0,visa,credit,True,44168,Online,merchant_324186,Los Angeles,California,93483,5541,pi_3UIAYdIIYr8v36zp1Mx4Nyo2,1790009951,376024,usd,
cus_VIm6TlehA6XGhp,65,Female,Ireland,112897,761,2,pm_1UIAYeIIYr8v36zpT5QInkAj,visa,credit,False,80688,Contactless,merchant_446738,Geneva,Geneva,26773,5411,pi_3UIAYeIIYr8v36zp0MFBzQoh,1790009952,295596,usd,
cus_VIm6llDf1YP58q,38,Female,Poland,108736,652,4,pm_1UIAYgIIYr8v36zpblk6JjxR,visa,credit,False,40857,Swipe,merchant_392083,Geneva,Geneva,25155,5912,pi_3UIAYgIIYr8v36zp15Eu7EDH,1790009954,301811,eur,
cus_VIm60CCrYqURiP,19,Female,Poland,137485,686,5,pm_1UIAYiIIYr8v36zp6KQVCF72,visa,credit,True,84628,Swipe,merchant_751686,Miami,Florida,14658,5812,pi_3UIAYiIIYr8v36zp0zdUKjA2,1790009956,341559,usd,
cus_VIm616TG6Mg8Cy,49,Female,Switzerland,66108,753,5,pm_1UIAYjIIYr8v36zp8ee2gp0A,visa,credit,True,75015,Swipe,merchant_647466,Warsaw,Masovian,89259,5812,pi_3UIAYjIIYr8v36zp1WZKqOph,1790009958,37861,usd,
cus_VIm674ghdIOCpF,77,Male,Norway,66989,738,3,pm_1UIAYlIIYr8v36zpdt6vYLVz,visa,credit,False,4375,Chip,merchant_746796,Munich,Bavaria,58622,5999,pi_3UIAYlIIYr8v36zp1yGmcenp,1790009959,483546,usd,
cus_VIm7QTfTXVrlBP,23,Female,Austria,128098,748,4,pm_1UIAYmIIYr8v36zpfe04VsTe,visa,credit,True,78663,Swipe,merchant_997615,Amsterdam,North Holland,29640,5732,pi_3UIAYnIIYr8v36zp08DUEST2,1790009961,353548,eur,
cus_VIm7OJOauw7Xhu,25,Male,Austria,121382,304,3,pm_1UIAYoIIYr8v36zpbYKyoHtP,visa,credit,False,62140,Contactless,merchant_710765,Munich,Bavaria,44549,5812,pi_3UIAYoIIYr8v36zp154naqpa,1790009962,467934,usd,
cus_VIm7QjWnKxJ5Ju,65,Female,Netherlands,199196,766,3,pm_1UIAYpIIYr8v36zpJrkOv7qt,visa,credit,False,97061,Online,merchant_636655,Zurich,Zurich,56999,5999,pi_3UIAYpIIYr8v36zp01ulbFZs,1790009964,112186,eur,
cus_VIm7dSSiaOypg5,76,Female,Czech Republic,140657,485,1,pm_1UIAYrIIYr8v36zp8z6wyP05,visa,credit,False,62737,Contactless,merchant_871056,Barcelona,Catalonia,59477,5311,pi_3UIAYrIIYr8v36zp1W33qNQe,1790009965,135104,eur,
cus_VIm7HVays9SFvc,51,Female,Sweden,111077,410,5,pm_1UIAYsIIYr8v36zp7Aa8fyEz,visa,credit,True,13160,Chip,merchant_587373,Helsinki,Uusimaa,50015,5732,pi_3UIAYtIIYr8v36zp1DdkQ21d,1790009967,204956,usd,
cus_VIm7SOMuEUKzgo,30,Female,Ireland,30783,425,1,pm_1UIAYuIIYr8v36zpCCqrfCXq,visa,credit,False,65630,Swipe,merchant_128957,Berlin,Berlin,20501,5311,pi_3UIAYuIIYr8v36zp0Fa6a8QU,1790009968,377500,usd,
cus_VIm7CljqW3RwqM,26,Male,Germany,82841,618,5,pm_1UIAYwIIYr8v36zpdIalixXl,visa,credit,False,45155,Contactless,merchant_906327,Boston,Massachusetts,33799,5541,pi_3UIAYwIIYr8v36zp0GvC48C7,1790009970,324778,eur,
cus_VIm7Fq7EWF65EC,27,Male,Austria,142646,828,3,pm_1UIAYxIIYr8v36zppbudenNm,visa,credit,True,13192,Swipe,merchant_415017,Hamburg,Hamburg,90562,5411,pi_3UIAYyIIYr8v36zp194iCmRN,1790009972,224549,usd,
cus_VIm73cQXqWngsv,31,Female,Sweden,72973,662,5,pm_1UIAYzIIYr8v36zpajcusBrp,visa,credit,False,66111,Online,merchant_721508,Lyon,Auvergne-Rhône-Alpes,91413,5812,pi_3UIAYzIIYr8v36zp1oQPnsoz,1790009973,330402,usd,
cus_VIm7dhVtrs06qr,69,Female,United States,83905,466,2,pm_1UIAZ1IIYr8v36zph2A0rIWj,visa,credit,False,94778,Swipe,merchant_764319,Hamburg,Hamburg,44602,5812,pi_3UIAZ1IIYr8v36zp1HSDp4xg,1790009975,403924,usd,
cus_VIm7XDzbs1pdUC,55,Male,Poland,174957,799,3,pm_1UIAZ2IIYr8v36zp5IlfnmDp,visa,credit,True,59857,Chip,merchant_363008,Warsaw,Masovian,63124,5999,pi_3UIAZ3IIYr8v36zp1zVJQNoV,1790009977,304927,usd,
cus_VIm7vyigFHi8Eg,54,Female,Austria,34627,809,3,pm_1UIAZ4IIYr8v36zp0WJSr915,visa,credit,True,71268,Chip,merchant_560097,Milan,Lombardy,15984,5812,pi_3UIAZ4IIYr8v36zp02HhYIMI,1790009978,474886,usd,
cus_VIm7DCZ6al7Vsi,64,Female,United States,143915,456,4,pm_1UIAZ5IIYr8v36zpjJOZ1ymf,visa,credit,False,93913,Online,merchant_999067,Chicago,Illinois,81048,5411,pi_3UIAZ6IIYr8v36zp0zTZ4QM0,1790009980,105233,usd,
cus_VIm7UoiTBy7XjH,31,Male,France,114727,616,4,pm_1UIAZ7IIYr8v36zpWY9Tjf3i,visa,credit,False,55561,Online,merchant_854619,Lisbon,Lisbon,27215,5732,pi_3UIAZ7IIYr8v36zp0Hh3zUkB,1790009981,440218,eur,
cus_VIm7OqV5NTnD0m,32,Female,Germany,48948,345,1,pm_1UIAZ9IIYr8v36zploMfTE7c,visa,credit,False,66274,Contactless,merchant_608533,Prague,Prague,65356,5812,pi_3UIAZ9IIYr8v36zp0g783iwq,1790009983,408098,usd,
cus_VIm7ckZqzkxDlA,69,Male,Luxembourg,88826,843,3,pm_1UIAZBIIYr8v36zpf2OdX1wk,visa,credit,True,97292,Swipe,merchant_517667,Barcelona,Catalonia,30413,5311,pi_3UIAZBIIYr8v36zp0OplRtsD,1790009985,402448,usd,
cus_VIm7JDnBD3g7WQ,69,Male,Italy,104952,849,5,pm_1UIAZCIIYr8v36zpslh1pdui,visa,credit,False,36584,Swipe,merchant_638521,Rotterdam,South Holland,59738,5912,pi_3UIAZDIIYr8v36zp0IivEqRH,1790009987,283266,eur,
cus_VIm7xtorrep1HY,48,Male,Italy,179950,526,1,pm_1UIAZEIIYr8v36zplNeNDVWp,visa,credit,False,67731,Online,merchant_421150,Dublin,Leinster,28519,4111,pi_3UIAZEIIYr8v36zp02WSOZJa,1790009988,103260,eur,
cus_VIm7BvuadQ9i6I,19,Female,Spain,65478,688,3,pm_1UIAZFIIYr8v36zpIK0tGHVn,visa,credit,False,92980,Contactless,merchant_179716,Helsinki,Uusimaa,74416,5411,pi_3UIAZGIIYr8v36zp0RVdLJ1c,1790009990,299411,eur,
cus_VIm7utTmXOK37I,73,Female,Spain,46204,703,1,pm_1UIAZHIIYr8v36zpX6TN7iOB,visa,credit,True,50977,Contactless,merchant_800576,Valencia,Valencian Community,61756,4111,pi_3UIAZHIIYr8v36zp0bs0VY42,1790009991,136208,eur,
cus_VIm7VMNaa4BYh2,58,Male,Ireland,112895,445,1,pm_1UIAZIIIYr8v36zpfq4ULmf7,visa,credit,False,32190,Chip,merchant_869205,Brussels,Brussels,82245,5732,pi_3UIAZJIIYr8v36zp1NU5D8CG,1790009993,478089,eur,
cus_VIm7y0Rd1JuhKR,62,Male,Belgium,97834,542,5,pm_1UIAZKIIYr8v36zpNI9o2Xm4,visa,credit,False,50510,Chip,merchant_764695,Amsterdam,North Holland,70327,5411,pi_3UIAZKIIYr8v36zp0WVR3u8z,1790009994,60713,usd,
cus_VIm7HVzv8TrZxz,44,Female,Spain,52206,707,3,pm_1UIAZMIIYr8v36zp6VPc5HUO,visa,credit,False,33052,Swipe,merchant_247319,Oslo,Oslo,40032,5541,pi_3UIAZMIIYr8v36zp1RbG8OuX,1790009996,349739,usd,
cus_VIm7rXlE3NevKh,71,Female,Luxembourg,159888,800,2,pm_1UIAZNIIYr8v36zpsx2CFvMP,visa,credit,True,17112,Online,merchant_368895,Seattle,Washington,61033,5311,pi_3UIAZOIIYr8v36zp0d5AIMU4,1790009998,458650,eur,
cus_VIm7GXRSyXjqjf,21,Male,Spain,114790,333,4,pm_1UIAZPIIYr8v36zpNXzyTYU2,visa,credit,False,88162,Swipe,merchant_277602,Prague,Prague,89771,5411,pi_3UIAZQIIYr8v36zp0sYMasX5,1790010000,13985,eur,
cus_VIm7uz2qbXjqhm,32,Female,Germany,112996,565,3,pm_1UIAZRIIYr8v36zpjCUIgQ15,visa,credit,False,59265,Contactless,merchant_768194,Miami,Florida,17181,5812,pi_3UIAZRIIYr8v36zp0zz55ckw,1790010001,387940,eur,
cus_VIm7tmQQCXgyCj,59,Male,Poland,150759,345,1,pm_1UIAZTIIYr8v36zpTTYKRHjS,visa,credit,False,19277,Chip,merchant_387978,Oslo,Oslo,58954,5999,pi_3UIAZTIIYr8v36zp1YJL0WhJ,1790010003,404362,eur,
cus_VIm7HYdbiJJjma,69,Male,Luxembourg,76803,396,1,pm_1UIAZUIIYr8v36zpThztpilb,visa,credit,True,71831,Chip,merchant_564827,Stockholm,Stockholm,56827,4111,pi_3UIAZUIIYr8v36zp0tq7mBMP,1790010004,318227,eur,
cus_VIm7Sh2ccmSx4Q,66,Male,Ireland,174800,834,2,pm_1UIAZWIIYr8v36zpou2kjkzg,visa,credit,True,31639,Swipe,merchant_484857,Helsinki,Uusimaa,70463,5311,pi_3UIAZWIIYr8v36zp0W3hVZop,1790010006,186825,eur,
cus_VIm7OABe56Vyln,72,Male,Finland,140196,528,5,pm_1UIAZYIIYr8v36zpA315xP5i,visa,credit,False,57676,Chip,merchant_155543,Hamburg,Hamburg,72064,5732,pi_3UIAZYIIYr8v36zp1qMrXKnF,1790010008,346379,usd,
cus_VIm7RvxwoCj8nQ,32,Male,Austria,165443,300,2,pm_1UIAZZIIYr8v36zpLIXyTzoO,visa,credit,False,79771,Chip,merchant_575400,Naples,Campania,38862,5999,pi_3UIAZZIIYr8v36zp1iQ0TApD,1790010010,7846,usd,
cus_VIm7wIAINH1Lxj,59,Female,Switzerland,159618,679,1,pm_1UIAZbIIYr8v36zp0FqjVZjP,visa,credit,True,6938,Chip,merchant_144940,Rome,Lazio,29901,5912,pi_3UIAZbIIYr8v36zp0TEBXPLy,1790010011,59983,usd,
cus_VIm7nkS1tBytV9,53,Male,Sweden,95618,554,2,pm_1UIAZcIIYr8v36zp3n8z2xRg,visa,credit,False,41493,Online,merchant_673114,Amsterdam,North Holland,22254,5541,pi_3UIAZdIIYr8v36zp1FwOgPTP,1790010013,248853,eur,
cus_VIm7J10xd1NdXb,26,Female,Netherlands,163782,842,5,pm_1UIAZeIIYr8v36zpb7kxQ0bU,visa,credit,True,67422,Chip,merchant_980702,Oslo,Oslo,60478,4111,pi_3UIAZeIIYr8v36zp1WM4Ewpg,1790010015,70128,usd,
cus_VIm7mGV3yoHrX6,39,Male,Belgium,104502,475,4,pm_1UIAZgIIYr8v36zpkqRs1QrM,visa,credit,True,85618,Online,merchant_236451,Oslo,Oslo,32179,5912,pi_3UIAZhIIYr8v36zp0QC23p5y,1790010017,299638,usd,
cus_VIm7WAm2EOOAKy,57,Female,Sweden,135302,669,3,pm_1UIAZiIIYr8v36zpGclhIqqO,visa,credit,False,58108,Online,merchant_466487,Warsaw,Masovian,21093,5732,pi_3UIAZiIIYr8v36zp0svlE8mu,1790010018,44169,usd,
cus_VIm7BoTqJp7IDs,71,Male,Denmark,161985,671,4,pm_1UIAZkIIYr8v36zp9ZwMR38s,visa,credit,True,57384,Online,merchant_433434,Vienna,Vienna,72654,5541,pi_3UIAZkIIYr8v36zp0Wo8EV4b,1790010020,326349,eur,
cus_VIm8qLdtVowFOF,31,Female,Poland,60348,619,2,pm_1UIAZmIIYr8v36zp5gIZG8jQ,visa,credit,False,26420,Chip,merchant_185999,Houston,Texas,12571,5812,pi_3UIAZmIIYr8v36zp0wPfnpu5,1790010022,315330,eur,
cus_VIm8sdptPFjt7H,33,Female,Portugal,51015,302,4,pm_1UIAZnIIYr8v36zpfKGnjeIm,visa,credit,False,15893,Online,merchant_775454,Paris,Île-de-France,88638,5311,pi_3UIAZnIIYr8v36zp0fzkpLYs,1790010023,12348,eur,
cus_VIm8l5jh54Zfrq,60,Female,Germany,28516,514,1,pm_1UIAZpIIYr8v36zpxHkVOSSj,visa,credit,False,13545,Online,merchant_321767,Dublin,Leinster,60242,5732,pi_3UIAZpIIYr8v36zp0pGg1n4C,1790010025,20924,usd,
cus_VIm8e4KlOT1FqA,65,Male,Belgium,34546,442,2,pm_1UIAZqIIYr8v36zpbhBCx08c,visa,credit,True,4253,Online,merchant_469872,Boston,Massachusetts,48398,5812,pi_3UIAZrIIYr8v36zp1xLNBmUN,1790010027,276083,usd,
cus_VIm8ABKnnkAxoz,66,Female,United States,169138,814,5,pm_1UIAZsIIYr8v36zpfhZpCyPm,visa,credit,False,44583,Swipe,merchant_341995,Marseille,Provence-Alpes-Côte d'Azur,55839,5732,pi_3UIAZsIIYr8v36zp1WWZKsxk,1790010028,145952,eur,
cus_VIm81zy9V46ICD,19,Male,Germany,160962,725,2,pm_1UIAZuIIYr8v36zpUnjcygH6,visa,credit,True,83876,Contactless,merchant_640460,Warsaw,Masovian,83879,5999,pi_3UIAZuIIYr8v36zp1m3WGXHB,1790010030,82381,usd,
cus_VIm8TDiEovlSfa,40,Male,Denmark,21361,510,2,pm_1UIAZvIIYr8v36zplqvRGtYq,visa,credit,True,33534,Online,merchant_985081,Naples,Campania,64844,5541,pi_3UIAZwIIYr8v36zp1aSg6TG2,1790010032,400980,eur,
cus_VIm88ZZjtQWo7f,60,Male,Czech Republic,50606,356,3,pm_1UIAZxIIYr8v36zpQMc266jS,visa,credit,False,75069,Contactless,merchant_315070,Stockholm,Stockholm,61363,4111,pi_3UIAZxIIYr8v36zp0HgkJyGH,1790010033,496349,usd,
cus_VIm8We0BCzrfVk,63,Female,Spain,120746,822,1,pm_1UIAZzIIYr8v36zpaS3Jdeff,visa,credit,False,5833,Chip,merchant_292638,Vienna,Vienna,36099,5541,pi_3UIAZzIIYr8v36zp1USwHMTU,1790010035,338658,eur,
cus_VIm8NMdj04YTdq,41,Male,Finland,113050,760,5,pm_1UIAa0IIYr8v36zpHcglQ5fD,visa,credit,True,92600,Contactless,merchant_279478,Rotterdam,South Holland,35648,5812,pi_3UIAa1IIYr8v36zp1ocwBUo0,1790010037,39687,eur,
cus_VIm8RfLt521T92,55,Male,Ireland,69635,725,3,pm_1UIAa2IIYr8v36zpCuXCfsV0,visa,credit,True,34433,Swipe,merchant_532104,Hamburg,Hamburg,77697,5812,pi_3UIAa2IIYr8v36zp1nxSxMcP,1790010038,352356,eur,
cus_VIm8nzELutQSPN,59,Female,Germany,62519,587,5,pm_1UIAa3IIYr8v36zpdIpOvUTz,visa,credit,True,45306,Swipe,merchant_241717,Hamburg,Hamburg,27308,5311,pi_3UIAa4IIYr8v36zp1IX2G1bx,1790010040,487278,usd,
cus_VIm8WV78wh0Hzs,63,Female,Denmark,87971,365,3,pm_1UIAa5IIYr8v36zpmi5m169n,visa,credit,False,75005,Chip,merchant_731942,Madrid,Community of Madrid,52013,5812,pi_3UIAa6IIYr8v36zp1vyQrdSJ,1790010042,400158,usd,
cus_VIm8ooeme0AOKw,71,Male,Poland,181046,432,2,pm_1UIAa7IIYr8v36zpr3JU4bQW,visa,credit,True,16558,Swipe,merchant_497719,Houston,Texas,80102,5541,pi_3UIAa7IIYr8v36zp0woTYvy5,1790010043,428548,eur,
cus_VIm8rCIB3ReCDY,80,Female,France,138675,769,3,pm_1UIAa9IIYr8v36zpkOtpHnBG,visa,credit,False,14136,Chip,merchant_174657,New York,New York,32200,4111,pi_3UIAa9IIYr8v36zp0ZQJQEsb,1790010045,242697,usd,
cus_VIm8CnFS7pBFNv,78,Male,United States,58389,696,4,pm_1UIAaBIIYr8v36zpGAozwY1T,visa,credit,True,99723,Contactless,merchant_685043,Stockholm,Stockholm,33441,4111,pi_3UIAaBIIYr8v36zp02D01wqH,1790010047,132487,usd,
cus_VIm8LrkYA9JfGD,75,Male,Finland,26805,413,4,pm_1UIAaCIIYr8v36zplZAfpTqn,visa,credit,False,69570,Swipe,merchant_817641,Prague,Prague,70029,5311,pi_3UIAaCIIYr8v36zp1yyJdGCy,1790010048,455965,usd,
cus_VIm8xauQE8ysrp,65,Female,Ireland,25690,675,2,pm_1UIAaDIIYr8v36zpSGxOrkM5,visa,credit,True,25471,Swipe,merchant_294628,Copenhagen,Capital Region,10911,5912,pi_3UIAaEIIYr8v36zp1VxS1QBP,1790010050,390793,usd,
cus_VIm8ZH9GDytGIS,26,Male,Luxembourg,92546,479,5,pm_1UIAaFIIYr8v36zpx0xQZ7l9,visa,credit,True,53479,Contactless,merchant_725052,Dublin,Leinster,29290,5999,pi_3UIAaGIIYr8v36zp1Q0R8d91,1790010052,374815,eur,
cus_VIm8g8jCBOVwBb,43,Male,Finland,159314,558,2,pm_1UIAaHIIYr8v36zpaQe2C5mH,visa,credit,True,13327,Contactless,merchant_833749,Milan,Lombardy,71457,5812,pi_3UIAaHIIYr8v36zp04p8Ltph,1790010053,143969,eur,
cus_VIm8FCtq5mjiF9,67,Female,Switzerland,116436,493,5,pm_1UIAaIIIYr8v36zpKrfdRHWI,visa,credit,True,50968,Contactless,merchant_983104,Oslo,Oslo,73968,5411,pi_3UIAaJIIYr8v36zp1DEFGS88,1790010055,224827,usd,
cus_VIm8IhpnvoueEK,53,Female,Sweden,141815,345,1,pm_1UIAaKIIYr8v36zp1AG7yam7,visa,credit,True,65944,Online,merchant_343835,Copenhagen,Capital Region,21981,5912,pi_3UIAaKIIYr8v36zp0qLusUi6,1790010056,490026,usd,
cus_VIm84fyI3pDIV3,62,Male,Switzerland,199567,713,2,pm_1UIAaMIIYr8v36zpaL39LXab,visa,credit,True,99363,Swipe,merchant_701963,Copenhagen,Capital Region,53573,5912,pi_3UIAaMIIYr8v36zp1JBbuK25,1790010058,14595,eur,
cus_VIm8Il11yneVBh,33,Female,Czech Republic,34325,355,1,pm_1UIAaNIIYr8v36zpifOYWxLF,visa,credit,True,82270,Swipe,merchant_430119,Oslo,Oslo,27884,5912,pi_3UIAaOIIYr8v36zp11QzGen9,1790010060,102438,eur,
cus_VIm8Hl1TaZtSdE,52,Male,Poland,37445,652,4,pm_1UIAaPIIYr8v36zpTnfVsxpF,visa,credit,False,50671,Online,merchant_118771,Los Angeles,California,75502,5812,pi_3UIAaPIIYr8v36zp0PRpd3NO,1790010061,496998,eur,
cus_VIm83Ye9Vev0B2,43,Male,Belgium,135441,446,4,pm_1UIAaRIIYr8v36zpx41jYKTg,visa,credit,True,34874,Contactless,merchant_568981,Lyon,Auvergne-Rhône-Alpes,62085,5541,pi_3UIAaRIIYr8v36zp0ab9PIxT,1790010063,284016,usd,
cus_VIm8Ieq26WqMGD,36,Male,France,28705,767,5,pm_1UIAaSIIYr8v36zpANIVtToz,visa,credit,False,47814,Swipe,merchant_577700,Houston,Texas,65948,5311,pi_3UIAaTIIYr8v36zp0ZZZSkWo,1790010065,210374,usd,
cus_VIm82ZdSTWkxiM,53,Male,Germany,25834,810,1,pm_1UIAaUIIYr8v36zpLuLtwGQC,visa,credit,False,61860,Swipe,merchant_522161,Berlin,Berlin,71184,5912,pi_3UIAaVIIYr8v36zp1gURnfh1,1790010067,395843,eur,
cus_VIm8ZxQgkRSk3W,21,Male,Netherlands,34524,663,5,pm_1UIAaWIIYr8v36zprRbTVImp,visa,credit,True,46673,Online,merchant_881908,Lisbon,Lisbon,33401,4111,pi_3UIAaWIIYr8v36zp1d1GIkhp,1790010068,167234,eur,
cus_VIm8Nu5o0Jy3oM,59,Female,Spain,142142,437,3,pm_1UIAaXIIYr8v36zpej6zxqsw,visa,credit,False,7536,Swipe,merchant_399948,Houston,Texas,31422,4111,pi_3UIAaXIIYr8v36zp1ng5UJmT,1790010070,298760,eur,
cus_VIm8nRbGr8ZHjx,21,Male,Finland,114725,664,4,pm_1UIAaZIIYr8v36zpAKmeHGwn,visa,credit,True,74998,Swipe,merchant_458837,Oslo,Oslo,73374,5732,pi_3UIAaZIIYr8v36zp1z0Er0Xe,1790010071,278427,usd,
cus_VIm8sDgbKUIHR0,41,Female,Germany,160705,535,2,pm_1UIAaaIIYr8v36zpm4swNjFn,visa,credit,True,67699,Online,merchant_980812,Copenhagen,Capital Region,60353,5912,pi_3UIAabIIYr8v36zp1V91FdfN,1790010073,122584,eur,
cus_VIm8u9kJTbIGXf,80,Female,Switzerland,161400,548,4,pm_1UIAacIIYr8v36zp8d0mWoN7,visa,credit,False,79263,Chip,merchant_587351,Los Angeles,California,91624,5812,pi_3UIAacIIYr8v36zp1wzMVqAy,1790010074,396288,eur,
cus_VIm8gaklVDyRWD,80,Female,United States,44403,826,4,pm_1UIAadIIYr8v36zpdeqCEnuM,visa,credit,False,39384,Swipe,merchant_761272,Chicago,Illinois,97186,5999,pi_3UIAaeIIYr8v36zp0ilJj6cE,1790010076,444557,usd,
cus_VIm8bsHBx2zMi8,27,Female,France,52601,812,2,pm_1UIAafIIYr8v36zpZdjTqVuA,visa,credit,False,77977,Chip,merchant_286787,Brussels,Brussels,48524,5311,pi_3UIAafIIYr8v36zp0jLLq7wv,1790010077,228521,usd,
cus_VIm867QNARMjTe,73,Male,Denmark,84817,433,5,pm_1UIAahIIYr8v36zpc5IQDdLm,visa,credit,True,54361,Contactless,merchant_255558,Madrid,Community of Madrid,89173,5732,pi_3UIAahIIYr8v36zp0FGvujVh,1790010079,71509,usd,
cus_VIm9zGXCIJRrBo,49,Female,Czech Republic,98659,602,1,pm_1UIAajIIYr8v36zpdt3PFyQL,visa,credit,True,96326,Swipe,merchant_634698,Madrid,Community of Madrid,46084,5812,pi_3UIAajIIYr8v36zp0tI8vBjK,1790010081,109846,usd,
cus_VIm9GKrYVkMJEz,75,Female,United States,75231,544,2,pm_1UIAakIIYr8v36zpV8KIHrpe,visa,credit,False,34759,Online,merchant_599165,Vienna,Vienna,80251,5912,pi_3UIAalIIYr8v36zp1QOuAz6a,1790010083,223597,eur,
cus_VIm9x4HISsNVFt,27,Male,Switzerland,157817,736,4,pm_1UIAamIIYr8v36zpacdn9iTy,visa,credit,True,97617,Swipe,merchant_889526,Madrid,Community of Madrid,36069,5732,pi_3UIAamIIYr8v36zp0TcMMmhJ,1790010084,303027,eur,
cus_VIm9LV2LEZ93Cb,35,Female,Sweden,59659,771,3,pm_1UIAaoIIYr8v36zpGdhk087w,visa,credit,True,28631,Online,merchant_984846,Geneva,Geneva,35279,5541,pi_3UIAaoIIYr8v36zp0PtlV3WF,1790010086,473670,usd,
cus_VIm9mvFslwbEIi,68,Male,Netherlands,105739,803,5,pm_1UIAaqIIYr8v36zpN5QYGxv8,visa,credit,False,29214,Chip,merchant_474471,Rotterdam,South Holland,57692,4111,pi_3UIAaqIIYr8v36zp11tH1e2k,1790010088,99731,eur,
cus_VIm9fZV18xCHDI,41,Female,Netherlands,132052,602,5,pm_1UIAarIIYr8v36zpH6bnFFIw,visa,credit,True,15380,Online,merchant_776468,Miami,Florida,99458,4111,pi_3UIAarIIYr8v36zp1h7wX0eH,1790010089,369311,usd,
cus_VIm98KYtUKwoh5,64,Female,United States,189834,438,1,pm_1UIAatIIYr8v36zprPGtSzFc,visa,credit,False,9871,Chip,merchant_568776,Miami,Florida,29419,5411,pi_3UIAatIIYr8v36zp1GCjBFAC,1790010091,194847,usd,
cus_VIm97tGVibM4XD,32,Female,Sweden,47686,445,2,pm_1UIAauIIYr8v36zpJ3nH6MxC,visa,credit,False,85599,Swipe,merchant_533977,Miami,Florida,44560,5541,pi_3UIAauIIYr8v36zp0hGGzXYw,1790010092,77943,eur,
cus_VIm9Hbilzsyhw6,44,Female,Luxembourg,67102,762,3,pm_1UIAawIIYr8v36zpLw2ILqNs,visa,credit,False,9417,Contactless,merchant_788590,New York,New York,68477,5812,pi_3UIAawIIYr8v36zp15JTWQYJ,1790010094,180712,eur,
cus_VIm9aQyX1nTY76,80,Female,Belgium,171036,617,3,pm_1UIAaxIIYr8v36zpEka9nOcy,visa,credit,True,12715,Swipe,merchant_457879,Amsterdam,North Holland,38943,4111,pi_3UIAaxIIYr8v36zp0la7NkPW,1790010096,51733,usd,
cus_VIm9bHfhpbC7wj,37,Male,Netherlands,142999,441,1,pm_1UIAazIIYr8v36zp0G3brJHt,visa,credit,True,36009,Chip,merchant_348708,Dublin,Leinster,30872,5311,pi_3UIAazIIYr8v36zp0SvD2VFf,1790010097,339122,eur,
cus_VIm9mJDZJXKxtE,37,Male,Finland,162988,492,2,pm_1UIAb0IIYr8v36zpeWFoehmx,visa,credit,True,2505,Online,merchant_232235,Oslo,Oslo,44764,5411,pi_3UIAb1IIYr8v36zp1PU69n2O,1790010099,131861,eur,
cus_VIm9qohcIOizuz,41,Female,France,146522,652,1,pm_1UIAb2IIYr8v36zpp98nL76G,visa,credit,False,37772,Contactless,merchant_492097,Berlin,Berlin,26457,5812,pi_3UIAb2IIYr8v36zp009BpdM5,1790010101,449255,usd,
cus_VIm9eUoEaGBTA5,70,Male,Italy,34013,745,1,pm_1UIAb4IIYr8v36zplTqX3eM1,visa,credit,True,67882,Online,merchant_112673,Barcelona,Catalonia,28122,5541,pi_3UIAb4IIYr8v36zp0mOkZRcW,1790010102,9215,eur,
cus_VIm9BD9xra1wjB,42,Female,Czech Republic,42293,810,2,pm_1UIAb6IIYr8v36zpqGa2BMEg,visa,credit,False,59593,Contactless,merchant_662969,New York,New York,96450,5311,pi_3UIAb6IIYr8v36zp0TAnTmje,1790010104,308377,usd,
cus_VIm9GI9Ibp9yfF,65,Male,Netherlands,46582,381,1,pm_1UIAb7IIYr8v36zpcwV9Sh0Z,visa,credit,True,6438,Contactless,merchant_500290,Vienna,Vienna,25441,5311,pi_3UIAb8IIYr8v36zp1ZAsNgOt,1790010106,100264,usd,
cus_VIm9bP3gBkBzir,46,Male,Portugal,48936,576,3,pm_1UIAb9IIYr8v36zpC5U9AqHC,visa,credit,False,86357,Swipe,merchant_299429,Houston,Texas,46329,5311,pi_3UIAb9IIYr8v36zp1ER5lYBG,1790010107,192453,usd,
cus_VIm9brsfjwFytX,42,Male,Belgium,76918,430,4,pm_1UIAbAIIYr8v36zpCZxzAy8b,visa,credit,False,95629,Chip,merchant_598758,Amsterdam,North Holland,98793,5732,pi_3UIAbBIIYr8v36zp0HZdfMFp,1790010109,233239,usd,
cus_VIm9pG764CTqaV,25,Female,Norway,174656,697,1,pm_1UIAbCIIYr8v36zp6EQLNCFK,visa,credit,True,95471,Chip,merchant_525669,Naples,Campania,80849,5999,pi_3UIAbCIIYr8v36zp0B7ji1EZ,1790010110,497942,eur,
cus_VIm960vy01Yzte,34,Male,Switzerland,160640,584,4,pm_1UIAbEIIYr8v36zpDsZARmx4,visa,credit,False,72111,Contactless,merchant_182820,Lisbon,Lisbon,82150,5541,pi_3UIAbEIIYr8v36zp1YAbYC5K,1790010112,422431,usd,
cus_VIm94wMYvA8ARK,28,Male,Denmark,23130,709,4,pm_1UIAbFIIYr8v36zpJ72w7Gwe,visa,credit,True,37732,Contactless,merchant_435662,Porto,Porto,76857,5999,pi_3UIAbGIIYr8v36zp1Bja3UVu,1790010114,467957,usd,
cus_VIm9ooe39vCXJs,56,Female,Norway,59830,766,4,pm_1UIAbHIIYr8v36zp35FqN619,visa,credit,False,16393,Online,merchant_582006,Geneva,Geneva,68347,5999,pi_3UIAbHIIYr8v36zp0omyMKa9,1790010115,336841,eur,
cus_VIm9KyYQjxXL5K,48,Male,France,142250,656,5,pm_1UIAbJIIYr8v36zpqgRUNVFX,visa,credit,True,86961,Chip,merchant_755671,Warsaw,Masovian,45338,5541,pi_3UIAbJIIYr8v36zp1t5XzT0N,1790010117,140329,usd,
cus_VIm9FZ2TeCq12C,56,Female,Ireland,190287,545,5,pm_1UIAbKIIYr8v36zpjFPBKL75,visa,credit,False,10867,Swipe,merchant_103494,Prague,Prague,24390,5411,pi_3UIAbLIIYr8v36zp1e9LDCWM,1790010119,488533,eur,
cus_VIm9Nsc0DgSuIb,39,Female,Sweden,77317,771,5,pm_1UIAbMIIYr8v36zpAoWRQDeU,visa,credit,True,76913,Chip,merchant_818709,Stockholm,Stockholm,74138,4111,pi_3UIAbMIIYr8v36zp1SelQ1Ht,1790010120,362780,usd,
cus_VIm93jgIMBEeJc,60,Female,Luxembourg,197652,619,1,pm_1UIAbOIIYr8v36zpRTvcSTQN,visa,credit,False,42404,Online,merchant_790165,Dublin,Leinster,66590,4111,pi_3UIAbOIIYr8v36zp1kEOroav,1790010122,92398,usd,
cus_VIm9Sgc6NqPL0k,37,Male,Finland,83109,301,5,pm_1UIAbPIIYr8v36zphYBsC9QG,visa,credit,True,91295,Swipe,merchant_286209,Naples,Campania,85622,5812,pi_3UIAbQIIYr8v36zp1176z5gZ,1790010124,251311,usd,
cus_VIm9sCG3hOua9n,28,Male,Finland,103872,776,4,pm_1UIAbRIIYr8v36zpuSobtn50,visa,credit,True,38742,Contactless,merchant_189475,Marseille,Provence-Alpes-Côte d'Azur,27979,5999,pi_3UIAbRIIYr8v36zp1Rk5Hap5,1790010125,105544,eur,
cus_VIm9LosJjSlbav,52,Male,Austria,110277,440,2,pm_1UIAbSIIYr8v36zpWrZl7AlK,visa,credit,True,85056,Online,merchant_713407,Vienna,Vienna,69267,5541,pi_3UIAbTIIYr8v36zp09IAp5pO,1790010127,492589,eur,
cus_VIm9qtVbuu1J2y,41,Female,Norway,28231,815,4,pm_1UIAbUIIYr8v36zpDL6kMdI9,visa,credit,True,19866,Online,merchant_735303,Milan,Lombardy,33039,5999,pi_3UIAbUIIYr8v36zp0003jvH5,1790010128,377138,usd,
cus_VIm9W1exdMbxBB,31,Female,Austria,71782,388,4,pm_1UIAbWIIYr8v36zp5OnYsCPG,visa,credit,False,59316,Chip,merchant_834485,Amsterdam,North Holland,46247,5812,pi_3UIAbWIIYr8v36zp14Ce8AXh,1790010130,394329,usd,
cus_VIm9uaQCAavTHi,47,Female,Finland,41205,572,5,pm_1UIAbXIIYr8v36zpHBYomm62,visa,credit,True,40720,Chip,merchant_994580,Hamburg,Hamburg,16346,5999,pi_3UIAbYIIYr8v36zp1dxlMfJd,1790010132,445871,eur,
cus_VIm9QSO3rNkAeA,58,Male,Spain,67423,626,3,pm_1UIAbZIIYr8v36zppaYuP823,visa,credit,True,12094,Contactless,merchant_714018,Berlin,Berlin,74928,4111,pi_3UIAbZIIYr8v36zp10PitZke,1790010133,120033,usd,
cus_VIm9Omh0vn7moc,27,Female,Denmark,99652,633,3,pm_1UIAbaIIYr8v36zprLovgWef,visa,credit,True,28231,Swipe,merchant_998113,Madrid,Community of Madrid,38034,5999,pi_3UIAbbIIYr8v36zp0hGtOSyG,1790010135,414680,eur,
cus_VIm9DwQu5qcyYm,52,Male,Poland,104933,748,2,pm_1UIAbcIIYr8v36zpQ4EZgHwV,visa,credit,False,94948,Online,merchant_240776,Vienna,Vienna,52002,5311,pi_3UIAbcIIYr8v36zp18diiULT,1790010136,479221,usd,
cus_VIm9vy8jzHmUmT,62,Male,Czech Republic,83106,780,5,pm_1UIAbdIIYr8v36zp3ARAOJ8O,visa,credit,False,89439,Swipe,merchant_915221,Stockholm,Stockholm,17235,5411,pi_3UIAbeIIYr8v36zp1wuNqw2v,1790010138,279197,usd,
cus_VIm9un3SBIK3ju,75,Male,Denmark,134899,820,1,pm_1UIAbfIIYr8v36zpZEXX4Y9j,visa,credit,True,22889,Chip,merchant_273339,Geneva,Geneva,43086,4111,pi_3UIAbfIIYr8v36zp1SBZ9h0c,1790010139,266138,eur,
cus_VImAhXaxMKMjCU,50,Male,Italy,64814,532,3,pm_1UIAbhIIYr8v36zpv4aqQgej,visa,credit,False,40916,Contactless,merchant_439456,Miami,Florida,96154,5812,pi_3UIAbhIIYr8v36zp0KcNzlrS,1790010141,487793,usd,
cus_VImAcbqD304qqu,58,Female,Austria,111665,519,1,pm_1UIAbiIIYr8v36zpkymVm6Ss,visa,credit,True,55936,Contactless,merchant_104336,Porto,Porto,41747,4111,pi_3UIAbiIIYr8v36zp0mT1nDY0,1790010143,202436,eur,
cus_VImA8kCx769YYm,22,Female,Poland,48329,698,2,pm_1UIAbkIIYr8v36zps16fXgJN,visa,credit,False,64415,Online,merchant_623482,Hamburg,Hamburg,21677,5541,pi_3UIAbkIIYr8v36zp12vJhKan,1790010144,139211,eur,
cus_VImAWs1aWCbbk4,19,Male,Portugal,43054,684,2,pm_1UIAblIIYr8v36zp3y9h42un,visa,credit,True,56417,Chip,merchant_804416,Rotterdam,South Holland,29670,5732,pi_3UIAblIIYr8v36zp1bA3w8fC,1790010146,42651,usd,
cus_VImAISX45jE2kD,25,Female,Czech Republic,21097,364,3,pm_1UIAbnIIYr8v36zp3nFGlMCa,visa,credit,False,75271,Swipe,merchant_215942,Houston,Texas,43398,4111,pi_3UIAbnIIYr8v36zp0SdrlJIk,1790010147,262922,eur,
cus_VImAnKE8YkujYI,67,Male,Finland,117360,376,3,pm_1UIAboIIYr8v36zpaCgsWreD,visa,credit,False,84136,Online,merchant_287985,Lyon,Auvergne-Rhône-Alpes,83178,5912,pi_3UIAbpIIYr8v36zp0GBI5chi,1790010149,154517,eur,
cus_VImAOdmhjkM7VH,47,Female,Switzerland,154615,641,3,pm_1UIAbqIIYr8v36zp9Xic7Ypu,visa,credit,True,68796,Online,merchant_600982,Paris,Île-de-France,46999,5732,pi_3UIAbrIIYr8v36zp0K1htNbr,1790010151,343032,eur,
cus_VImAw9iPoYoPaK,57,Female,Sweden,74876,716,1,pm_1UIAbsIIYr8v36zp84S3r7lA,visa,credit,True,1858,Chip,merchant_381457,Chicago,Illinois,23181,5999,pi_3UIAbtIIYr8v36zp1YNRQkjC,1790010153,17421,eur,
cus_VImAbYZ4i3Fx1G,34,Male,Switzerland,179936,808,5,pm_1UIAbuIIYr8v36zpgIfyG4Cg,visa,credit,False,96538,Online,merchant_600883,Los Angeles,California,83415,5541,pi_3UIAbuIIYr8v36zp1sspga4H,1790010154,370350,usd,
cus_VImA6y3YRf79xm,58,Female,Austria,104837,660,1,pm_1UIAbvIIYr8v36zpLMhuyoUA,visa,credit,False,6856,Swipe,merchant_782984,Miami,Florida,28929,5732,pi_3UIAbvIIYr8v36zp0OqyYXoj,1790010156,216893,usd,
cus_VImAckFymocs46,63,Female,Portugal,162218,698,2,pm_1UIAbxIIYr8v36zpw9SRzy0B,visa,credit,True,19831,Online,merchant_543018,New York,New York,18052,5999,pi_3UIAbxIIYr8v36zp1L1WL8o9,1790010157,4235,eur,
cus_VImAmkbF0vdTVC,30,Female,Norway,170419,372,3,pm_1UIAbyIIYr8v36zptqUeF0O5,visa,credit,False,53550,Swipe,merchant_710850,Brussels,Brussels,62524,5912,pi_3UIAbzIIYr8v36zp1wOjpBjJ,1790010159,418147,eur,
cus_VImALTbyaJ1IQT,22,Female,Switzerland,43270,527,3,pm_1UIAc0IIYr8v36zpDA0KvIZV,visa,credit,True,37333,Contactless,merchant_899505,Los Angeles,California,39306,4111,pi_3UIAc1IIYr8v36zp03ohggHA,1790010161,346925,eur,
cus_VImAqpAu0LRGfh,51,Male,France,63644,400,5,pm_1UIAc2IIYr8v36zpCLiCI4he,visa,credit,True,77991,Online,merchant_138036,Lisbon,Lisbon,35874,4111,pi_3UIAc2IIYr8v36zp0naIrv7G,1790010162,436300,usd,
cus_VImAY7VGdSIabg,44,Female,Sweden,75686,687,2,pm_1UIAc3IIYr8v36zpaxCrfrDN,visa,credit,False,81420,Chip,merchant_868290,Brussels,Brussels,96325,5311,pi_3UIAc4IIYr8v36zp0NeFtjQy,1790010164,289522,eur,
cus_VImA8i0APTqpyB,62,Male,Switzerland,157986,514,2,pm_1UIAc5IIYr8v36zpV9jP3kfl,visa,credit,False,15486,Contactless,merchant_235462,Copenhagen,Capital Region,99578,5999,pi_3UIAc6IIYr8v36zp1s2xvOmT,1790010166,258268,usd,
cus_VImAP0LO8rOUvW,63,Female,Portugal,112732,432,5,pm_1UIAc7IIYr8v36zpaycLQoxl,visa,credit,True,32003,Swipe,merchant_646526,Chicago,Illinois,81475,4111,pi_3UIAc7IIYr8v36zp05ZTd8ud,1790010167,11368,eur,
cus_VImAro3Qdj1sH0,28,Male,Norway,121909,410,1,pm_1UIAc8IIYr8v36zpOtuWAXlQ,visa,credit,False,58479,Swipe,merchant_185326,Amsterdam,North Holland,48377,5999,pi_3UIAc8IIYr8v36zp1vR1DZPt,1790010168,230036,usd,
cus_VImAxS44gq47Ky,20,Female,Finland,149557,835,4,pm_1UIAcAIIYr8v36zpeLeVTPrN,visa,credit,True,84531,Online,merchant_259401,Vienna,Vienna,35693,4111,pi_3UIAcAIIYr8v36zp1srsXfJ8,1790010170,108273,usd,
cus_VImA23dttfGHt7,51,Female,Germany,87096,551,5,pm_1UIAcBIIYr8v36zpoxFUfzDR,visa,credit,False,22984,Online,merchant_710438,Warsaw,Masovian,58146,5311,pi_3UIAcCIIYr8v36zp1xSZj3JG,1790010172,354254,eur,
cus_VImAlvzh61sNfg,79,Male,Luxembourg,48878,626,3,pm_1UIAcDIIYr8v36zpX4yQZBzQ,visa,credit,True,52841,Chip,merchant_421252,Chicago,Illinois,14997,5912,pi_3UIAcDIIYr8v36zp0syJaix4,1790010173,397728,usd,
cus_VImAWzqSiWuZJm,37,Female,Finland,87691,666,1,pm_1UIAcEIIYr8v36zpIBA6Ufyj,visa,credit,False,26548,Chip,merchant_883570,Rotterdam,South Holland,26582,5999,pi_3UIAcFIIYr8v36zp1B0Xx23e,1790010175,483070,eur,
cus_VImAXvV7S30odb,39,Male,Ireland,198690,645,3,pm_1UIAcGIIYr8v36zp96DYphjl,visa,credit,True,74067,Chip,merchant_220297,Marseille,Provence-Alpes-Côte d'Azur,66920,5999,pi_3UIAcGIIYr8v36zp1fl9kZ1t,1790010176,301564,usd,
cus_VImAWTQEHUloAG,47,Female,Italy,51575,565,1,pm_1UIAcHIIYr8v36zp70IvYbQV,visa,credit,False,3325,Contactless,merchant_119997,Naples,Campania,80177,5912,pi_3UIAcIIIYr8v36zp11Jr8cot,1790010178,386682,eur,
cus_VImArx7qt6IAHq,53,Male,Poland,142673,656,2,pm_1UIAcJIIYr8v36zpKZdRhiSa,visa,credit,True,35929,Contactless,merchant_552787,Seattle,Washington,79886,5411,pi_3UIAcJIIYr8v36zp1TxIYDs9,1790010180,155493,eur,
cus_VImA8Ea5sRLi2j,77,Male,Czech Republic,157658,738,5,pm_1UIAcLIIYr8v36zp0qmYNWGX,visa,credit,False,57406,Chip,merchant_786007,Porto,Porto,89305,5732,pi_3UIAcLIIYr8v36zp1q1020Ah,1790010181,382450,eur,
cus_VImAyRrR80Gipe,67,Male,Czech Republic,97687,406,4,pm_1UIAcMIIYr8v36zpwyO8gdE8,visa,credit,False,36158,Swipe,merchant_615480,Paris,Île-de-France,41946,5411,pi_3UIAcNIIYr8v36zp1U1810xO,1790010183,200509,usd,
cus_VImAGaBcTviMS4,26,Male,Czech Republic,137322,555,1,pm_1UIAcOIIYr8v36zpgHGSomP3,visa,credit,False,54554,Chip,merchant_612905,Miami,Florida,23488,5541,pi_3UIAcOIIYr8v36zp0B7QUFt5,1790010185,345470,usd,
cus_VImA4LXkSUap1T,48,Female,Poland,141511,795,2,pm_1UIAcQIIYr8v36zpwuT8tfMA,visa,credit,False,34327,Online,merchant_715262,Dublin,Leinster,21579,5411,pi_3UIAcQIIYr8v36zp125EOUu8,1790010186,456925,eur,
cus_VImAi998lIdeWW,29,Male,France,117510,549,1,pm_1UIAcRIIYr8v36zpXkMxGIdL,visa,credit,True,6403,Swipe,merchant_761325,Dublin,Leinster,52516,5411,pi_3UIAcSIIYr8v36zp02ySCNCD,1790010188,160111,eur,
cus_VImAa4A2zapc0f,61,Female,Norway,116622,719,4,pm_1UIAcTIIYr8v36zpHLCxpenr,visa,credit,False,562,Online,merchant_804045,Munich,Bavaria,46940,5541,pi_3UIAcTIIYr8v36zp1p6c89yA,1790010189,151003,usd,
cus_VImAhCa1vJdg2p,61,Male,France,58055,562,5,pm_1UIAcVIIYr8v36zpJEoD4599,visa,credit,False,72944,Swipe,merchant_612163,Madrid,Community of Madrid,72151,5411,pi_3UIAcVIIYr8v36zp05OzlSUE,1790010191,464193,eur,
cus_VImAdnp3bXJKq4,50,Male,Denmark,31027,635,3,pm_1UIAcWIIYr8v36zpL3cTzJue,visa,credit,False,1950,Online,merchant_117316,Hamburg,Hamburg,99355,5411,pi_3UIAcXIIYr8v36zp02tVdpy5,1790010193,439226,eur,
cus_VImAJfTMVGDgrf,75,Male,Poland,101185,783,5,pm_1UIAcYIIYr8v36zpqlCyXm3o,visa,credit,False,34705,Chip,merchant_288934,Stockholm,Stockholm,66182,5999,pi_3UIAcYIIYr8v36zp1OHSkH3E,1790010194,249735,eur,
cus_VImAoXpLWrv8j3,27,Male,Portugal,51292,521,5,pm_1UIAcZIIYr8v36zpi6SzO52b,visa,credit,True,46272,Chip,merchant_717455,Vienna,Vienna,97537,5912,pi_3UIAcaIIYr8v36zp1Lzg76d6,1790010196,145092,usd,
cus_VImAmecjJW73m7,24,Female,Poland,151250,692,3,pm_1UIAcbIIYr8v36zpt29XoWrG,visa,credit,False,46933,Swipe,merchant_256532,Marseille,Provence-Alpes-Côte d'Azur,92790,5812,pi_3UIAcbIIYr8v36zp1L4K4W3l,1790010197,411179,eur,
cus_VImAeCWqYpLTVs,78,Male,United States,145321,728,4,pm_1UIAcdIIYr8v36zpxTnuOupA,visa,credit,False,69798,Chip,merchant_534283,Marseille,Provence-Alpes-Côte d'Azur,68314,5999,pi_3UIAcdIIYr8v36zp0pze2V0a,1790010199,38730,eur,
cus_VImBbe6tIyYEV3,80,Female,United States,59877,838,2,pm_1UIAceIIYr8v36zpChTfcHQS,visa,credit,True,67460,Online,merchant_263570,Hamburg,Hamburg,45462,5999,pi_3UIAcfIIYr8v36zp088LyRon,1790010201,338194,usd,
cus_VImBLpNKGbLzcJ,37,Male,Sweden,99145,481,1,pm_1UIAcgIIYr8v36zpjC1RzRPN,visa,credit,False,78819,Contactless,merchant_348594,Oslo,Oslo,87415,5311,pi_3UIAchIIYr8v36zp0hgRr3jS,1790010203,411277,usd,
cus_VImBKhwN7YiRdL,41,Female,Austria,33272,740,1,pm_1UIAciIIYr8v36zpctEJSKV4,visa,credit,False,82385,Online,merchant_405197,Stockholm,Stockholm,95876,5812,pi_3UIAciIIYr8v36zp0wsWzQry,1790010204,35864,eur,
cus_VImBc1CT9K03r1,59,Male,Sweden,81287,379,3,pm_1UIAckIIYr8v36zpHLnWU9eh,visa,credit,False,18272,Chip,merchant_223679,Marseille,Provence-Alpes-Côte d'Azur,29393,5812,pi_3UIAckIIYr8v36zp0RExbefZ,1790010206,473384,eur,
cus_VImB58ZdObCzzI,67,Male,Austria,186177,372,4,pm_1UIAclIIYr8v36zpoTzarvpt,visa,credit,False,38655,Chip,merchant_981090,Stockholm,Stockholm,37084,5541,pi_3UIAcmIIYr8v36zp1dUNqswS,1790010208,40175,eur,
cus_VImBFjAL74x7mS,60,Female,Netherlands,133159,770,1,pm_1UIAcnIIYr8v36zpGd4TXhDr,visa,credit,False,34097,Online,merchant_537338,Vienna,Vienna,13601,4111,pi_3UIAcoIIYr8v36zp1mk0miv9,1790010210,40470,usd,
cus_VImBOrGSVkX7ZG,66,Male,Germany,126234,844,1,pm_1UIAcpIIYr8v36zpThHkbCx6,visa,credit,True,6470,Contactless,merchant_484064,Vienna,Vienna,52623,5311,pi_3UIAcpIIYr8v36zp1dvFvYWN,1790010211,362922,eur,
cus_VImBSJ73etUQ4M,41,Female,Finland,66342,693,2,pm_1UIAcqIIYr8v36zpvPtLqRje,visa,credit,False,39057,Swipe,merchant_721609,Los Angeles,California,17295,5411,pi_3UIAcrIIYr8v36zp0Y8jMLQS,1790010213,187956,eur,
cus_VImBlPn6kA9cgb,63,Female,Italy,176151,831,3,pm_1UIAcsIIYr8v36zpvn3IKuBM,visa,credit,False,5385,Chip,merchant_249074,Porto,Porto,88661,5999,pi_3UIAcsIIYr8v36zp0O8HGlGB,1790010214,437240,eur,
cus_VImBTKuKWltBhp,58,Male,Switzerland,193050,806,5,pm_1UIActIIYr8v36zp2NWLt3Yz,visa,credit,False,91771,Contactless,merchant_936853,Houston,Texas,75554,5999,pi_3UIAcuIIYr8v36zp1sRoToah,1790010216,124831,usd,
cus_VImBi9j9YQiwdU,47,Female,Portugal,57962,351,5,pm_1UIAcvIIYr8v36zpMOOC5JXU,visa,credit,False,53838,Online,merchant_497758,Miami,Florida,65130,5999,pi_3UIAcvIIYr8v36zp0N9uiTLE,1790010217,142785,eur,
cus_VImBQipeWrfU7R,72,Female,France,140347,563,4,pm_1UIAcwIIYr8v36zp35pmLkLc,visa,credit,True,16218,Chip,merchant_384048,Copenhagen,Capital Region,45975,5311,pi_3UIAcxIIYr8v36zp1ku2XDXs,1790010219,95382,eur,
cus_VImBltUFyvM2sn,41,Female,Finland,138628,568,3,pm_1UIAcyIIYr8v36zpdfGE0NAD,visa,credit,False,45868,Swipe,merchant_588671,Rome,Lazio,18223,4111,pi_3UIAczIIYr8v36zp1jkrfDIt,1790010221,258800,usd,
cus_VImB6JmeBFWpJ9,27,Male,Czech Republic,107633,504,2,pm_1UIAd0IIYr8v36zppB7m9BNx,visa,credit,False,81179,Chip,merchant_673885,Milan,Lombardy,67411,5541,pi_3UIAd0IIYr8v36zp0QeLWNti,1790010223,193751,eur,
cus_VImB3mvIgHqXCN,23,Male,Denmark,31625,644,3,pm_1UIAd2IIYr8v36zpj8O8uQlc,visa,credit,False,52602,Swipe,merchant_533517,Brussels,Brussels,20986,4111,pi_3UIAd2IIYr8v36zp0jzk0TGY,1790010224,218860,eur,
cus_VImBJkB5gN7hoz,68,Female,Spain,104704,478,4,pm_1UIAd3IIYr8v36zpcU7utNYF,visa,credit,True,47646,Swipe,merchant_422895,Zurich,Zurich,25969,5311,pi_3UIAd3IIYr8v36zp06MWpcxI,1790010226,155277,eur,
cus_VImBAAnLz45BFx,64,Male,Italy,155061,353,1,pm_1UIAd5IIYr8v36zpELGTNZ8u,visa,credit,False,11802,Contactless,merchant_688610,Paris,Île-de-France,85253,5912,pi_3UIAd5IIYr8v36zp11Z7aU2Z,1790010227,135513,eur,
cus_VImB5XCnOgD6iD,77,Female,Luxembourg,169244,366,5,pm_1UIAd6IIYr8v36zpkFvDZKrn,visa,credit,False,44270,Contactless,merchant_689621,Miami,Florida,43774,5311,pi_3UIAd7IIYr8v36zp0kc0lDQp,1790010229,271106,eur,
cus_VImBE3qcNw7oq6,51,Male,Austria,140239,306,4,pm_1UIAd8IIYr8v36zpMK2zq53R,visa,credit,True,38521,Contactless,merchant_178007,Vienna,Vienna,38170,5732,pi_3UIAd8IIYr8v36zp0JAMoLSv,1790010230,135942,usd,
cus_VImBzO8PA2TcJ8,49,Female,Norway,47583,495,3,pm_1UIAd9IIYr8v36zpJGgaUUYf,visa,credit,False,59873,Online,merchant_216348,Madrid,Community of Madrid,82010,5912,pi_3UIAdAIIYr8v36zp1EYdEdwO,1790010232,115846,eur,
cus_VImB1Pr4icUWsg,57,Male,France,161354,416,4,pm_1UIAdBIIYr8v36zpQ8kqAkXn,visa,credit,False,50530,Chip,merchant_633811,Berlin,Berlin,83554,5912,pi_3UIAdBIIYr8v36zp0GX11nga,1790010233,30458,usd,
cus_VImBamIFbe8W0D,20,Female,Belgium,57872,691,2,pm_1UIAdDIIYr8v36zpvA0Xc8Fn,visa,credit,False,94506,Swipe,merchant_633639,Zurich,Zurich,43394,5912,pi_3UIAdDIIYr8v36zp1SX8k2uN,1790010235,34533,usd,
cus_VImBCxQbSXWCJE,58,Male,Netherlands,183137,687,2,pm_1UIAdEIIYr8v36zpnA5glGjM,visa,credit,False,47040,Online,merchant_479787,Madrid,Community of Madrid,46898,5999,pi_3UIAdEIIYr8v36zp0ZObt50H,1790010236,108077,eur,
cus_VImBnlLfI6GlzU,57,Female,Italy,66762,317,3,pm_1UIAdGIIYr8v36zppUxvsAUs,visa,credit,False,14086,Online,merchant_158306,Munich,Bavaria,34991,5311,pi_3UIAdGIIYr8v36zp1A7BdmO9,1790010238,295443,eur,
cus_VImBqz1MNbaSXh,21,Female,Norway,24543,750,1,pm_1UIAdHIIYr8v36zpJNqXfeaR,visa,credit,False,39803,Online,merchant_723207,Warsaw,Masovian,69827,5912,pi_3UIAdHIIYr8v36zp0aGnzcHf,1790010239,322087,usd,
cus_VImB7vNclXxBd8,46,Female,Belgium,76795,345,2,pm_1UIAdJIIYr8v36zpAtjFiwBx,visa,credit,True,64241,Contactless,merchant_602953,Helsinki,Uusimaa,37654,5541,pi_3UIAdJIIYr8v36zp1qeUyCjT,1790010241,27506,eur,
cus_VImBy87nZDup4W,43,Male,United States,183477,332,4,pm_1UIAdKIIYr8v36zptB6FsYFA,visa,credit,False,48081,Online,merchant_424207,Paris,Île-de-France,20600,5912,pi_3UIAdLIIYr8v36zp0TapCMKS,1790010243,41322,eur,
cus_VImBzWbcsrSNBS,79,Male,Portugal,21833,823,5,pm_1UIAdMIIYr8v36zp19r2DDFr,visa,credit,False,57543,Online,merchant_208524,Lisbon,Lisbon,87547,5541,pi_3UIAdNIIYr8v36zp03LDGwXl,1790010245,447682,eur,
cus_VImB30jAuCYgeQ,40,Female,Finland,131091,491,1,pm_1UIAdOIIYr8v36zp8ILlJk0b,visa,credit,True,1089,Chip,merchant_785615,Prague,Prague,86828,5311,pi_3UIAdPIIYr8v36zp0Wymj5wn,1790010247,417235,eur,
cus_VImB8Bu53s08oa,78,Male,Ireland,149652,506,1,pm_1UIAdQIIYr8v36zpYlgY25Y1,visa,credit,False,29398,Swipe,merchant_453232,Porto,Porto,30744,5311,pi_3UIAdQIIYr8v36zp1u2CJm1a,1790010248,224669,usd,
cus_VImBeFqNN32r7D,20,Female,Finland,191635,653,3,pm_1UIAdRIIYr8v36zpzSgPxv1R,visa,credit,True,88548,Online,merchant_934285,Hamburg,Hamburg,18700,5912,pi_3UIAdSIIYr8v36zp0VeyNbPL,1790010250,368867,eur,
cus_VImBIn5WUBPmKl,38,Female,Norway,87906,407,2,pm_1UIAdTIIYr8v36zpbbmPwCYa,visa,credit,True,19655,Contactless,merchant_342639,Houston,Texas,15358,5541,pi_3UIAdTIIYr8v36zp14sBp5VH,1790010251,189882,usd,
cus_VImBuYDgOKo3T8,46,Male,Poland,52667,686,2,pm_1UIAdUIIYr8v36zpjCkDmR84,visa,credit,False,71670,Swipe,merchant_217640,Boston,Massachusetts,56785,5411,pi_3UIAdVIIYr8v36zp0qyQ6qpt,1790010253,64175,eur,
cus_VImBzisWHNL2uZ,74,Female,Netherlands,107138,430,2,pm_1UIAdWIIYr8v36zp8lSoCxzv,visa,credit,True,52100,Swipe,merchant_585746,Zurich,Zurich,66634,4111,pi_3UIAdWIIYr8v36zp0dA6KDZk,1790010254,104417,eur,
cus_VImBADKS8KIdjs,45,Female,United States,130406,746,5,pm_1UIAdXIIYr8v36zp9u4FXCrC,visa,credit,False,7985,Online,merchant_978240,Zurich,Zurich,24154,5411,pi_3UIAdYIIYr8v36zp1JYbeJjd,1790010256,178115,eur,
cus_VImBeqTGysdlXk,44,Female,Switzerland,174313,735,4,pm_1UIAdZIIYr8v36zp5aYk1grz,visa,credit,True,27424,Chip,merchant_121917,Seattle,Washington,34686,5411,pi_3UIAdZIIYr8v36zp1SlTTjCx,1790010257,25822,usd,
cus_VImBBrkwhgvyE7,32,Female,Switzerland,190067,497,5,pm_1UIAdbIIYr8v36zpOA2NAtJv,visa,credit,True,36575,Contactless,merchant_684649,Marseille,Provence-Alpes-Côte d'Azur,50562,5912,pi_3UIAdbIIYr8v36zp0IK9I9lO,1790010259,78550,eur,
cus_VImCm3uGbBGeP0,67,Male,Ireland,64136,575,5,pm_1UIAdcIIYr8v36zp2y7AWTQg,visa,credit,False,23945,Contactless,merchant_374551,Helsinki,Uusimaa,90644,5912,pi_3UIAddIIYr8v36zp1XER40GH,1790010261,433621,eur,
cus_VImCCcKb7orsqj,58,Male,Austria,140846,480,3,pm_1UIAdeIIYr8v36zpdxLkRRa3,visa,credit,False,68713,Contactless,merchant_981921,Porto,Porto,20302,5912,pi_3UIAdeIIYr8v36zp0VmYJtX1,1790010262,284275,usd,
cus_VImChghc8IO8BF,61,Female,France,151942,350,1,pm_1UIAdfIIYr8v36zpzIchh5WT,visa,credit,True,89940,Swipe,merchant_444519,Zurich,Zurich,62337,5311,pi_3UIAdgIIYr8v36zp1I6UugMO,1790010264,420985,usd,
cus_VImCBL6cwkY1WC,36,Female,Czech Republic,91120,563,5,pm_1UIAdhIIYr8v36zpAEgYivQq,visa,credit,True,21699,Online,merchant_218230,Miami,Florida,19589,5732,pi_3UIAdiIIYr8v36zp12NO7O5G,1790010266,424754,eur,
cus_VImC56QDASJCq7,42,Male,Italy,172763,605,2,pm_1UIAdjIIYr8v36zpSWFTj9Wp,visa,credit,True,56696,Chip,merchant_762750,Lisbon,Lisbon,67787,5812,pi_3UIAdjIIYr8v36zp1eTWpgm3,1790010267,132772,usd,
cus_VImCjfV39VqhkI,71,Male,Poland,89851,420,5,pm_1UIAdkIIYr8v36zptotnRtly,visa,credit,True,15221,Contactless,merchant_727543,Rotterdam,South Holland,94443,5541,pi_3UIAdlIIYr8v36zp113KO8kh,1790010269,121078,eur,
cus_VImC5i3XRp0kpn,22,Male,Norway,94706,625,2,pm_1UIAdmIIYr8v36zptmpclNom,visa,credit,False,24648,Chip,merchant_129087,Porto,Porto,45310,5912,pi_3UIAdmIIYr8v36zp1E0SpNuF,1790010270,180296,eur,
cus_VImCjowj0Tv3d7,47,Female,United States,193949,630,2,pm_1UIAdnIIYr8v36zpVEnrmEwf,visa,credit,True,56084,Online,merchant_673223,Miami,Florida,72085,4111,pi_3UIAdnIIYr8v36zp0Tj7k557,1790010271,186498,eur,
cus_VImCAK65rqrMhc,22,Female,Denmark,93969,479,3,pm_1UIAdpIIYr8v36zpkvgZzct9,visa,credit,False,36878,Contactless,merchant_354743,Vienna,Vienna,34770,5311,pi_3UIAdpIIYr8v36zp1cdyiVjP,1790010273,148718,usd,
cus_VImCnpr9GVaBMV,45,Male,Spain,97669,741,2,pm_1UIAdqIIYr8v36zp12S3fhAS,visa,credit,True,84478,Swipe,merchant_823920,Lisbon,Lisbon,71054,4111,pi_3UIAdqIIYr8v36zp1oopYU2R,1790010274,47960,usd,
cus_VImC3c3ORPJahy,33,Female,Spain,105843,576,2,pm_1UIAdsIIYr8v36zpWUHrBRwf,visa,credit,False,77963,Contactless,merchant_464841,Geneva,Geneva,40017,4111,pi_3UIAdsIIYr8v36zp0UU5FSlT,1790010276,154290,usd,
cus_VImCMXfQC7xTXY,50,Male,Italy,58318,594,2,pm_1UIAdtIIYr8v36zpFAX8UUe6,visa,credit,False,80067,Online,merchant_642685,Warsaw,Masovian,30873,5732,pi_3UIAduIIYr8v36zp1FEUbe8d,1790010278,83660,usd,
cus_VImCI07rzjkZTh,56,Female,Luxembourg,85512,846,1,pm_1UIAdvIIYr8v36zpCA5hvNrR,visa,credit,False,10560,Chip,merchant_712744,Warsaw,Masovian,78874,5411,pi_3UIAdwIIYr8v36zp0zjrhdOa,1790010280,230543,usd,
cus_VImCa5w7ectKa6,34,Female,Portugal,52777,362,2,pm_1UIAdxIIYr8v36zpmkIpNryL,visa,credit,False,33722,Contactless,merchant_330862,Berlin,Berlin,56186,5311,pi_3UIAdxIIYr8v36zp141rCGmf,1790010281,202688,eur,
cus_VImCTjNOd0qmRq,31,Female,Switzerland,143596,840,3,pm_1UIAdyIIYr8v36zpxVCG7Pwl,visa,credit,False,51782,Contactless,merchant_476872,Seattle,Washington,13783,5732,pi_3UIAdzIIYr8v36zp0ebS07Fc,1790010283,124764,usd,
cus_VImCcIeVdQfxo8,67,Male,Spain,65708,552,3,pm_1UIAe0IIYr8v36zp6JVJtVE2,visa,credit,True,44664,Contactless,merchant_959936,New York,New York,31369,5999,pi_3UIAe0IIYr8v36zp0xfevNqX,1790010284,209459,usd,
cus_VImCfixPTnYzGY,36,Female,France,163897,754,2,pm_1UIAe1IIYr8v36zpAdWtQguy,visa,credit,False,56074,Online,merchant_807246,Milan,Lombardy,81400,5732,pi_3UIAe2IIYr8v36zp0G0MKxYW,1790010286,182512,eur,
